{"type":"FeatureCollection","features":[{"type":"Feature","properties":{"min_depth":0,"max_depth":2},"geometry":{"type":"Polygon","coordinates":[[[-70.18869791666737,42.69973958333392],[-70.2352745707562,42.69970156157548],[-70.1504166666674,42.699895833333926],[-70.18869791666737,42.69973958333392]]]}},{"type":"Feature","properties":{"min_depth":0,"max_depth":2},"geometry":{"type":"Polygon","coordinates":[[[-70.3801041666672,42.699583333333926],[-70.72463541666687,42.69973958333392],[-70.76291666666684,42.699895833333926],[-70.76343750000018,42.70041666666726],[-70.76453125000018,42.69963541666726],[-70.76765625000016,42.69973958333392],[-70.76859375000016,42.70057291666726],[-70.7688020833335,42.70244791666725],[-70.7695833333335,42.703541666667256],[-70.76927083333351,42.704479166667255],[-70.76791666666684,42.70489583333392],[-70.76947916666683,42.70588541666725],[-70.76953125000017,42.70744791666725],[-70.7688020833335,42.70807291666725],[-70.7688020833335,42.70859375000058],[-70.7694270833335,42.70880208333392],[-70.77052083333349,42.710260416667246],[-70.77197916666682,42.71072916666725],[-70.77203125000017,42.711770833333915],[-70.7713020833335,42.71223958333391],[-70.7713020833335,42.712760416667244],[-70.77276041666683,42.71385416666725],[-70.77307291666683,42.71531250000058],[-70.77442708333349,42.716354166667244],[-70.77468750000016,42.71760416666724],[-70.77614583333349,42.71807291666724],[-70.77640625000016,42.718697916667246],[-70.77703125000016,42.71890625000057],[-70.77703125000016,42.719427083333905],[-70.77625000000016,42.72010416666724],[-70.77781250000015,42.72072916666724],[-70.77890625000016,42.723645833333904],[-70.77953125000016,42.72406250000057],[-70.77953125000016,42.725104166667236],[-70.77880208333349,42.72557291666723],[-70.77880208333349,42.726093750000565],[-70.77942708333349,42.726354166667235],[-70.7798958333335,42.72781250000057],[-70.78114583333348,42.72807291666723],[-70.78192708333349,42.72885416666723],[-70.78223958333349,42.730312500000565],[-70.78359375000015,42.73135416666723],[-70.78473958333349,42.73447916666723],[-70.78541666666682,42.734895833333894],[-70.78463541666682,42.73557291666722],[-70.78468750000015,42.736093750000556],[-70.78614583333348,42.736406250000556],[-70.78692708333348,42.737239583333896],[-70.78723958333349,42.739427083333894],[-70.78875000000015,42.74072916666722],[-70.78708333333348,42.74177083333389],[-70.78864583333348,42.742239583333884],[-70.78942708333348,42.74302083333389],[-70.78963541666681,42.744270833333886],[-70.79036458333348,42.745208333333885],[-70.79057291666682,42.74770833333388],[-70.79119791666682,42.748229166667215],[-70.79140625000015,42.749479166667214],[-70.79203125000015,42.74989583333388],[-70.79223958333348,42.75114583333388],[-70.79291666666681,42.751562500000546],[-70.79213541666681,42.75239583333388],[-70.79213541666681,42.753437500000544],[-70.79442708333347,42.755520833333875],[-70.79473958333348,42.75697916666721],[-70.79609375000014,42.758229166667206],[-70.79656250000015,42.7626041666672],[-70.79791666666681,42.7635416666672],[-70.7977604166668,42.7644791666672],[-70.79708333333348,42.7651041666672],[-70.79843750000015,42.765520833333866],[-70.79890625000014,42.7669791666672],[-70.79953125000014,42.76755208333386],[-70.79953125000014,42.76911458333386],[-70.79875000000014,42.770104166667195],[-70.79942708333347,42.77062500000053],[-70.79973506743752,42.773499518305],[-70.79942708333347,42.772239583333864],[-70.79890625000014,42.771979166667194],[-70.79869791666681,42.770729166667195],[-70.79807291666681,42.77015625000053],[-70.7977604166668,42.7665104166672],[-70.7971354166668,42.76593750000053],[-70.79692708333347,42.764687500000534],[-70.79557291666681,42.7635416666672],[-70.79442708333347,42.75729166666721],[-70.79307291666682,42.756145833333875],[-70.79203125000015,42.75322916666721],[-70.79130208333348,42.75260416666721],[-70.79119791666682,42.751562500000546],[-70.79046875000014,42.750937500000546],[-70.79036458333348,42.74989583333388],[-70.78963541666681,42.74911458333388],[-70.78942708333348,42.74723958333389],[-70.78880208333348,42.74661458333388],[-70.78859375000015,42.74473958333389],[-70.78723958333349,42.743645833333886],[-70.78703125000015,42.74239583333389],[-70.78630208333348,42.74177083333389],[-70.78609375000015,42.74052083333389],[-70.78557291666682,42.740260416667226],[-70.78526041666682,42.73807291666723],[-70.78380208333348,42.73677083333389],[-70.78369791666682,42.73572916666723],[-70.78296875000015,42.734947916667224],[-70.78276041666682,42.73307291666723],[-70.78223958333349,42.73281250000056],[-70.78203125000016,42.731562500000564],[-70.78130208333349,42.730937500000564],[-70.78109375000015,42.729687500000566],[-70.77807291666683,42.726979166667235],[-70.7778645833335,42.725729166667236],[-70.77713541666682,42.725104166667236],[-70.77703125000016,42.72406250000057],[-70.77630208333349,42.72343750000057],[-70.77526041666682,42.72052083333391],[-70.77307291666683,42.71864583333391],[-70.7728645833335,42.71739583333391],[-70.77140625000017,42.71614583333391],[-70.77109375000016,42.71468750000058],[-70.7672395833335,42.711145833333916],[-70.76703125000017,42.70989583333392],[-70.7663020833335,42.709114583333914],[-70.76609375000017,42.70723958333392],[-70.76546875000017,42.70677083333392],[-70.76546875000017,42.705729166667254],[-70.76609375000017,42.70526041666726],[-70.76625000000017,42.704479166667255],[-70.7661458333335,42.70338541666725],[-70.76562500000017,42.70291666666726],[-70.7639583333335,42.70369791666726],[-70.76145833333351,42.703593750000586],[-70.7586458333335,42.700572916667255],[-70.75739583333352,42.70036458333393],[-70.75708333333351,42.699895833333926],[-70.71916666666688,42.69973958333392],[-70.30488318731395,42.69964473821503],[-70.3801041666672,42.699583333333926]]]}},{"type":"Feature","properties":{"min_depth":0,"max_depth":2},"geometry":{"type":"Polygon","coordinates":[[[-70.44890625000046,43.34885416666667],[-70.44875000000046,43.34979166666667],[-70.44437500000046,43.35041666666667],[-70.44392396907264,43.350405927835055],[-70.44791666666713,43.34979166666667],[-70.44776041666712,43.34885416666667],[-70.44541666666713,43.346562500000005],[-70.4478645833338,43.344427083333336],[-70.44807291666713,43.343802083333344],[-70.44859375000046,43.34395833333334],[-70.44890625000045,43.34645833333334],[-70.44968750000046,43.34708333333334],[-70.450770051195,43.34703178327646],[-70.44890625000046,43.34885416666667]]]}},{"type":"Feature","properties":{"min_depth":0,"max_depth":2},"geometry":{"type":"Polygon","coordinates":[[[-70.45786458333379,43.34406250000001],[-70.45760416666712,43.345312500000006],[-70.45670508555177,43.34544736216731],[-70.45692708333378,43.345260416666676],[-70.45713541666711,43.34338541666667],[-70.45718251206429,43.34333495731255],[-70.45786458333379,43.34406250000001]]]}},{"type":"Feature","properties":{"min_depth":0,"max_depth":2},"geometry":{"type":"Polygon","coordinates":[[[-70.48442708333376,43.345312500000006],[-70.48343750000043,43.346197916666675],[-70.48239583333377,43.34630208333334],[-70.48171875000043,43.346927083333334],[-70.47661458333377,43.347239583333334],[-70.4757291666671,43.34791666666667],[-70.47531250000043,43.347239583333334],[-70.4738541666671,43.346927083333334],[-70.4730729166671,43.34609375000001],[-70.4727604166671,43.34390625000001],[-70.47223958333377,43.34364583333334],[-70.47205924192409,43.342563784875196],[-70.47359375000043,43.343854166666674],[-70.4738541666671,43.34510416666667],[-70.4760416666671,43.346250000000005],[-70.47697916666709,43.34609375],[-70.47739583333376,43.34541666666667],[-70.47802083333376,43.34609375],[-70.47895833333376,43.346250000000005],[-70.4797916666671,43.34557291666667],[-70.48270833333376,43.34526041666667],[-70.4832291666671,43.34463541666668],[-70.48447916666709,43.344427083333336],[-70.48472993827203,43.34410108024692],[-70.48442708333376,43.345312500000006]]]}},{"type":"Feature","properties":{"min_depth":0,"max_depth":2},"geometry":{"type":"Polygon","coordinates":[[[-70.58927083333367,43.2445312500001],[-70.590104166667,43.2437500000001],[-70.590729166667,43.2476562500001],[-70.59208333333366,43.24854166666676],[-70.59197916666699,43.249270833333426],[-70.590729166667,43.24968750000009],[-70.590260416667,43.251145833333425],[-70.58958333333366,43.25156250000009],[-70.59125000000033,43.25427083333342],[-70.58973958333367,43.25552083333342],[-70.58927083333367,43.25697916666675],[-70.587916666667,43.25739583333342],[-70.58802083333366,43.25776041666675],[-70.58958333333366,43.25822916666675],[-70.58890625000033,43.25890625000009],[-70.58859375000033,43.261093750000086],[-70.58781250000033,43.26192708333341],[-70.58656250000034,43.26223958333342],[-70.58609375000033,43.264427083333416],[-70.58380208333367,43.266406250000074],[-70.58380208333367,43.26692708333341],[-70.58453125000034,43.267552083333406],[-70.584479166667,43.269114583333405],[-70.58223958333367,43.27052083333341],[-70.582135416667,43.271770833333406],[-70.582916666667,43.27260416666674],[-70.58140625000034,43.27385416666674],[-70.58109375000033,43.27531250000007],[-70.57723958333368,43.27890625000007],[-70.57677083333368,43.281250000000064],[-70.575729166667,43.28041666666673],[-70.575260416667,43.28197916666673],[-70.574479166667,43.282760416666726],[-70.57322916666702,43.282968750000066],[-70.57244791666702,43.28369791666673],[-70.570572916667,43.28390625000006],[-70.56973958333369,43.284843750000064],[-70.56942708333368,43.288489583333394],[-70.56875000000035,43.28906250000006],[-70.56953125000035,43.290052083333386],[-70.56942708333368,43.291614583333384],[-70.56723958333367,43.292239583333384],[-70.56630208333368,43.29322916666672],[-70.56635416666701,43.294270833333385],[-70.56791666666702,43.294895833333385],[-70.56723958333369,43.29567708333339],[-70.56692708333368,43.29932291666672],[-70.56473958333369,43.30135416666671],[-70.56453125000036,43.30260416666671],[-70.56390625000036,43.303125000000044],[-70.56359375000035,43.30604166666671],[-70.56208333333369,43.30739583333337],[-70.56286458333369,43.3080729166667],[-70.56286458333369,43.308593750000036],[-70.56223958333369,43.308854166666706],[-70.5617708333337,43.31031250000004],[-70.56052083333368,43.310729166666704],[-70.56026041666702,43.3119791666667],[-70.55963541666702,43.312239583333366],[-70.5603645833337,43.31359375000003],[-70.55843750000037,43.31536458333337],[-70.5573958333337,43.31536458333337],[-70.55692708333369,43.314635416666704],[-70.55640625000036,43.31468750000003],[-70.55609375000036,43.316145833333366],[-70.55541666666703,43.31656250000003],[-70.55625000000036,43.3176041666667],[-70.55421875000036,43.3180729166667],[-70.55343750000037,43.3202604166667],[-70.5520833333337,43.320729166666695],[-70.5528645833337,43.321406250000024],[-70.5528645833337,43.32192708333336],[-70.5522395833337,43.3221354166667],[-70.55197916666702,43.32276041666669],[-70.55072916666704,43.32302083333336],[-70.55010416666704,43.32458333333336],[-70.54906250000036,43.323750000000025],[-70.54781250000036,43.32526041666669],[-70.54635416666703,43.32557291666669],[-70.54546875000037,43.32656250000002],[-70.54526041666703,43.32781250000002],[-70.5413020833337,43.331406250000015],[-70.54109375000037,43.33203125000002],[-70.54046875000037,43.33223958333335],[-70.54026041666704,43.332864583333354],[-70.53963541666704,43.33307291666668],[-70.5394270833337,43.33369791666669],[-70.53890625000038,43.33369791666669],[-70.53822916666704,43.332916666666684],[-70.53713541666704,43.33390625000001],[-70.53713541666704,43.334427083333345],[-70.53791666666704,43.33510416666668],[-70.53692708333371,43.33609375000001],[-70.53505208333371,43.336197916666684],[-70.53406250000037,43.33541666666668],[-70.53364583333371,43.33677083333335],[-70.53218750000038,43.33723958333334],[-70.53182291666704,43.337760416666676],[-70.52817708333372,43.338072916666675],[-70.52723958333372,43.33885416666668],[-70.52697916666705,43.34010416666668],[-70.52552083333372,43.34057291666667],[-70.52427083333373,43.34208333333334],[-70.52359375000039,43.341406250000006],[-70.5221875000004,43.34125000000001],[-70.52140625000038,43.34156250000001],[-70.5209375000004,43.342916666666675],[-70.51947916666705,43.34208333333334],[-70.51666666666706,43.342916666666675],[-70.51479166666707,43.34276041666667],[-70.51427083333374,43.34208333333334],[-70.51338541666706,43.34276041666667],[-70.50901041666707,43.342864583333345],[-70.50791666666707,43.342604166666675],[-70.50869791666707,43.34192708333334],[-70.50864583333373,43.341406250000006],[-70.50739583333375,43.34119791666668],[-70.5068750000004,43.34057291666667],[-70.50437500000041,43.34052083333334],[-70.5035937500004,43.34177083333334],[-70.50218750000042,43.34208333333334],[-70.5014062500004,43.34192708333334],[-70.49989583333374,43.34041666666668],[-70.49890625000042,43.341354166666676],[-70.49864583333374,43.342604166666675],[-70.49718750000041,43.34307291666667],[-70.49677083333376,43.34369791666668],[-70.49572916666709,43.34369791666668],[-70.49489583333374,43.342916666666675],[-70.49359375000041,43.344427083333336],[-70.49171875000042,43.34463541666668],[-70.49104166666709,43.34526041666667],[-70.49000000000042,43.34541666666667],[-70.48812500000042,43.34526041666667],[-70.48692708333375,43.34390625],[-70.48552083333377,43.34375000000001],[-70.48476851851893,43.344050925925934],[-70.48552083333375,43.34307291666667],[-70.48677083333376,43.342864583333345],[-70.48739583333376,43.34213541666668],[-70.48843750000043,43.34213541666668],[-70.48906250000043,43.342864583333345],[-70.49031250000041,43.34307291666667],[-70.49072916666708,43.34375000000001],[-70.49161458333376,43.34307291666667],[-70.49671875000041,43.34276041666667],[-70.49739583333375,43.34213541666668],[-70.49843750000042,43.341979166666675],[-70.49906250000042,43.34052083333334],[-70.5003125000004,43.34026041666667],[-70.50140625000041,43.33880208333335],[-70.50270833333374,43.337968750000016],[-70.50520833333374,43.338072916666675],[-70.50572916666708,43.33869791666668],[-70.50697916666707,43.33890625000001],[-70.50802083333373,43.34026041666667],[-70.50927083333374,43.340468750000014],[-70.5098437500004,43.341093750000006],[-70.51348958333372,43.341406250000006],[-70.5142187500004,43.34203125000001],[-70.5157812500004,43.34203125000001],[-70.51645833333373,43.341406250000006],[-70.51895833333373,43.34119791666668],[-70.52005208333372,43.340468750000014],[-70.52161458333373,43.34036458333335],[-70.52239583333373,43.33963541666668],[-70.52364583333372,43.33942708333334],[-70.5240625000004,43.33880208333335],[-70.52531250000038,43.33859375000001],[-70.52656250000038,43.33723958333334],[-70.53093750000038,43.33692708333334],[-70.53307291666704,43.334739583333345],[-70.53494791666705,43.33453125000002],[-70.53572916666705,43.33380208333335],[-70.53697916666704,43.33359375000001],[-70.54468750000036,43.32557291666669],[-70.5461458333337,43.32526041666669],[-70.54859375000036,43.322812500000026],[-70.54890625000037,43.321354166666694],[-70.5519270833337,43.31864583333336],[-70.55213541666703,43.317395833333364],[-70.55296875000036,43.31640625000003],[-70.55609375000036,43.3144791666667],[-70.55640625000036,43.31302083333337],[-70.55859375000036,43.31114583333337],[-70.5597395833337,43.30802083333337],[-70.56119791666703,43.306770833333374],[-70.56130208333369,43.30572916666671],[-70.56203125000036,43.30479166666671],[-70.56223958333369,43.30229166666671],[-70.56286458333369,43.30177083333338],[-70.56307291666702,43.30052083333338],[-70.56526041666702,43.298541666666715],[-70.56536458333369,43.29604166666672],[-70.56380208333368,43.29328125000005],[-70.56390625000036,43.29140625000006],[-70.56776041666701,43.28765625000006],[-70.56822916666701,43.28375000000006],[-70.56906250000036,43.282968750000066],[-70.57031250000034,43.282760416666726],[-70.57072916666702,43.28213541666673],[-70.571979166667,43.28192708333339],[-70.57239583333369,43.2813020833334],[-70.57364583333367,43.28109375000006],[-70.57609375000034,43.2786458333334],[-70.57630208333367,43.2773958333334],[-70.577760416667,43.2761458333334],[-70.57807291666701,43.27468750000007],[-70.57942708333367,43.273645833333404],[-70.579635416667,43.272395833333405],[-70.580260416667,43.27197916666674],[-70.58046875000034,43.27072916666674],[-70.58109375000033,43.270312500000074],[-70.58130208333367,43.269062500000075],[-70.58192708333367,43.26864583333341],[-70.582135416667,43.26739583333341],[-70.582760416667,43.266979166666744],[-70.58296875000033,43.265729166666745],[-70.58359375000033,43.26531250000008],[-70.58380208333367,43.26406250000008],[-70.58453125000034,43.26343750000008],[-70.58473958333367,43.26218750000008],[-70.585260416667,43.26192708333342],[-70.58546875000033,43.26005208333341],[-70.58609375000033,43.25942708333342],[-70.58630208333366,43.257552083333415],[-70.58692708333366,43.25692708333342],[-70.587135416667,43.25505208333342],[-70.58786458333367,43.25395833333342],[-70.58796875000033,43.25187500000009],[-70.588697916667,43.25000000000009],[-70.588697916667,43.24583333333343],[-70.58824853650171,43.24442902031691],[-70.58927083333367,43.2445312500001]]]}},{"type":"Feature","properties":{"min_depth":0,"max_depth":2},"geometry":{"type":"Polygon","coordinates":[[[-70.57708333333368,43.21843750000012],[-70.5761060049023,43.21928002450993],[-70.57619791666701,43.21911458333345],[-70.57634431306342,43.21779701576589],[-70.57708333333368,43.21843750000012]]]}},{"type":"Feature","properties":{"min_depth":0,"max_depth":2},"geometry":{"type":"Polygon","coordinates":[[[-70.58036458333368,43.22640625000011],[-70.58036458333368,43.22692708333344],[-70.57985088470353,43.2273722888129],[-70.579479166667,43.22588541666678],[-70.57723958333368,43.22447916666678],[-70.58036458333368,43.22640625000011]]]}},{"type":"Feature","properties":{"min_depth":0,"max_depth":2},"geometry":{"type":"Polygon","coordinates":[[[-70.58119791666701,43.22890625000011],[-70.58053988821172,43.23012830284563],[-70.57999105639765,43.22793297558933],[-70.58119791666701,43.22890625000011]]]}},{"type":"Feature","properties":{"min_depth":0,"max_depth":2},"geometry":{"type":"Polygon","coordinates":[[[-70.58692708333366,43.208593750000134],[-70.58614583333366,43.20942708333346],[-70.5859400684935,43.20947117579921],[-70.58640625000034,43.208020833333464],[-70.58697200829417,43.20778510071103],[-70.58692708333366,43.208593750000134]]]}},{"type":"Feature","properties":{"min_depth":0,"max_depth":2},"geometry":{"type":"Polygon","coordinates":[[[-70.587760416667,43.20145833333347],[-70.587916666667,43.202500000000136],[-70.587760416667,43.204375000000134],[-70.58627105110371,43.20571029326378],[-70.58625000000033,43.205520833333466],[-70.58703125000034,43.203802083333464],[-70.58703125000034,43.2011979166668],[-70.58625000000033,43.19989583333347],[-70.587760416667,43.20145833333347]]]}},{"type":"Feature","properties":{"min_depth":0,"max_depth":2},"geometry":{"type":"Polygon","coordinates":[[[-70.58703125000034,43.20671875000013],[-70.58700309684718,43.207225506756885],[-70.58640625000034,43.20692708333347],[-70.5862769396555,43.20576329023002],[-70.58703125000034,43.20671875000013]]]}},{"type":"Feature","properties":{"min_depth":0,"max_depth":2},"geometry":{"type":"Polygon","coordinates":[[[-70.58723958333367,43.24192708333344],[-70.587760416667,43.242239583333436],[-70.58819115991025,43.24424971846859],[-70.58786458333367,43.243229166666765],[-70.587135416667,43.242291666666766],[-70.587135416667,43.240208333333435],[-70.58714342948751,43.24019631410266],[-70.58723958333367,43.24192708333344]]]}},{"type":"Feature","properties":{"min_depth":0,"max_depth":2},"geometry":{"type":"Polygon","coordinates":[[[-70.60109375000032,43.18510416666682],[-70.60036458333366,43.18609375000015],[-70.59927083333366,43.18708333333348],[-70.59828125000033,43.18630208333349],[-70.59640625000031,43.18640625000015],[-70.59442708333366,43.18869791666682],[-70.59380208333366,43.188906250000144],[-70.59380208333366,43.18942708333348],[-70.59453125000033,43.18989583333348],[-70.59447916666699,43.190937500000146],[-70.59302083333365,43.19140625000014],[-70.59277723456437,43.19168276752204],[-70.59322916666699,43.187916666666816],[-70.59468750000032,43.18640625000015],[-70.59614583333365,43.18609375000015],[-70.59640625000033,43.185468750000155],[-70.59770833333366,43.18619791666682],[-70.59979166666699,43.18619791666682],[-70.6011012883775,43.18503380847969],[-70.60109375000032,43.18510416666682]]]}},{"type":"Feature","properties":{"min_depth":0,"max_depth":2},"geometry":{"type":"Polygon","coordinates":[[[-70.6334375000003,43.13276041666687],[-70.63145833333363,43.133593750000195],[-70.62395833333363,43.1339062500002],[-70.62208333333363,43.1346875000002],[-70.62192708333363,43.1360937500002],[-70.6212500000003,43.136875000000195],[-70.6214062500003,43.137812500000194],[-70.62208333333363,43.138437500000194],[-70.6214062500003,43.13885416666686],[-70.6212500000003,43.13979166666686],[-70.62156250000031,43.14031250000019],[-70.62260416666697,43.14057291666686],[-70.62302083333363,43.14244791666685],[-70.62427083333364,43.143229166666856],[-70.62473958333364,43.14760416666685],[-70.62541666666696,43.148437500000185],[-70.62307291666697,43.15062500000018],[-70.62276041666696,43.15354166666685],[-70.62213541666696,43.15406250000018],[-70.62192708333363,43.15531250000018],[-70.61973958333364,43.15729166666684],[-70.6195312500003,43.15979166666684],[-70.61880208333363,43.16072916666684],[-70.6185937500003,43.16197916666684],[-70.6178125000003,43.162760416666835],[-70.61635416666697,43.16322916666684],[-70.6160937500003,43.16447916666684],[-70.61380208333364,43.166406250000165],[-70.6135937500003,43.16703125000017],[-70.61307291666698,43.16703125000017],[-70.61239583333364,43.16625000000017],[-70.61182291666697,43.167604166666834],[-70.61052083333365,43.167916666666834],[-70.60817708333364,43.16776041666683],[-70.60697916666699,43.16713541666684],[-70.60322916666698,43.1669270833335],[-70.60260416666699,43.166302083333505],[-70.60135416666698,43.166093750000165],[-70.60026041666698,43.1647395833335],[-70.60145833333365,43.166093750000165],[-70.60437500000032,43.166406250000165],[-70.60520833333365,43.16703125000017],[-70.60729166666698,43.16703125000017],[-70.60807291666697,43.166406250000165],[-70.60994791666698,43.16619791666684],[-70.61072916666699,43.16546875000017],[-70.61197916666697,43.16526041666683],[-70.61526041666697,43.16197916666684],[-70.61557291666698,43.16052083333351],[-70.61692708333364,43.15947916666684],[-70.61713541666697,43.15822916666684],[-70.61776041666697,43.157812500000176],[-70.6179687500003,43.15656250000018],[-70.6185937500003,43.15614583333351],[-70.61880208333363,43.15489583333351],[-70.61942708333363,43.154479166666846],[-70.61963541666697,43.15322916666685],[-70.62026041666697,43.152708333333514],[-70.62057291666697,43.14979166666685],[-70.62192708333363,43.14854166666685],[-70.62223958333364,43.14562500000019],[-70.6237500000003,43.14427083333352],[-70.6229687500003,43.14343750000019],[-70.6228125000003,43.142395833333524],[-70.62156250000031,43.14187500000019],[-70.6210937500003,43.13895833333353],[-70.6204687500003,43.138437500000194],[-70.6214062500003,43.134739583333534],[-70.62260416666696,43.133906250000194],[-70.63041666666696,43.1334375000002],[-70.63072916666697,43.1329687500002],[-70.63197916666695,43.13276041666686],[-70.63404284591225,43.13069673742157],[-70.6334375000003,43.13276041666687]]]}},{"type":"Feature","properties":{"min_depth":0,"max_depth":2},"geometry":{"type":"Polygon","coordinates":[[[-70.60281250000031,43.17979166666682],[-70.60156250000033,43.18072916666682],[-70.60119791666699,43.18413194444455],[-70.60119791666699,43.183385416666816],[-70.60041666666699,43.18239583333349],[-70.60109375000032,43.18197916666682],[-70.60140625000032,43.18052083333349],[-70.60276041666698,43.17942708333349],[-70.60280070754749,43.17922562893099],[-70.60281250000031,43.17979166666682]]]}},{"type":"Feature","properties":{"min_depth":0,"max_depth":2},"geometry":{"type":"Polygon","coordinates":[[[-70.6154687500003,42.98859375000033],[-70.6154687500003,42.988072916666994],[-70.6160937500003,42.98786458333367],[-70.61723844903237,42.986523650181816],[-70.61692708333364,42.99015625000033],[-70.61395833333364,42.99291666666699],[-70.61619791666698,42.990781250000325],[-70.61619791666698,42.989218750000326],[-70.6154687500003,42.98859375000033]]]}},{"type":"Feature","properties":{"min_depth":0,"max_depth":2},"geometry":{"type":"Polygon","coordinates":[[[-70.63276041666695,43.12635416666687],[-70.63302083333362,43.12760416666687],[-70.63427083333363,43.12807291666687],[-70.63458333333362,43.12885416666687],[-70.63442708333362,43.12938683712143],[-70.63442708333362,43.12885416666687],[-70.63223958333363,43.12692708333354],[-70.63218649839773,43.125971554487386],[-70.63276041666695,43.12635416666687]]]}},{"type":"Feature","properties":{"min_depth":0,"max_depth":2},"geometry":{"type":"Polygon","coordinates":[[[-70.63359375000029,43.12145833333354],[-70.63375000000029,43.12333333333354],[-70.6334375000003,43.12437500000021],[-70.63229687500029,43.12485026041687],[-70.63276041666695,43.12427083333354],[-70.63309534143546,43.120921585648354],[-70.63359375000029,43.12145833333354]]]}},{"type":"Feature","properties":{"min_depth":0,"max_depth":2},"geometry":{"type":"Polygon","coordinates":[[[-70.6359375000003,43.11869791666688],[-70.63468750000028,43.11890625000021],[-70.63313729508225,43.120502049180544],[-70.63322916666695,43.119583333333544],[-70.63390625000028,43.11890625000021],[-70.63604635416698,43.11860052083354],[-70.6359375000003,43.11869791666688]]]}},{"type":"Feature","properties":{"min_depth":0,"max_depth":2},"geometry":{"type":"Polygon","coordinates":[[[-70.63723958333362,43.11302083333355],[-70.63703125000029,43.11427083333355],[-70.63625000000029,43.11520833333355],[-70.63640625000029,43.11614583333355],[-70.63703125000029,43.116562500000214],[-70.63697769538635,43.11720515536744],[-70.63630208333362,43.11677083333355],[-70.63609375000028,43.11552083333355],[-70.63541666666696,43.11510416666688],[-70.63619791666696,43.11427083333355],[-70.63635416666695,43.11322916666688],[-70.63736142392422,43.11290540540561],[-70.63723958333362,43.11302083333355]]]}},{"type":"Feature","properties":{"min_depth":0,"max_depth":2},"geometry":{"type":"Polygon","coordinates":[[[-70.64447916666694,43.10843750000022],[-70.64302083333361,43.10890625000022],[-70.64192708333361,43.110364583333556],[-70.64130208333361,43.11057291666688],[-70.64130208333361,43.111093750000215],[-70.64203125000029,43.111406250000215],[-70.64192708333361,43.11192708333355],[-70.63973958333361,43.11223958333355],[-70.63927083333363,43.112916666666884],[-70.63837121212148,43.11219696969718],[-70.64026041666695,43.11192708333355],[-70.64109375000028,43.11114583333355],[-70.64140625000029,43.10968750000022],[-70.64453125000028,43.107760416666885],[-70.64464947376037,43.10762002595178],[-70.64447916666694,43.10843750000022]]]}},{"type":"Feature","properties":{"min_depth":0,"max_depth":2},"geometry":{"type":"Polygon","coordinates":[[[-70.64609375000028,43.10614583333356],[-70.64537683823558,43.10669730392179],[-70.64557291666695,43.10552083333356],[-70.64628720238123,43.104985119047846],[-70.64609375000028,43.10614583333356]]]}},{"type":"Feature","properties":{"min_depth":0,"max_depth":2},"geometry":{"type":"Polygon","coordinates":[[[-70.6486458333336,43.10359375000022],[-70.64720619658148,43.103902243589964],[-70.64723958333362,43.10380208333356],[-70.64822916666695,43.10296875000023],[-70.64925857843164,43.10279718137277],[-70.6486458333336,43.10359375000022]]]}},{"type":"Feature","properties":{"min_depth":0,"max_depth":2},"geometry":{"type":"Polygon","coordinates":[[[-70.65619791666694,43.09177083333357],[-70.65546875000027,43.09239583333357],[-70.65526041666693,43.09364583333357],[-70.65473958333361,43.09390625000024],[-70.65463541666693,43.09578125000023],[-70.65541666666694,43.096770833333565],[-70.6545833333336,43.0976041666669],[-70.65536458333361,43.0982291666669],[-70.65531250000026,43.09927083333356],[-70.65385416666693,43.09973958333356],[-70.65281250000027,43.101093750000224],[-70.65018092105291,43.102058662280925],[-70.6519270833336,43.10031250000023],[-70.65213541666694,43.09906250000023],[-70.65286458333361,43.09843750000023],[-70.65286458333361,43.097395833333564],[-70.65041666666694,43.09489583333357],[-70.65177083333361,43.094635416666904],[-70.65223958333361,43.09536458333357],[-70.65276041666694,43.09536458333357],[-70.65296875000027,43.09473958333356],[-70.65526041666693,43.092812500000235],[-70.65557291666694,43.0913541666669],[-70.65634748931652,43.090873397436134],[-70.65619791666694,43.09177083333357]]]}},{"type":"Feature","properties":{"min_depth":0,"max_depth":2},"geometry":{"type":"Polygon","coordinates":[[[-70.6645833333336,43.07718750000025],[-70.66442708333359,43.07859375000025],[-70.66375000000026,43.07906250000025],[-70.66453125000027,43.080364583333576],[-70.66442708333359,43.08348958333358],[-70.66364583333359,43.08442708333357],[-70.66218750000026,43.08473958333357],[-70.6617708333336,43.08536458333358],[-70.66072916666694,43.08536458333358],[-70.65979166666693,43.084583333333576],[-70.65875000000027,43.084895833333576],[-70.66026041666693,43.08635416666691],[-70.6603645833336,43.08760416666691],[-70.6597395833336,43.08807291666691],[-70.6594270833336,43.09026041666691],[-70.65812500000027,43.09125000000024],[-70.65670875000028,43.09064916666691],[-70.65859375000026,43.089479166666905],[-70.65869791666694,43.088229166666906],[-70.65796875000026,43.08760416666691],[-70.65776041666693,43.08635416666691],[-70.65713541666693,43.08593750000024],[-70.6572395833336,43.08468750000024],[-70.65822916666693,43.083750000000244],[-70.65906250000027,43.084531250000246],[-70.66010416666694,43.084531250000246],[-70.66052083333359,43.08390625000024],[-70.66197916666692,43.08359375000024],[-70.66307291666693,43.082135416666915],[-70.66369791666693,43.081927083333575],[-70.66291666666693,43.08020833333358],[-70.66359375000026,43.07932291666692],[-70.66399963556879,43.07616602891182],[-70.6645833333336,43.07718750000025]]]}},{"type":"Feature","properties":{"min_depth":0,"max_depth":2},"geometry":{"type":"Polygon","coordinates":[[[-70.67046875000025,43.07109375000025],[-70.67125000000026,43.07177083333359],[-70.67041666666692,43.07260416666692],[-70.6677083333336,43.07302083333359],[-70.6667708333336,43.07447916666692],[-70.66554866412238,43.07498489185777],[-70.66718750000025,43.073072916666916],[-70.66864583333358,43.07276041666692],[-70.67046875000025,43.070802469136055],[-70.67046875000025,43.07109375000025]]]}},{"type":"Feature","properties":{"min_depth":0,"max_depth":2},"geometry":{"type":"Polygon","coordinates":[[[-70.68015625000024,43.06692708333359],[-70.67651041666691,43.06723958333359],[-70.67437500000025,43.069427083333586],[-70.67645833333358,43.06723958333359],[-70.68052225594359,43.06649453085509],[-70.68015625000024,43.06692708333359]]]}},{"type":"Feature","properties":{"min_depth":0,"max_depth":2},"geometry":{"type":"Polygon","coordinates":[[[-70.69640625000024,43.07197916666692],[-70.69630208333356,43.07072916666692],[-70.69703125000024,43.07026041666692],[-70.69703125000024,43.069739583333586],[-70.6955729166669,43.06864583333359],[-70.6952604166669,43.06718750000026],[-70.69380208333357,43.06552083333359],[-70.69067708333357,43.06526041666692],[-70.6896354166669,43.06463541666693],[-70.68703125000025,43.06463541666693],[-70.68557291666691,43.065468750000264],[-70.68531250000024,43.066093750000256],[-70.68406250000025,43.066302083333596],[-70.68328125000025,43.06703125000026],[-70.68171875000024,43.06703125000026],[-70.68094153892419,43.066417662308645],[-70.68270833333358,43.066093750000256],[-70.68375000000024,43.06510416666693],[-70.68291666666691,43.06406250000026],[-70.6930729166669,43.063645833333595],[-70.6954166666669,43.06312500000026],[-70.6958854166669,43.06218750000026],[-70.6974479166669,43.06218750000026],[-70.6979166666669,43.062708333333596],[-70.6977604166669,43.063645833333595],[-70.6954166666669,43.06510416666693],[-70.69609375000023,43.06557291666693],[-70.69630208333356,43.06744791666692],[-70.69703125000024,43.068541666666924],[-70.69723958333357,43.07104166666692],[-70.69786458333357,43.071562500000255],[-70.6980729166669,43.07281250000025],[-70.69934742647077,43.07379289215708],[-70.69640625000024,43.07197916666692]]]}},{"type":"Feature","properties":{"min_depth":0,"max_depth":2},"geometry":{"type":"Polygon","coordinates":[[[-70.71062500000022,43.07989583333358],[-70.70979166666689,43.08114583333358],[-70.70729166666689,43.08140625000024],[-70.70677083333356,43.08203125000025],[-70.70552083333355,43.082239583333575],[-70.7051041666669,43.08291666666691],[-70.70442708333356,43.082239583333575],[-70.70223958333355,43.081927083333575],[-70.70140625000023,43.08109375000025],[-70.7011979166669,43.079218750000244],[-70.70046875000023,43.07843750000025],[-70.7002604166669,43.07718750000025],[-70.69880208333356,43.07593750000025],[-70.69880208333356,43.074895833333585],[-70.69953125000023,43.07442708333358],[-70.69953125000023,43.07434027777805],[-70.69973958333357,43.07531250000025],[-70.70177083333357,43.07656250000025],[-70.70218750000022,43.08031250000025],[-70.70270833333356,43.081250000000246],[-70.70364583333355,43.08140625000024],[-70.70427083333357,43.08208333333358],[-70.70489583333355,43.08140625000024],[-70.70927083333355,43.08109375000024],[-70.71062500000022,43.07973958333358],[-70.71354166666688,43.07942708333358],[-70.71062500000022,43.07989583333358]]]}},{"type":"Feature","properties":{"min_depth":0,"max_depth":2},"geometry":{"type":"Polygon","coordinates":[[[-70.71140625000022,43.05562500000027],[-70.71135416666688,43.05812500000027],[-70.71291666666689,43.0592708333336],[-70.71125000000022,43.060937500000264],[-70.71260416666689,43.06135416666693],[-70.71291666666689,43.06229166666693],[-70.71260416666689,43.06281250000026],[-70.71125000000022,43.06322916666693],[-70.71208333333355,43.06406250000026],[-70.71125000000022,43.064895833333594],[-70.71192708333355,43.06562500000026],[-70.71208333333355,43.066666666666926],[-70.71203125000022,43.06812500000026],[-70.71130208333355,43.06906250000026],[-70.71130208333355,43.07010416666692],[-70.71218750000021,43.07109375000025],[-70.71364583333354,43.07140625000025],[-70.7147566287881,43.07266193181844],[-70.71458333333355,43.07260416666692],[-70.71348958333354,43.07140625000025],[-70.70958333333355,43.070937500000255],[-70.71119791666689,43.06895833333359],[-70.71119791666689,43.06687500000026],[-70.71057291666689,43.0659895833336],[-70.71041666666689,43.063645833333595],[-70.71125000000022,43.0605208333336],[-70.71041666666689,43.05854166666693],[-70.71119791666689,43.05744791666693],[-70.71140625000022,43.05557291666694],[-70.71239583333355,43.0545833333336],[-70.71140625000022,43.05562500000027]]]}},{"type":"Feature","properties":{"min_depth":0,"max_depth":2},"geometry":{"type":"Polygon","coordinates":[[[-70.73093750000021,43.01817708333364],[-70.7312500000002,43.020520833333634],[-70.7310937500002,43.02182291666697],[-70.72973958333354,43.02307291666697],[-70.72942708333353,43.02526041666697],[-70.7278125000002,43.026927083333625],[-70.72656250000021,43.027135416666965],[-70.72578125000021,43.02786458333363],[-70.7239062500002,43.02807291666696],[-70.7228125000002,43.02942708333362],[-70.72135416666687,43.02973958333362],[-70.71994791666688,43.03197916666696],[-70.71807291666687,43.03223958333362],[-70.71723958333355,43.03296875000029],[-70.71640625000022,43.03390625000029],[-70.71609375000021,43.03609375000029],[-70.71447916666688,43.03776041666695],[-70.71354166666688,43.03791666666695],[-70.71302083333354,43.03854166666695],[-70.71276041666688,43.04104166666695],[-70.71208333333355,43.04156250000028],[-70.71291666666689,43.04260416666695],[-70.71041666666689,43.04322916666695],[-70.71109375000022,43.04385416666695],[-70.71130208333355,43.045104166666945],[-70.71192708333355,43.04552083333361],[-70.71234375000022,43.04677083333361],[-70.71468750000022,43.04708333333361],[-70.71598958333354,43.047864583333606],[-70.71640625000022,43.05098958333361],[-70.71708333333355,43.05156250000027],[-70.71640625000022,43.05223958333361],[-70.71623883928594,43.0534114583336],[-70.71619791666689,43.0525520833336],[-70.71557291666689,43.05192708333361],[-70.71536458333355,43.050052083333604],[-70.71463541666688,43.04927083333361],[-70.71442708333355,43.04802083333361],[-70.71343750000023,43.04713541666695],[-70.71218750000021,43.04692708333361],[-70.71057291666689,43.04526041666695],[-70.71036458333356,43.04338541666694],[-70.70963541666688,43.042760416666944],[-70.70963541666688,43.04223958333361],[-70.71026041666688,43.04197916666695],[-70.71057291666689,43.040520833333616],[-70.71276041666688,43.03859375000029],[-70.71296875000021,43.03671875000028],[-70.71369791666689,43.03593750000029],[-70.71380208333355,43.03489583333362],[-70.71557291666689,43.03296875000029],[-70.71656250000022,43.03213541666696],[-70.7178125000002,43.03192708333362],[-70.71822916666689,43.03130208333363],[-70.71947916666687,43.03109375000029],[-70.72109375000021,43.02947916666696],[-70.72130208333354,43.02822916666696],[-70.72208333333354,43.02739583333363],[-70.72520833333354,43.026927083333625],[-70.7285937500002,43.023541666666965],[-70.72970736714997,43.017467391304656],[-70.73093750000021,43.01817708333364]]]}},{"type":"Feature","properties":{"min_depth":0,"max_depth":2},"geometry":{"type":"Polygon","coordinates":[[[-70.71979166666688,43.08286458333358],[-70.71770833333355,43.082812500000244],[-70.71677083333356,43.08135416666691],[-70.71552083333354,43.08109375000024],[-70.71473958333355,43.08031250000025],[-70.71467261904785,43.07991071428603],[-70.71473958333354,43.080104166666914],[-70.71692708333354,43.08057291666691],[-70.71776041666688,43.08135416666691],[-70.71838541666688,43.082812500000244],[-70.71979791666688,43.08285958333358],[-70.71979166666688,43.08286458333358]]]}},{"type":"Feature","properties":{"min_depth":0,"max_depth":2},"geometry":{"type":"Polygon","coordinates":[[[-70.72427083333355,43.07718750000025],[-70.72458333333354,43.07812500000025],[-70.72369791666688,43.07907147988531],[-70.72369791666688,43.07755208333358],[-70.72313391265618,43.07683767825337],[-70.72427083333355,43.07718750000025]]]}},{"type":"Feature","properties":{"min_depth":0,"max_depth":2},"geometry":{"type":"Polygon","coordinates":[[[-70.7686458333335,42.964895833333685],[-70.7688020833335,42.96593750000035],[-70.76953125000017,42.96671875000035],[-70.76953125000017,42.968281250000345],[-70.7688020833335,42.969218750000344],[-70.76859375000016,42.97109375000035],[-70.76765625000016,42.971927083333675],[-70.76401041666684,42.972239583333675],[-70.7636458333335,42.97276041666701],[-70.7620833333335,42.97322916666701],[-70.76359375000017,42.97468750000034],[-70.76369791666684,42.97593750000034],[-70.76223958333351,42.977395833333674],[-70.76203125000018,42.98114583333367],[-70.7613020833335,42.982552083333665],[-70.76119791666684,42.984114583333664],[-70.76046875000017,42.98489583333367],[-70.76026041666684,42.986145833333666],[-70.75890625000018,42.98718750000033],[-70.75859375000017,42.98864583333366],[-70.75562500000018,42.991197916667],[-70.75354166666685,42.991197916667],[-70.75229166666685,42.99046875000033],[-70.74979166666685,42.99057291666699],[-70.74776041666685,42.99286458333366],[-70.74713541666685,42.99307291666699],[-70.74713541666685,42.99359375000032],[-70.74791666666685,42.99427083333366],[-70.74723958333352,42.99473958333366],[-70.74692708333352,42.99692708333366],[-70.74546875000019,42.998072916666985],[-70.74619791666686,42.99942708333365],[-70.74557291666686,42.99963541666699],[-70.74427083333353,43.00125000000032],[-70.74281250000018,43.000416666666986],[-70.74171875000019,43.00052083333365],[-70.74125000000019,43.001041666666985],[-70.7420312500002,43.00270833333365],[-70.74223958333353,43.00520833333365],[-70.74291666666686,43.00604166666698],[-70.74197916666685,43.00843750000031],[-70.74052083333352,43.00890625000031],[-70.73911458333353,43.01114583333364],[-70.73723958333352,43.011406250000306],[-70.73645833333353,43.01203125000031],[-70.73395833333353,43.01223958333364],[-70.73307291666687,43.01307291666698],[-70.73276041666686,43.015260416666976],[-70.73197916666686,43.0160937500003],[-70.7308759057973,43.016330163043776],[-70.7310937500002,43.01614583333364],[-70.73130208333353,43.01489583333364],[-70.73192708333353,43.01432291666698],[-70.7323437500002,43.01119791666697],[-70.73364583333353,43.01041666666698],[-70.7354687500002,43.01036458333365],[-70.7367187500002,43.00963541666698],[-70.73859375000019,43.00942708333364],[-70.7409375000002,43.00708333333365],[-70.74119791666686,43.00302083333365],[-70.74046875000019,43.00177083333365],[-70.74046875000019,43.000729166666986],[-70.74140625000018,42.99973958333365],[-70.74359375000019,42.99911458333365],[-70.7439062500002,42.99723958333366],[-70.74609375000018,42.995312500000324],[-70.74630208333352,42.994062500000325],[-70.74692708333352,42.99359375000033],[-70.74723958333352,42.99140625000033],[-70.74802083333351,42.99057291666699],[-70.74927083333353,42.990364583333665],[-70.74989583333351,42.98973958333366],[-70.75458333333351,42.98927083333366],[-70.75776041666684,42.986145833333666],[-70.75796875000017,42.98489583333367],[-70.75859375000017,42.984479166667],[-70.7588020833335,42.983229166667],[-70.7594270833335,42.982812500000335],[-70.75963541666684,42.98156250000034],[-70.76026041666684,42.981041666667004],[-70.76046875000017,42.978541666667006],[-70.76119791666684,42.977135416667004],[-70.76109375000017,42.974010416667014],[-70.7588020833335,42.971927083333675],[-70.7588020833335,42.97140625000034],[-70.7594270833335,42.971197916667016],[-70.75968750000017,42.97057291666701],[-70.76062500000018,42.97041666666701],[-70.76156250000018,42.971197916667016],[-70.76281250000017,42.97140625000034],[-70.76322916666685,42.97203125000035],[-70.7639583333335,42.97208333333368],[-70.7669270833335,42.970364583333684],[-70.76859375000016,42.968541666667015],[-70.76875000000017,42.96750000000035],[-70.76859375000016,42.96562500000035],[-70.7672395833335,42.96447916666702],[-70.76723335953896,42.964441823899726],[-70.7686458333335,42.964895833333685]]]}},{"type":"Feature","properties":{"min_depth":0,"max_depth":2},"geometry":{"type":"Polygon","coordinates":[[[-70.81286458333346,42.82005208333381],[-70.81281250000012,42.82161458333381],[-70.81187500000013,42.822083333333815],[-70.81135416666679,42.823020833333814],[-70.81130208333346,42.82614583333381],[-70.81203125000013,42.827552083333806],[-70.81218750000012,42.829114583333805],[-70.81343750000013,42.82984375000048],[-70.81375000000013,42.83218750000047],[-70.81359375000012,42.83348958333381],[-70.81208333333346,42.835104166667136],[-70.81359375000012,42.8364583333338],[-70.81380208333346,42.8389583333338],[-70.81453125000013,42.840364583333795],[-70.81473958333346,42.8434895833338],[-70.81541666666679,42.84406250000046],[-70.81463541666679,42.84505208333379],[-70.81463541666679,42.84661458333379],[-70.81536458333346,42.84755208333379],[-70.8155729166668,42.849427083333794],[-70.81625000000012,42.84989583333379],[-70.81593750000013,42.85036458333379],[-70.81458333333346,42.85072916666712],[-70.81541666666679,42.852187500000454],[-70.81526041666679,42.85359375000046],[-70.81458333333346,42.854270833333786],[-70.81593750000013,42.85479166666712],[-70.81625000000012,42.855833333333784],[-70.81609375000012,42.85770833333378],[-70.81473958333346,42.85901041666712],[-70.81458333333346,42.86031250000045],[-70.81473958333346,42.86265625000045],[-70.81541666666679,42.86322916666711],[-70.81463541666679,42.86453125000044],[-70.81473958333346,42.867656250000444],[-70.81541666666679,42.868229166667106],[-70.81463541666679,42.86937500000044],[-70.81463541666679,42.87145833333377],[-70.81541666666679,42.873125000000435],[-70.81473958333346,42.87390625000044],[-70.81458333333346,42.87531250000043],[-70.81536458333346,42.87671875000043],[-70.81541666666679,42.87781250000043],[-70.81473958333346,42.8790104166671],[-70.81453125000013,42.88213541666709],[-70.81380208333346,42.88338541666709],[-70.81359375000012,42.885260416667094],[-70.8130729166668,42.88552083333376],[-70.81286458333346,42.886770833333756],[-70.81213541666679,42.887395833333755],[-70.81213541666679,42.88843750000042],[-70.81286458333346,42.88890625000042],[-70.81286458333346,42.88942708333375],[-70.81223958333347,42.88968750000042],[-70.81192708333346,42.89114583333375],[-70.8104166666668,42.89239583333375],[-70.81052083333346,42.89276041666708],[-70.81197916666679,42.89322916666708],[-70.81203125000013,42.89427083333375],[-70.81140625000013,42.894687500000416],[-70.81093750000014,42.89614583333375],[-70.80989583333347,42.89640625000042],[-70.80942708333346,42.898593750000416],[-70.80880208333346,42.89906250000041],[-70.80880208333346,42.90010416666708],[-70.80942708333346,42.90078125000041],[-70.80958333333346,42.90406250000041],[-70.80942708333346,42.905885416667076],[-70.80875000000013,42.90677083333374],[-70.80958333333346,42.90760416666707],[-70.80875000000013,42.9084375000004],[-70.80942708333346,42.90885416666707],[-70.80958333333346,42.90979166666707],[-70.80880208333346,42.910885416667064],[-70.80859375000013,42.91276041666707],[-70.80697916666679,42.91442708333373],[-70.80552083333346,42.91473958333373],[-70.8044791666668,42.91609375000039],[-70.80322916666681,42.91630208333373],[-70.8029166666668,42.91677083333373],[-70.79291666666681,42.91739583333373],[-70.7938541666668,42.91859375000039],[-70.79531250000014,42.91906250000039],[-70.79552083333347,42.92010416666706],[-70.79645833333348,42.92041666666706],[-70.79677083333348,42.92098958333373],[-70.7969791666668,42.922135416667054],[-70.79692708333347,42.929010416667055],[-70.79640625000015,42.92979166666705],[-70.79619791666681,42.93229166666705],[-70.79546875000014,42.93338541666704],[-70.79536458333348,42.93494791666704],[-70.79463541666681,42.93588541666704],[-70.79442708333347,42.93776041666705],[-70.79223958333348,42.939687500000375],[-70.79203125000015,42.94093750000037],[-70.79114583333347,42.9419270833337],[-70.78989583333349,42.94213541666704],[-70.7893229166668,42.942760416667035],[-70.78619791666682,42.943020833333705],[-70.78541666666682,42.94354166666704],[-70.78458333333349,42.94562500000037],[-70.7848958333335,42.9461458333337],[-70.78614583333348,42.94656250000037],[-70.78619791666682,42.947604166667034],[-70.78473958333349,42.94885416666703],[-70.78453125000016,42.95010416666703],[-70.78390625000016,42.9505208333337],[-70.78343750000016,42.95197916666703],[-70.78218750000015,42.95223958333369],[-70.77854166666683,42.956093750000356],[-70.77562500000016,42.956406250000356],[-70.7747395833335,42.95718750000036],[-70.77442708333349,42.95843750000036],[-70.77223958333349,42.958906250000354],[-70.77140625000017,42.95973958333369],[-70.77093750000017,42.96192708333369],[-70.7698958333335,42.962187500000354],[-70.7691145833335,42.963645833333686],[-70.76716726928392,42.9640452823695],[-70.7670833333335,42.96354166666702],[-70.7694270833335,42.96192708333369],[-70.7697395833335,42.95973958333369],[-70.77052083333349,42.958906250000354],[-70.77197916666682,42.958593750000354],[-70.7728645833335,42.957604166667025],[-70.77307291666683,42.956354166667026],[-70.7739583333335,42.95557291666702],[-70.7770833333335,42.95510416666703],[-70.77776041666682,42.9544270833337],[-70.77791666666683,42.953020833333696],[-70.77854166666683,42.9522395833337],[-70.78104166666682,42.95192708333369],[-70.78135416666682,42.95140625000036],[-70.78260416666683,42.9511458333337],[-70.78307291666682,42.949687500000366],[-70.78369791666682,42.9492708333337],[-70.78390625000016,42.9480208333337],[-70.78458333333349,42.947604166667034],[-70.78380208333348,42.9464583333337],[-70.78406250000015,42.94375000000037],[-70.78552083333348,42.9422395833337],[-70.78677083333349,42.942031250000376],[-70.78718750000014,42.94140625000037],[-70.78864583333348,42.94109375000037],[-70.78890625000014,42.94057291666704],[-70.79109375000014,42.94010416666704],[-70.79223958333348,42.93718750000038],[-70.79286458333348,42.93677083333371],[-70.79307291666682,42.93552083333371],[-70.79359375000014,42.93526041666705],[-70.79380208333347,42.93338541666704],[-70.79453125000015,42.932447916667044],[-70.79536458333348,42.92869791666705],[-70.79510416666682,42.92125000000039],[-70.79307291666682,42.91947916666706],[-70.79286458333348,42.91822916666706],[-70.79213541666681,42.91776041666706],[-70.79213541666681,42.917239583333725],[-70.79354166666681,42.916250000000396],[-70.7944791666668,42.91640625000039],[-70.79489583333347,42.916927083333725],[-70.79770833333347,42.91708333333373],[-70.80192708333347,42.91609375000039],[-70.8061979166668,42.91177083333373],[-70.80630208333346,42.91072916666707],[-70.80703125000014,42.90979166666707],[-70.80723958333347,42.90729166666707],[-70.80786458333347,42.906614583333734],[-70.80786458333347,42.905052083333736],[-70.8071354166668,42.90411458333374],[-70.80692708333346,42.902239583333746],[-70.80640625000014,42.90187500000041],[-70.80609375000013,42.898958333333745],[-70.80546875000013,42.89843750000041],[-70.8052604166668,42.89718750000041],[-70.80390625000014,42.89609375000042],[-70.80359375000013,42.89390625000042],[-70.8029166666668,42.89322916666708],[-70.8044791666668,42.89276041666708],[-70.80489583333348,42.89213541666709],[-70.80614583333346,42.89192708333375],[-70.80640625000012,42.891406250000415],[-70.80859375000013,42.891093750000415],[-70.8102604166668,42.88947916666709],[-70.81046875000013,42.88822916666709],[-70.8111979166668,42.887447916667085],[-70.81140625000013,42.885572916667094],[-70.81192708333346,42.88520833333376],[-70.81223958333347,42.88229166666709],[-70.81276041666679,42.881666666667094],[-70.81296875000012,42.8766666666671],[-70.8136979166668,42.8741666666671],[-70.8136979166668,42.87000000000044],[-70.8130729166668,42.86833333333377],[-70.8129166666668,42.86625000000044],[-70.8136979166668,42.85864583333378],[-70.81359375000012,42.844895833333794],[-70.81296875000012,42.84296875000046],[-70.81276041666679,42.83984375000047],[-70.81213541666679,42.838802083333796],[-70.81192708333346,42.835677083333806],[-70.81125000000013,42.83479166666714],[-70.81203125000013,42.83312500000047],[-70.81203125000013,42.83104166666714],[-70.81130208333346,42.82979166666714],[-70.8102604166668,42.82395833333381],[-70.80958333333346,42.82343750000048],[-70.81057291666679,42.82223958333381],[-70.81276041666679,42.82161458333381],[-70.81286458333346,42.82005208333381]]]}},{"type":"Feature","properties":{"min_depth":0,"max_depth":2},"geometry":{"type":"Polygon","coordinates":[[[-70.80203125000014,42.77557291666719],[-70.80203125000014,42.77609375000052],[-70.80130208333347,42.77656250000052],[-70.80130208333347,42.77760416666719],[-70.8027604166668,42.778906250000524],[-70.8030729166668,42.78109375000052],[-70.80375000000014,42.78156250000052],[-70.80213861588875,42.78256961507013],[-70.80192708333347,42.77911458333386],[-70.80130208333347,42.77843750000052],[-70.80109375000013,42.77718750000052],[-70.80057291666681,42.77692708333386],[-70.79974697104032,42.7735482148619],[-70.80203125000014,42.77557291666719]]]}},{"type":"Feature","properties":{"min_depth":0,"max_depth":2},"geometry":{"type":"Polygon","coordinates":[[[-70.80364583333346,42.78307291666718],[-70.8036979166668,42.78359375000051],[-70.8029166666668,42.78427083333385],[-70.80453125000014,42.78588541666718],[-70.80453125000014,42.787447916667176],[-70.80375000000014,42.78843750000051],[-70.8054166666668,42.78906250000051],[-70.8046354166668,42.79005208333384],[-70.80468750000013,42.79161458333384],[-70.80614583333346,42.79239583333384],[-70.80692708333346,42.79432291666718],[-70.80723958333347,42.8023437500005],[-70.8079166666668,42.803229166667165],[-70.80723958333347,42.8039062500005],[-70.80708333333347,42.8053125000005],[-70.80859375000013,42.808385416667164],[-70.80906250000014,42.81494791666716],[-70.80937500000013,42.815416666667154],[-70.81031250000012,42.81557291666715],[-70.81192708333346,42.81723958333382],[-70.81204861111122,42.81833333333369],[-70.81203125000013,42.81822916666715],[-70.81140625000013,42.817812500000485],[-70.81093750000014,42.81635416666715],[-70.80989583333347,42.81619791666716],[-70.80895833333346,42.815416666667154],[-70.80802083333346,42.81557291666715],[-70.80739583333346,42.81625000000049],[-70.80640625000014,42.81526041666716],[-70.80630208333346,42.81338541666715],[-70.80703125000014,42.81244791666715],[-70.80723958333347,42.81057291666716],[-70.8079166666668,42.81010416666716],[-70.80723958333347,42.80937500000049],[-70.80677083333347,42.806250000000496],[-70.8057291666668,42.80541666666716],[-70.80427083333348,42.80864583333383],[-70.8035416666668,42.808750000000494],[-70.80302083333346,42.808125000000494],[-70.8030729166668,42.8056250000005],[-70.80359375000013,42.80526041666717],[-70.80390625000013,42.80338541666716],[-70.80578125000014,42.8026562500005],[-70.80609375000013,42.80213541666716],[-70.8061979166668,42.7995312500005],[-70.80546875000013,42.7981250000005],[-70.8052604166668,42.795625000000506],[-70.80473958333347,42.79515625000051],[-70.80453125000014,42.792031250000505],[-70.80380208333347,42.79062500000051],[-70.80359375000013,42.78812500000051],[-70.80296875000013,42.78729166666718],[-70.8027604166668,42.78479166666718],[-70.80223958333347,42.78421875000052],[-70.80214180526694,42.78262170824723],[-70.80364583333346,42.78307291666718]]]}},{"type":"Feature","properties":{"min_depth":0,"max_depth":2},"geometry":{"type":"Polygon","coordinates":[[[-70.83729166666677,42.82109375000048],[-70.83661458333344,42.82046875000049],[-70.83473958333343,42.820260416667146],[-70.83390625000011,42.81942708333382],[-70.8335937500001,42.81723958333382],[-70.83291666666678,42.81677083333382],[-70.83375000000011,42.81593750000049],[-70.8329687500001,42.81526041666715],[-70.83302083333344,42.81473958333382],[-70.83458333333344,42.81427083333382],[-70.83427083333345,42.813802083333826],[-70.83322916666678,42.81359375000049],[-70.83291666666678,42.81281250000049],[-70.83390625000011,42.8089062500005],[-70.83442708333344,42.80880208333383],[-70.83510416666678,42.809583333333826],[-70.83552083333343,42.80890625000049],[-70.83697916666677,42.80859375000049],[-70.83703125000011,42.80807291666716],[-70.8362500000001,42.80739583333383],[-70.83760416666678,42.80697916666716],[-70.83791666666677,42.80645833333383],[-70.83776041666677,42.80552083333383],[-70.8362500000001,42.8040625000005],[-70.83692708333344,42.8035937500005],[-70.83723958333344,42.801406250000504],[-70.83822916666676,42.800572916667164],[-70.84197916666677,42.800468750000505],[-70.84317708333343,42.8010937500005],[-70.84682291666675,42.8017187500005],[-70.84791666666676,42.8046875000005],[-70.84776041666676,42.8060937500005],[-70.84708333333343,42.80677083333383],[-70.8490625000001,42.808697916667164],[-70.85010416666677,42.80864583333383],[-70.85041666666676,42.808125000000494],[-70.85026041666676,42.807187500000495],[-70.84963541666676,42.806927083333825],[-70.84973958333343,42.80630208333383],[-70.85057291666675,42.80557291666716],[-70.85276041666675,42.80526041666716],[-70.8534375000001,42.80458333333383],[-70.85473958333341,42.80609375000049],[-70.85661458333342,42.80630208333383],[-70.85739583333343,42.8070312500005],[-70.85864583333341,42.807239583333825],[-70.85942708333341,42.808072916667165],[-70.85989583333343,42.81026041666716],[-70.86114583333341,42.810885416667155],[-70.86119791666675,42.81244791666715],[-70.86057291666675,42.81307291666716],[-70.86026041666675,42.81494791666715],[-70.85838541666675,42.81552083333382],[-70.85760416666676,42.81697916666715],[-70.8565625000001,42.817135416667156],[-70.85598958333341,42.81776041666715],[-70.85286458333343,42.817812500000485],[-70.85161458333343,42.81635416666715],[-70.85005208333342,42.816302083333824],[-70.84958333333343,42.81677083333382],[-70.85036458333343,42.817239583333816],[-70.85026041666676,42.81776041666715],[-70.84838541666676,42.81786458333382],[-70.84739583333342,42.81708333333382],[-70.8468750000001,42.81776041666715],[-70.84395833333343,42.81807291666715],[-70.84380208333343,42.81859375000048],[-70.8445312500001,42.81890625000048],[-70.84447916666676,42.819427083333814],[-70.84322916666677,42.81953125000049],[-70.84239583333343,42.818750000000485],[-70.84197916666676,42.819427083333814],[-70.84072916666678,42.819687500000484],[-70.83979166666677,42.821145833333816],[-70.83833333333344,42.82125000000048],[-70.83729166666677,42.82109375000048]],[[-70.83375000000011,42.81822916666715],[-70.83489583333343,42.819427083333814],[-70.83958333333344,42.81927083333382],[-70.83989583333344,42.81880208333382],[-70.84114583333343,42.81859375000048],[-70.84140625000009,42.81807291666715],[-70.8460937500001,42.816927083333816],[-70.84635416666676,42.81640625000048],[-70.84760416666677,42.81619791666716],[-70.84822916666677,42.81546875000049],[-70.84927083333343,42.815364583333825],[-70.85005208333342,42.81463541666716],[-70.85192708333342,42.81442708333382],[-70.85218750000008,42.813906250000485],[-70.8534375000001,42.81369791666716],[-70.85375000000009,42.813229166667156],[-70.8496875000001,42.81296875000049],[-70.84796875000009,42.81369791666716],[-70.8448437500001,42.813906250000485],[-70.84244791666677,42.815364583333825],[-70.83473958333343,42.817239583333816],[-70.83375000000011,42.81822916666715]]]}},{"type":"Feature","properties":{"min_depth":0,"max_depth":2},"geometry":{"type":"Polygon","coordinates":[[[-70.86578125000008,43.08796875000024],[-70.86390625000007,43.0877604166669],[-70.86307291666675,43.08692708333358],[-70.86395833333341,43.0877604166669],[-70.86708333333341,43.08760416666691],[-70.86859375000007,43.086145833333575],[-70.86885416666674,43.084895833333576],[-70.87031250000007,43.08442708333357],[-70.87109375000007,43.08348958333358],[-70.87140625000008,43.07984375000025],[-70.87203125000008,43.07927083333358],[-70.87223958333341,43.07802083333358],[-70.87359375000007,43.07692708333359],[-70.87390625000008,43.07473958333359],[-70.8755208333334,43.073072916666916],[-70.87697916666673,43.07276041666692],[-70.8780208333334,43.07140625000025],[-70.87927083333341,43.071197916666925],[-70.87968750000006,43.07057291666692],[-70.88260416666674,43.06947916666692],[-70.88307291666673,43.06802083333359],[-70.88369791666673,43.06776041666692],[-70.88359375000006,43.06723958333359],[-70.88140625000005,43.06723958333359],[-70.88093750000007,43.067864583333595],[-70.87968750000006,43.06807291666692],[-70.87859375000006,43.069427083333586],[-70.87390625000006,43.07057291666692],[-70.8736458333334,43.07109375000025],[-70.87239583333341,43.07130208333359],[-70.87145833333341,43.07208333333359],[-70.8705208333334,43.071927083333584],[-70.86973958333341,43.07114583333359],[-70.8694270833334,43.069687500000256],[-70.86781250000007,43.06807291666692],[-70.86656250000009,43.06796875000026],[-70.86557291666675,43.068854166666924],[-70.86546875000008,43.07010416666692],[-70.86593750000009,43.07041666666692],[-70.86619791666675,43.07182291666692],[-70.86609375000008,43.07744791666692],[-70.86546875000008,43.078229166666915],[-70.86526041666674,43.079479166666914],[-70.86463541666674,43.07989583333358],[-70.86442708333341,43.08114583333358],[-70.86369791666675,43.081706730769476],[-70.86369791666675,43.08072916666691],[-70.86322916666674,43.08041666666691],[-70.86281250000008,43.08109375000024],[-70.86187500000008,43.081250000000246],[-70.86057291666675,43.08036458333358],[-70.85973958333342,43.079427083333584],[-70.85953125000009,43.07755208333358],[-70.85880208333342,43.07677083333358],[-70.85859375000008,43.075520833333584],[-70.85791666666675,43.07510416666692],[-70.86052083333341,43.072239583333584],[-70.86197916666674,43.071927083333584],[-70.86192708333341,43.07140625000025],[-70.86005208333341,43.071197916666925],[-70.85911458333342,43.07046875000026],[-70.85755208333342,43.07046875000026],[-70.85677083333343,43.071197916666925],[-70.85552083333341,43.07140625000025],[-70.85437500000009,43.07276041666692],[-70.85145833333343,43.07276041666692],[-70.85109375000009,43.072239583333584],[-70.84890625000008,43.07177083333359],[-70.84859375000009,43.07052083333359],[-70.84796875000009,43.07026041666692],[-70.84796875000009,43.069739583333586],[-70.84869791666677,43.06927083333359],[-70.84859375000009,43.06802083333359],[-70.84807291666677,43.06796875000026],[-70.84744791666677,43.06869791666693],[-70.84557291666675,43.068593750000254],[-70.8435937500001,43.066302083333596],[-70.8429687500001,43.066093750000256],[-70.8429687500001,43.06557291666692],[-70.8437500000001,43.064895833333594],[-70.84223958333344,43.06354166666693],[-70.84208333333343,43.06250000000026],[-70.84223958333344,43.060625000000265],[-70.8437500000001,43.0592708333336],[-70.84291666666677,43.05822916666693],[-70.8462500000001,43.057604166666934],[-70.8454687500001,43.0569270833336],[-70.8454687500001,43.056406250000265],[-70.8460937500001,43.05619791666694],[-70.84723958333342,43.0547395833336],[-70.84911458333343,43.054531250000274],[-70.85005208333342,43.05380208333361],[-70.85161458333343,43.05380208333361],[-70.85239583333343,43.054531250000274],[-70.8534375000001,43.05468750000027],[-70.85406250000008,43.05625000000027],[-70.85489583333343,43.05546875000027],[-70.8559375000001,43.05546875000027],[-70.8565625000001,43.05619791666694],[-70.85947916666674,43.0572395833336],[-70.86140625000007,43.059427083333595],[-70.86328125000009,43.05953125000027],[-70.86427083333342,43.058750000000266],[-70.86484375000008,43.059427083333595],[-70.8684895833334,43.059739583333595],[-70.86921875000007,43.0603645833336],[-70.87109375000007,43.06057291666693],[-70.87171875000007,43.061197916666934],[-70.87328125000008,43.061197916666934],[-70.87427083333341,43.06041666666693],[-70.87468750000006,43.06109375000026],[-70.87562500000007,43.061250000000264],[-70.87640625000006,43.06057291666693],[-70.87781250000006,43.06041666666693],[-70.87927083333341,43.061250000000264],[-70.87968750000006,43.0598958333336],[-70.88062500000007,43.0595833333336],[-70.88343750000007,43.061250000000264],[-70.88385416666672,43.06057291666693],[-70.88531250000005,43.06010416666693],[-70.88557291666672,43.059062500000266],[-70.88697916666672,43.058750000000266],[-70.88838541666672,43.05953125000027],[-70.89026041666672,43.059739583333595],[-70.89192708333339,43.06140625000027],[-70.89213541666672,43.06328125000026],[-70.89286458333339,43.06421875000026],[-70.89286458333339,43.065781250000256],[-70.89213541666672,43.066718750000256],[-70.89192708333339,43.06859375000026],[-70.89057291666673,43.06984375000026],[-70.89046875000005,43.07296875000025],[-70.89125000000006,43.07479166666692],[-70.89046875000005,43.075885416666914],[-70.89026041666672,43.07776041666692],[-70.8897395833334,43.077864583333586],[-70.8892708333334,43.07708333333358],[-70.88880208333339,43.07739583333358],[-70.88880208333339,43.07843750000025],[-70.88953125000006,43.07906250000025],[-70.88942708333339,43.08031250000025],[-70.88843750000007,43.081250000000246],[-70.88739583333339,43.08041666666691],[-70.88682291666672,43.08177083333358],[-70.8831770833334,43.08239583333358],[-70.88260416666674,43.08364583333358],[-70.88156250000007,43.08380208333358],[-70.88078125000007,43.084531250000246],[-70.87890625000006,43.08473958333357],[-70.87848958333339,43.085260416666905],[-70.87484375000007,43.085260416666905],[-70.87463541666673,43.08473958333357],[-70.87541666666674,43.08406250000024],[-70.87385416666675,43.083750000000244],[-70.87307291666673,43.08437500000024],[-70.87276041666674,43.08687500000024],[-70.87197916666673,43.0877604166669],[-70.87072916666675,43.08786458333358],[-70.8698958333334,43.087083333333574],[-70.86895833333341,43.08864583333357],[-70.86687500000008,43.08869791666691],[-70.86578125000008,43.08796875000024]]]}},{"type":"Feature","properties":{"min_depth":0,"max_depth":2},"geometry":{"type":"Polygon","coordinates":[[[-70.85510416666676,43.11791666666688],[-70.85406250000008,43.11708333333355],[-70.85359375000009,43.113177083333554],[-70.85291666666676,43.112604166666884],[-70.85458333333342,43.10979166666689],[-70.85375000000009,43.10781250000022],[-70.8539062500001,43.10640625000023],[-70.8545312500001,43.10593750000022],[-70.8545312500001,43.10489583333356],[-70.8539062500001,43.10442708333356],[-70.85359375000009,43.102239583333564],[-70.85291666666676,43.10156250000023],[-70.85359375000009,43.10114583333356],[-70.85385416666675,43.09989583333356],[-70.85510416666676,43.09927083333356],[-70.85572916666675,43.09458333333357],[-70.85797148762602,43.09247488228231],[-70.85557291666676,43.09927083333356],[-70.85536458333343,43.10552083333356],[-70.85463541666675,43.108645833333554],[-70.85463541666675,43.11385416666688],[-70.85557291666676,43.11697916666688],[-70.85580729166676,43.117213541666885],[-70.85510416666676,43.11791666666688]]]}},{"type":"Feature","properties":{"min_depth":0,"max_depth":2},"geometry":{"type":"Polygon","coordinates":[[[-70.8584375000001,43.11963541666688],[-70.85718750000008,43.11942708333354],[-70.85640625000009,43.118645833333545],[-70.85604910714295,43.11745535714308],[-70.85802083333341,43.11942708333354],[-70.85947916666674,43.119895833333544],[-70.85947916666674,43.12052827380972],[-70.8584375000001,43.11963541666688]]]}},{"type":"Feature","properties":{"min_depth":0,"max_depth":2},"geometry":{"type":"Polygon","coordinates":[[[-70.86859375000007,43.12052083333354],[-70.86890625000008,43.121979166666875],[-70.86958333333341,43.12239583333354],[-70.8688020833334,43.123229166666874],[-70.8686458333334,43.12427083333354],[-70.86718750000007,43.12489583333354],[-70.86677083333342,43.12614583333354],[-70.86572916666675,43.12630208333354],[-70.86531250000007,43.126927083333534],[-70.86406250000009,43.127135416666874],[-70.86375000000008,43.12760416666687],[-70.86246572580652,43.12785114247333],[-70.86322916666676,43.127135416666874],[-70.86447916666674,43.126927083333534],[-70.86489583333342,43.12630208333354],[-70.8661458333334,43.1260937500002],[-70.86723958333341,43.12463541666688],[-70.86786458333341,43.124427083333536],[-70.86869791666675,43.12312500000021],[-70.86869791666675,43.121041666666876],[-70.86818161231892,43.12026721014514],[-70.86859375000007,43.12052083333354]]]}},{"type":"Feature","properties":{"min_depth":0,"max_depth":2},"geometry":{"type":"Polygon","coordinates":[[[-70.86359375000008,43.09239583333357],[-70.86473958333342,43.09531250000023],[-70.86536458333342,43.095572916666896],[-70.86458333333341,43.09718750000023],[-70.86473958333342,43.098593750000234],[-70.86541666666675,43.09906250000023],[-70.86463541666674,43.10020833333356],[-70.86463541666674,43.10229166666689],[-70.86510416666675,43.10291666666689],[-70.86593750000009,43.10208333333356],[-70.86625000000008,43.10416666666689],[-70.86593750000009,43.10541666666689],[-70.86526041666674,43.104635416666895],[-70.86473958333342,43.10473958333356],[-70.86458333333341,43.10614583333356],[-70.8648958333334,43.107083333333556],[-70.86593750000009,43.10625000000022],[-70.86625000000008,43.108333333333555],[-70.86593750000009,43.10958333333355],[-70.86526041666674,43.10880208333356],[-70.86473958333342,43.108906250000224],[-70.86463541666674,43.110781250000215],[-70.86510416666675,43.11125000000022],[-70.86557291666675,43.11046875000022],[-70.86609375000008,43.11062500000022],[-70.86619791666675,43.11312500000022],[-70.86541666666675,43.11427083333355],[-70.86786458333341,43.11640625000021],[-70.86786458333341,43.11692708333354],[-70.86720454652706,43.11749911523238],[-70.8661458333334,43.11640625000021],[-70.86489583333342,43.11604166666688],[-70.86442708333341,43.11312500000022],[-70.86390625000008,43.11281250000022],[-70.86307291666675,43.11057291666689],[-70.86296875000008,43.10244791666689],[-70.86375000000008,43.0972916666669],[-70.86328125000009,43.0926041666669],[-70.86297428097353,43.092263089970736],[-70.86359375000008,43.09239583333357]]]}},{"type":"Feature","properties":{"min_depth":0,"max_depth":2},"geometry":{"type":"Polygon","coordinates":[[[-70.86869791666675,43.11890625000021],[-70.86869791666675,43.11942708333354],[-70.86801569835688,43.12001833920209],[-70.86796875000007,43.119947916666874],[-70.86776984908144,43.118157808399154],[-70.86869791666675,43.11890625000021]]]}},{"type":"Feature","properties":{"min_depth":2,"max_depth":5},"geometry":{"type":"Polygon","coordinates":[[[-70.16828125000072,43.350260416666664],[-70.1504166666674,43.35010416666667],[-70.19061197916564,43.350299479166665],[-70.16828125000072,43.350260416666664]]]}},{"type":"Feature","properties":{"min_depth":2,"max_depth":5},"geometry":{"type":"Polygon","coordinates":[[[-70.45218750000046,43.34630208333334],[-70.45178926991198,43.346508573008855],[-70.45125000000046,43.346562500000005],[-70.450770051195,43.34703178327646],[-70.44968750000046,43.34708333333334],[-70.44890625000045,43.34645833333334],[-70.44859375000046,43.34395833333334],[-70.44807291666713,43.343802083333344],[-70.4478645833338,43.344427083333336],[-70.44541666666713,43.346562500000005],[-70.44776041666712,43.34885416666667],[-70.44791666666713,43.34979166666667],[-70.44392396907264,43.350405927835055],[-70.43781250000046,43.350260416666664],[-70.43677083333381,43.349583333333335],[-70.43625000000047,43.35010416666667],[-70.4389583333338,43.347239583333334],[-70.4414583333338,43.34703125000001],[-70.4425520833338,43.34630208333334],[-70.44442708333379,43.34609375],[-70.44526041666713,43.345312500000006],[-70.44552083333379,43.34406250000001],[-70.44697916666712,43.343593750000004],[-70.44723958333378,43.34307291666667],[-70.44942708333379,43.34307291666667],[-70.45026041666712,43.343854166666674],[-70.45072916666713,43.345312500000006],[-70.4517708333338,43.34546875000001],[-70.45255208333379,43.346197916666675],[-70.45406250000039,43.346197916666675],[-70.45218750000046,43.34630208333334]]]}},{"type":"Feature","properties":{"min_depth":2,"max_depth":5},"geometry":{"type":"Polygon","coordinates":[[[-70.43625000000047,43.35010416666667],[-70.41838541666715,43.350260416666664],[-70.2576041666673,43.35041666666667],[-70.21852539062738,43.35034830729167],[-70.43625000000047,43.35010416666667]]]}},{"type":"Feature","properties":{"min_depth":2,"max_depth":5},"geometry":{"type":"Polygon","coordinates":[[[-70.45791666666713,43.34229166666661],[-70.457803179825,43.34266995614037],[-70.45754831827354,43.342943022088356],[-70.45708333333378,43.343229166666674],[-70.45718251206429,43.34333495731255],[-70.45713541666711,43.34338541666667],[-70.45692708333378,43.345260416666676],[-70.45670508555177,43.34544736216731],[-70.45656250000046,43.34546875000001],[-70.45593750000045,43.34609375],[-70.45411814298608,43.346194825389695],[-70.45609375000045,43.34447916666667],[-70.45640625000046,43.34302083333334],[-70.45805295658728,43.34147392714571],[-70.45791666666713,43.34229166666661]]]}},{"type":"Feature","properties":{"min_depth":2,"max_depth":5},"geometry":{"type":"Polygon","coordinates":[[[-70.46520833333378,43.339583333333344],[-70.46364583333377,43.34192708333334],[-70.46239583333379,43.34213541666668],[-70.46161458333378,43.342864583333345],[-70.45973958333377,43.34276041666667],[-70.45865814121082,43.34138403578291],[-70.46062500000045,43.341302083333346],[-70.46177083333379,43.34208333333334],[-70.46218750000044,43.341406250000006],[-70.46364583333377,43.341093750000006],[-70.46520833333378,43.339583333333344]]]}},{"type":"Feature","properties":{"min_depth":2,"max_depth":5},"geometry":{"type":"Polygon","coordinates":[[[-70.57630208333367,43.217760416666785],[-70.57634431306342,43.21779701576589],[-70.57619791666701,43.21911458333345],[-70.5761060049023,43.21928002450993],[-70.57557291666701,43.21973958333346],[-70.57541666666701,43.22052083333345],[-70.57557291666701,43.221927083333455],[-70.57692708333367,43.22302083333345],[-70.57723958333368,43.22447916666678],[-70.579479166667,43.22588541666678],[-70.57985088470353,43.2273722888129],[-70.57958333333367,43.22760416666678],[-70.57999105639765,43.22793297558933],[-70.58053988821172,43.23012830284563],[-70.58046875000034,43.23026041666677],[-70.58062026515185,43.23031092171728],[-70.581354166667,43.231093750000106],[-70.58260416666701,43.231354166666776],[-70.583385416667,43.23281250000011],[-70.585260416667,43.23307291666677],[-70.58552083333366,43.233593750000104],[-70.58594150641059,43.23377403846165],[-70.58700068739458,43.23486437182751],[-70.58703125000034,43.2357812500001],[-70.58625000000033,43.23677083333344],[-70.58770833333367,43.237500000000104],[-70.5878200757579,43.23777935606069],[-70.58784855769264,43.238633814102656],[-70.58778125000033,43.23923958333344],[-70.587447916667,43.23973958333343],[-70.587135416667,43.24005208333343],[-70.58714342948751,43.24019631410266],[-70.587135416667,43.240208333333435],[-70.587135416667,43.242291666666766],[-70.58786458333367,43.243229166666765],[-70.58819115991025,43.24424971846859],[-70.588229166667,43.244427083333434],[-70.58824853650171,43.24442902031691],[-70.588697916667,43.24583333333343],[-70.588697916667,43.25000000000009],[-70.58796875000033,43.25187500000009],[-70.58786458333367,43.25395833333342],[-70.587135416667,43.25505208333342],[-70.58692708333366,43.25692708333342],[-70.58630208333366,43.257552083333415],[-70.58609375000033,43.25942708333342],[-70.58546875000033,43.26005208333341],[-70.585260416667,43.26192708333342],[-70.58473958333367,43.26218750000008],[-70.58453125000034,43.26343750000008],[-70.58380208333367,43.26406250000008],[-70.58359375000033,43.26531250000008],[-70.58296875000033,43.265729166666745],[-70.582760416667,43.266979166666744],[-70.582135416667,43.26739583333341],[-70.58192708333367,43.26864583333341],[-70.58130208333367,43.269062500000075],[-70.58109375000033,43.270312500000074],[-70.58046875000034,43.27072916666674],[-70.580260416667,43.27197916666674],[-70.579635416667,43.272395833333405],[-70.57942708333367,43.273645833333404],[-70.57807291666701,43.27468750000007],[-70.577760416667,43.2761458333334],[-70.57630208333367,43.2773958333334],[-70.57609375000034,43.2786458333334],[-70.57364583333367,43.28109375000006],[-70.57239583333369,43.2813020833334],[-70.571979166667,43.28192708333339],[-70.57072916666702,43.28213541666673],[-70.57031250000034,43.282760416666726],[-70.56906250000036,43.282968750000066],[-70.56822916666701,43.28375000000006],[-70.56776041666701,43.28765625000006],[-70.56390625000036,43.29140625000006],[-70.56380208333368,43.29328125000005],[-70.56536458333369,43.29604166666672],[-70.56526041666702,43.298541666666715],[-70.56307291666702,43.30052083333338],[-70.56286458333369,43.30177083333338],[-70.56223958333369,43.30229166666671],[-70.56203125000036,43.30479166666671],[-70.56130208333369,43.30572916666671],[-70.56119791666703,43.306770833333374],[-70.5597395833337,43.30802083333337],[-70.55859375000036,43.31114583333337],[-70.55640625000036,43.31302083333337],[-70.55609375000036,43.3144791666667],[-70.55296875000036,43.31640625000003],[-70.55213541666703,43.317395833333364],[-70.5519270833337,43.31864583333336],[-70.54890625000037,43.321354166666694],[-70.54859375000036,43.322812500000026],[-70.5461458333337,43.32526041666669],[-70.54468750000036,43.32557291666669],[-70.53697916666704,43.33359375000001],[-70.53572916666705,43.33380208333335],[-70.53494791666705,43.33453125000002],[-70.53307291666704,43.334739583333345],[-70.53093750000038,43.33692708333334],[-70.52656250000038,43.33723958333334],[-70.52531250000038,43.33859375000001],[-70.5240625000004,43.33880208333335],[-70.52364583333372,43.33942708333334],[-70.52239583333373,43.33963541666668],[-70.52161458333373,43.34036458333335],[-70.52005208333372,43.340468750000014],[-70.51895833333373,43.34119791666668],[-70.51645833333373,43.341406250000006],[-70.5157812500004,43.34203125000001],[-70.5142187500004,43.34203125000001],[-70.51348958333372,43.341406250000006],[-70.5098437500004,43.341093750000006],[-70.50927083333374,43.340468750000014],[-70.50802083333373,43.34026041666667],[-70.50697916666707,43.33890625000001],[-70.50572916666708,43.33869791666668],[-70.50520833333374,43.338072916666675],[-70.50270833333374,43.337968750000016],[-70.50140625000041,43.33880208333335],[-70.5003125000004,43.34026041666667],[-70.49906250000042,43.34052083333334],[-70.49843750000042,43.341979166666675],[-70.49739583333375,43.34213541666668],[-70.49671875000041,43.34276041666667],[-70.49161458333376,43.34307291666667],[-70.49072916666708,43.34375000000001],[-70.49031250000041,43.34307291666667],[-70.48906250000043,43.342864583333345],[-70.48843750000043,43.34213541666668],[-70.48739583333376,43.34213541666668],[-70.48677083333376,43.342864583333345],[-70.48552083333375,43.34307291666667],[-70.48476851851893,43.344050925925934],[-70.48473958333375,43.34406250000001],[-70.48472993827203,43.34410108024692],[-70.48447916666709,43.344427083333336],[-70.4832291666671,43.34463541666668],[-70.48270833333376,43.34526041666667],[-70.4797916666671,43.34557291666667],[-70.47895833333376,43.346250000000005],[-70.47802083333376,43.34609375],[-70.47739583333376,43.34541666666667],[-70.47697916666709,43.34609375],[-70.4760416666671,43.346250000000005],[-70.4738541666671,43.34510416666667],[-70.47359375000043,43.343854166666674],[-70.47205924192409,43.342563784875196],[-70.47203125000044,43.34239583333334],[-70.47109375000043,43.341302083333346],[-70.47057291666711,43.341302083333346],[-70.46989583333377,43.34208333333334],[-70.4694791666671,43.341406250000006],[-70.46822916666711,43.34119791666668],[-70.46781250000043,43.34057291666667],[-70.467092198582,43.34029920212767],[-70.4696354166671,43.340468750000014],[-70.4708854166671,43.34119791666668],[-70.4727604166671,43.341406250000006],[-70.4738541666671,43.34276041666667],[-70.47510416666711,43.34296875000001],[-70.4758854166671,43.343593750000004],[-70.48151041666709,43.34369791666668],[-70.48614583333375,43.34192708333334],[-70.48776041666709,43.34031250000001],[-70.4880729166671,43.33885416666668],[-70.48937500000042,43.33791666666668],[-70.4901041666671,43.33807291666668],[-70.49057291666709,43.34026041666668],[-70.49223958333374,43.34192708333334],[-70.49442708333375,43.34192708333334],[-70.49489583333376,43.341302083333346],[-70.49614583333374,43.341093750000006],[-70.49807291666708,43.33880208333335],[-70.49869791666708,43.33859375000001],[-70.49880208333374,43.338072916666675],[-70.49942708333374,43.33781250000001],[-70.49989583333375,43.33635416666668],[-70.50093750000042,43.336197916666684],[-70.5017187500004,43.33546875000002],[-70.5028125000004,43.33541666666668],[-70.5042187500004,43.336197916666684],[-70.5060937500004,43.33640625000001],[-70.5071875000004,43.337760416666676],[-70.50864583333373,43.338072916666675],[-70.50973958333373,43.33942708333334],[-70.51161458333374,43.33963541666668],[-70.51270833333373,43.34036458333335],[-70.51479166666707,43.34036458333335],[-70.51588541666706,43.33963541666668],[-70.51776041666706,43.33942708333334],[-70.51838541666706,43.33880208333335],[-70.52026041666706,43.33859375000001],[-70.52072916666707,43.337968750000016],[-70.52197916666705,43.337760416666676],[-70.52223958333371,43.33723958333334],[-70.52442708333372,43.33692708333334],[-70.52635416666705,43.334739583333345],[-70.52760416666706,43.33453125000002],[-70.52802083333371,43.33390625000001],[-70.52927083333373,43.33369791666669],[-70.52989583333371,43.33307291666668],[-70.53458333333371,43.332604166666684],[-70.5355208333337,43.331406250000015],[-70.53697916666704,43.331093750000015],[-70.5430208333337,43.324739583333354],[-70.54447916666703,43.324427083333354],[-70.54536458333371,43.323437500000026],[-70.54557291666704,43.32218750000003],[-70.54609375000037,43.32187500000003],[-70.54656250000036,43.31875000000003],[-70.54807291666702,43.31723958333336],[-70.55026041666703,43.31692708333336],[-70.55109375000036,43.3161979166667],[-70.5513020833337,43.315572916666696],[-70.55526041666702,43.3119791666667],[-70.55557291666703,43.31052083333337],[-70.55692708333369,43.309427083333375],[-70.55713541666702,43.30755208333337],[-70.5578645833337,43.306770833333374],[-70.55796875000036,43.30572916666671],[-70.55942708333369,43.30447916666671],[-70.55963541666702,43.30322916666671],[-70.56041666666702,43.30229166666671],[-70.55942708333369,43.29968750000005],[-70.55880208333369,43.29927083333338],[-70.55859375000036,43.29802083333338],[-70.55796875000036,43.297604166666716],[-70.55807291666702,43.29656250000005],[-70.55994791666703,43.29630208333339],[-70.56135416666702,43.29776041666671],[-70.56260416666703,43.29765625000005],[-70.56281250000035,43.29453125000005],[-70.56135416666702,43.29328125000005],[-70.56140625000036,43.29140625000006],[-70.56442708333368,43.28864583333339],[-70.56473958333369,43.28718750000006],[-70.56609375000035,43.286041666666726],[-70.56630208333368,43.28354166666673],[-70.56703125000035,43.28260416666673],[-70.56718750000034,43.281562500000064],[-70.56864583333368,43.28109375000006],[-70.56906250000036,43.28046875000007],[-70.57031250000034,43.28026041666673],[-70.57072916666702,43.279635416666736],[-70.571979166667,43.279427083333395],[-70.575260416667,43.2761458333334],[-70.57557291666701,43.27468750000007],[-70.57692708333367,43.273645833333404],[-70.57807291666701,43.27052083333341],[-70.57942708333367,43.26947916666674],[-70.579635416667,43.26822916666674],[-70.580260416667,43.267760416666746],[-70.58057291666701,43.26557291666675],[-70.58119791666701,43.265104166666745],[-70.58140625000034,43.263854166666746],[-70.58192708333367,43.263593750000084],[-70.582135416667,43.26171875000008],[-70.582760416667,43.261093750000086],[-70.58296875000033,43.25921875000008],[-70.58359375000033,43.25859375000009],[-70.58380208333367,43.25671875000008],[-70.58442708333367,43.25609375000009],[-70.584635416667,43.254218750000085],[-70.585260416667,43.253489583333426],[-70.58546875000033,43.25036458333342],[-70.58609375000033,43.24916666666676],[-70.58625000000033,43.24708333333343],[-70.58609375000033,43.24333333333343],[-70.585572916667,43.24276041666677],[-70.585416666667,43.24135416666677],[-70.58609375000033,43.240208333333435],[-70.58625000000033,43.238333333333436],[-70.58609375000033,43.23729166666677],[-70.58546875000033,43.236614583333434],[-70.58536458333367,43.235052083333436],[-70.58281250000033,43.23223958333344],[-70.58156250000035,43.23203125000011],[-70.58057291666701,43.23114583333344],[-70.58036458333368,43.229895833333444],[-70.579635416667,43.22911458333344],[-70.57942708333367,43.22723958333345],[-70.57640625000035,43.22447916666678],[-70.57619791666701,43.22322916666678],[-70.57557291666701,43.22281250000012],[-70.57536458333368,43.22156250000012],[-70.57458333333368,43.220729166666786],[-70.575260416667,43.22026041666679],[-70.57557291666701,43.21807291666679],[-70.57630208333367,43.2174166666668],[-70.57630208333367,43.217760416666785]]]}},{"type":"Feature","properties":{"min_depth":2,"max_depth":5},"geometry":{"type":"Polygon","coordinates":[[[-70.47531250000043,43.12026041666687],[-70.4738541666671,43.12072916666688],[-70.47375000000044,43.12145833333354],[-70.47421875000043,43.121979166666875],[-70.47578125000044,43.12213541666688],[-70.4763541666671,43.12276041666687],[-70.47688770325249,43.12270325203272],[-70.47635416666711,43.122916666666875],[-70.47375000000044,43.122604166666875],[-70.47296875000043,43.12177083333354],[-70.4730729166671,43.12052083333354],[-70.47437500000044,43.11963541666688],[-70.47564123376667,43.11976731601753],[-70.47531250000043,43.12026041666687]]]}},{"type":"Feature","properties":{"min_depth":2,"max_depth":5},"geometry":{"type":"Polygon","coordinates":[[[-70.58057291666701,43.21302083333346],[-70.58010416666701,43.21447916666679],[-70.57887282338343,43.21473569651753],[-70.57890625000034,43.214635416666795],[-70.57953125000034,43.214427083333455],[-70.57973958333368,43.21380208333346],[-70.58036458333368,43.21359375000012],[-70.58057291666701,43.21296875000013],[-70.580651041667,43.212942708333465],[-70.58057291666701,43.21302083333346]]]}},{"type":"Feature","properties":{"min_depth":2,"max_depth":5},"geometry":{"type":"Polygon","coordinates":[[[-70.588697916667,43.19671875000014],[-70.58866745211111,43.19763268667657],[-70.58740799650734,43.19881175149713],[-70.58718750000033,43.198906250000135],[-70.58625000000033,43.19989583333347],[-70.58703125000034,43.2011979166668],[-70.58703125000034,43.203802083333464],[-70.58625000000033,43.205520833333466],[-70.58627105110371,43.20571029326378],[-70.58625000000033,43.2057291666668],[-70.5862769396555,43.20576329023002],[-70.58640625000034,43.20692708333347],[-70.58700309684718,43.207225506756885],[-70.58697200829417,43.20778510071103],[-70.58640625000034,43.208020833333464],[-70.5859400684935,43.20947117579921],[-70.58468750000033,43.20973958333346],[-70.58281250000033,43.21192708333346],[-70.5813728632482,43.2122355769232],[-70.58140625000034,43.2121354166668],[-70.58203125000034,43.21192708333346],[-70.58223958333367,43.211302083333464],[-70.58286458333367,43.211093750000124],[-70.583072916667,43.21046875000013],[-70.583697916667,43.21026041666679],[-70.58453125000034,43.20927083333346],[-70.58473958333367,43.208020833333464],[-70.58536458333367,43.207760416666794],[-70.58536458333367,43.20723958333346],[-70.58473958333367,43.2068229166668],[-70.58458333333367,43.2044791666668],[-70.58536458333367,43.2021354166668],[-70.58552083333366,43.199531250000135],[-70.586041666667,43.19875000000014],[-70.58697916666699,43.198593750000136],[-70.587760416667,43.19770833333347],[-70.5880348389359,43.19587885154075],[-70.588697916667,43.19671875000014]]]}},{"type":"Feature","properties":{"min_depth":2,"max_depth":5},"geometry":{"type":"Polygon","coordinates":[[[-70.59427083333367,43.1705208333335],[-70.59505208333366,43.17197916666683],[-70.59692708333365,43.172395833333496],[-70.59734375000032,43.17343750000016],[-70.60114678607755,43.174045985772516],[-70.60192708333365,43.1747395833335],[-70.60213541666698,43.17661458333349],[-70.60250295112334,43.17701274566121],[-70.60277715551605,43.178095131421884],[-70.60280070754749,43.17922562893099],[-70.60276041666698,43.17942708333349],[-70.60140625000032,43.18052083333349],[-70.60109375000032,43.18197916666682],[-70.60041666666699,43.18239583333349],[-70.60119791666699,43.183385416666816],[-70.60119791666699,43.18413194444455],[-70.6011012883775,43.18503380847969],[-70.59979166666699,43.18619791666682],[-70.59770833333366,43.18619791666682],[-70.59640625000033,43.185468750000155],[-70.59614583333365,43.18609375000015],[-70.59468750000032,43.18640625000015],[-70.59322916666699,43.187916666666816],[-70.59277723456437,43.19168276752204],[-70.59109375000033,43.19359375000014],[-70.58890625000032,43.19406250000014],[-70.58859375000033,43.19531250000014],[-70.58807159251445,43.195633827683764],[-70.58822916666699,43.194583333333476],[-70.59192708333366,43.19098958333348],[-70.59239583333365,43.18708333333348],[-70.59385416666699,43.185572916666814],[-70.595104166667,43.18536458333349],[-70.59588541666699,43.18463541666682],[-70.597447916667,43.18463541666682],[-70.59854166666699,43.18541666666682],[-70.59927083333366,43.185156250000155],[-70.59973958333366,43.181510416666825],[-70.60036458333366,43.180937500000155],[-70.60057291666699,43.179687500000156],[-70.60203125000032,43.178281250000154],[-70.60203125000032,43.176718750000155],[-70.60109375000032,43.175468750000164],[-70.60026041666698,43.17473958333349],[-70.59838541666699,43.174531250000165],[-70.597604166667,43.1738020833335],[-70.59635416666698,43.17359375000016],[-70.593072916667,43.170312500000165],[-70.59305654761938,43.170267857143024],[-70.59427083333367,43.1705208333335]]]}},{"type":"Feature","properties":{"min_depth":2,"max_depth":5},"geometry":{"type":"Polygon","coordinates":[[[-70.59368742828491,43.16389352051078],[-70.59322916666699,43.16390625000017],[-70.59223958333367,43.16468750000017],[-70.59213541666699,43.16593750000017],[-70.59276041666699,43.16640625000017],[-70.593072916667,43.16859375000017],[-70.59375000000033,43.169062500000166],[-70.59296875000032,43.169739583333495],[-70.59300846354199,43.17013671875013],[-70.59192708333366,43.16718750000017],[-70.59046875000033,43.16593750000017],[-70.590572916667,43.16468750000017],[-70.59171875000033,43.16390625000017],[-70.5937322082867,43.16386896373561],[-70.59368742828491,43.16389352051078]]]}},{"type":"Feature","properties":{"min_depth":2,"max_depth":5},"geometry":{"type":"Polygon","coordinates":[[[-70.71354166666688,43.07942708333358],[-70.71062500000022,43.07973958333358],[-70.70927083333355,43.08109375000024],[-70.70489583333355,43.08140625000024],[-70.70427083333357,43.08208333333358],[-70.70364583333355,43.08140625000024],[-70.70270833333356,43.081250000000246],[-70.70218750000022,43.08031250000025],[-70.70177083333357,43.07656250000025],[-70.69973958333357,43.07531250000025],[-70.69953125000023,43.07434027777805],[-70.69953125000023,43.07390625000025],[-70.69934742647077,43.07379289215708],[-70.6980729166669,43.07281250000025],[-70.69786458333357,43.071562500000255],[-70.69723958333357,43.07104166666692],[-70.69703125000024,43.068541666666924],[-70.69630208333356,43.06744791666692],[-70.69609375000023,43.06557291666693],[-70.6954166666669,43.06510416666693],[-70.6977604166669,43.063645833333595],[-70.6979166666669,43.062708333333596],[-70.6974479166669,43.06218750000026],[-70.6958854166669,43.06218750000026],[-70.6954166666669,43.06312500000026],[-70.6930729166669,43.063645833333595],[-70.68291666666691,43.06406250000026],[-70.68375000000024,43.06510416666693],[-70.68270833333358,43.066093750000256],[-70.68094153892419,43.066417662308645],[-70.68072916666691,43.06625000000026],[-70.68052225594359,43.06649453085509],[-70.67645833333358,43.06723958333359],[-70.67437500000025,43.069427083333586],[-70.67145833333359,43.069739583333586],[-70.67046875000025,43.07057291666692],[-70.67046875000025,43.070802469136055],[-70.66864583333358,43.07276041666692],[-70.66718750000025,43.073072916666916],[-70.66554866412238,43.07498489185777],[-70.66375000000026,43.07572916666692],[-70.66399963556879,43.07616602891182],[-70.66359375000026,43.07932291666692],[-70.66291666666693,43.08020833333358],[-70.66369791666693,43.081927083333575],[-70.66307291666693,43.082135416666915],[-70.66197916666692,43.08359375000024],[-70.66052083333359,43.08390625000024],[-70.66010416666694,43.084531250000246],[-70.65906250000027,43.084531250000246],[-70.65822916666693,43.083750000000244],[-70.6572395833336,43.08468750000024],[-70.65713541666693,43.08593750000024],[-70.65776041666693,43.08635416666691],[-70.65796875000026,43.08760416666691],[-70.65869791666694,43.088229166666906],[-70.65859375000026,43.089479166666905],[-70.65670875000028,43.09064916666691],[-70.65640625000027,43.09052083333357],[-70.65634748931652,43.090873397436134],[-70.65557291666694,43.0913541666669],[-70.65526041666693,43.092812500000235],[-70.65296875000027,43.09473958333356],[-70.65276041666694,43.09536458333357],[-70.65223958333361,43.09536458333357],[-70.65177083333361,43.094635416666904],[-70.65041666666694,43.09489583333357],[-70.65286458333361,43.097395833333564],[-70.65286458333361,43.09843750000023],[-70.65213541666694,43.09906250000023],[-70.6519270833336,43.10031250000023],[-70.65018092105291,43.102058662280925],[-70.64968750000027,43.10223958333356],[-70.64925857843164,43.10279718137277],[-70.64822916666695,43.10296875000023],[-70.64723958333362,43.10380208333356],[-70.64720619658148,43.103902243589964],[-70.64718750000027,43.10390625000022],[-70.64630208333361,43.10489583333356],[-70.64628720238123,43.104985119047846],[-70.64557291666695,43.10552083333356],[-70.64537683823558,43.10669730392179],[-70.64473958333362,43.10718750000022],[-70.64464947376037,43.10762002595178],[-70.64453125000028,43.107760416666885],[-70.64140625000029,43.10968750000022],[-70.64109375000028,43.11114583333355],[-70.64026041666695,43.11192708333355],[-70.63837121212148,43.11219696969718],[-70.63822916666695,43.11208333333355],[-70.63736142392422,43.11290540540561],[-70.63635416666695,43.11322916666688],[-70.63619791666696,43.11427083333355],[-70.63541666666696,43.11510416666688],[-70.63609375000028,43.11552083333355],[-70.63630208333362,43.11677083333355],[-70.63697769538635,43.11720515536744],[-70.63692708333362,43.11781250000021],[-70.63604635416698,43.11860052083354],[-70.63390625000028,43.11890625000021],[-70.63322916666695,43.119583333333544],[-70.63313729508225,43.120502049180544],[-70.63291666666696,43.12072916666688],[-70.63309534143546,43.120921585648354],[-70.63276041666695,43.12427083333354],[-70.63229687500029,43.12485026041687],[-70.63218750000028,43.12489583333354],[-70.63218263888918,43.12499305555576],[-70.63213541666696,43.125052083333536],[-70.63215871710555,43.12547149122825],[-70.63213541666696,43.125937500000205],[-70.63218649839773,43.125971554487386],[-70.63223958333363,43.12692708333354],[-70.63442708333362,43.12885416666687],[-70.63442708333362,43.12938683712143],[-70.63404284591225,43.13069673742157],[-70.63197916666695,43.13276041666686],[-70.63072916666697,43.1329687500002],[-70.63041666666696,43.1334375000002],[-70.62260416666696,43.133906250000194],[-70.6214062500003,43.134739583333534],[-70.6204687500003,43.138437500000194],[-70.6210937500003,43.13895833333353],[-70.62156250000031,43.14187500000019],[-70.6228125000003,43.142395833333524],[-70.6229687500003,43.14343750000019],[-70.6237500000003,43.14427083333352],[-70.62223958333364,43.14562500000019],[-70.62192708333363,43.14854166666685],[-70.62057291666697,43.14979166666685],[-70.62026041666697,43.152708333333514],[-70.61963541666697,43.15322916666685],[-70.61942708333363,43.154479166666846],[-70.61880208333363,43.15489583333351],[-70.6185937500003,43.15614583333351],[-70.6179687500003,43.15656250000018],[-70.61776041666697,43.157812500000176],[-70.61713541666697,43.15822916666684],[-70.61692708333364,43.15947916666684],[-70.61557291666698,43.16052083333351],[-70.61526041666697,43.16197916666684],[-70.61197916666697,43.16526041666683],[-70.61072916666699,43.16546875000017],[-70.60994791666698,43.16619791666684],[-70.60807291666697,43.166406250000165],[-70.60729166666698,43.16703125000017],[-70.60520833333365,43.16703125000017],[-70.60437500000032,43.166406250000165],[-70.60145833333365,43.166093750000165],[-70.60026041666698,43.1647395833335],[-70.59838541666699,43.164531250000174],[-70.59760416666698,43.16390625000017],[-70.59715605345944,43.16389380241107],[-70.59699173850608,43.16380860206488],[-70.59734375000032,43.16380208333351],[-70.59937500000032,43.164531250000174],[-70.60187500000032,43.1647395833335],[-70.60255208333365,43.165364583333506],[-70.60411458333365,43.165364583333506],[-70.60479166666698,43.1647395833335],[-70.60729166666698,43.164531250000174],[-70.60822916666699,43.16380208333351],[-70.60947916666697,43.16359375000017],[-70.61442708333364,43.15864583333351],[-70.61463541666697,43.15739583333351],[-70.61536458333364,43.15661458333351],[-70.61557291666698,43.154739583333516],[-70.61619791666698,43.15411458333351],[-70.61640625000031,43.15223958333352],[-70.61692708333364,43.15197916666685],[-70.61713541666697,43.15072916666685],[-70.61786458333364,43.15010416666685],[-70.61807291666697,43.14885416666685],[-70.61869791666697,43.148437500000185],[-70.61880208333363,43.14739583333352],[-70.6195312500003,43.146614583333516],[-70.61973958333364,43.144739583333525],[-70.62036458333364,43.14411458333352],[-70.62036458333364,43.14255208333352],[-70.61963541666697,43.14098958333352],[-70.61958333333364,43.138437500000194],[-70.62057291666697,43.1339062500002],[-70.62161458333364,43.13307291666686],[-70.6267187500003,43.13276041666686],[-70.62739583333364,43.13213541666687],[-70.62864583333362,43.13192708333353],[-70.6309375000003,43.129583333333535],[-70.6314062500003,43.124114583333544],[-70.63208333333363,43.12250000000021],[-70.63192708333362,43.12062500000021],[-70.63130208333362,43.12010416666688],[-70.6314062500003,43.11885416666688],[-70.63223958333361,43.118072916666875],[-70.63442708333362,43.11760416666688],[-70.6345312500003,43.116562500000214],[-70.63380208333362,43.115937500000214],[-70.6339062500003,43.114687500000215],[-70.63723958333361,43.111406250000215],[-70.63942708333362,43.111093750000215],[-70.64026041666695,43.11031250000022],[-70.64057291666695,43.10885416666689],[-70.64359375000028,43.107031250000226],[-70.64380208333361,43.10640625000022],[-70.64526041666694,43.105312500000224],[-70.64557291666695,43.10385416666689],[-70.64927083333362,43.100416666666895],[-70.64958333333361,43.09781250000023],[-70.6494270833336,43.0965104166669],[-70.6488020833336,43.09593750000023],[-70.64890625000028,43.094687500000234],[-70.65057291666693,43.0930729166669],[-70.65244791666694,43.09286458333357],[-70.65322916666695,43.092135416666906],[-70.65427083333361,43.0919791666669],[-70.65473958333361,43.09052083333357],[-70.65536458333361,43.0899479166669],[-70.65526041666693,43.08807291666691],[-70.6538020833336,43.08661458333357],[-70.65390625000028,43.08473958333358],[-70.6555208333336,43.08307291666691],[-70.65677083333361,43.08286458333358],[-70.6577083333336,43.082135416666915],[-70.6602083333336,43.081927083333575],[-70.66109375000026,43.08114583333358],[-70.6613020833336,43.07989583333358],[-70.66203125000027,43.07927083333358],[-70.6622395833336,43.07802083333358],[-70.66276041666693,43.07776041666692],[-70.66307291666693,43.07557291666692],[-70.66552083333359,43.073072916666916],[-70.66697916666692,43.07276041666692],[-70.66973958333358,43.069739583333586],[-70.67442708333358,43.068593750000254],[-70.67635416666691,43.066406250000256],[-70.67947916666691,43.06526041666692],[-70.68229166666691,43.06223958333359],[-70.68541666666691,43.0617708333336],[-70.68375000000024,43.0589583333336],[-70.68390625000025,43.0580208333336],[-70.68479166666691,43.0572395833336],[-70.68729166666691,43.05713541666694],[-70.6880729166669,43.05776041666693],[-70.68994791666691,43.05796875000027],[-70.69135416666691,43.058750000000266],[-70.69244791666691,43.05869791666694],[-70.6936979166669,43.05796875000027],[-70.69682291666689,43.05822916666693],[-70.69723958333357,43.05947916666693],[-70.6986979166669,43.06057291666693],[-70.69958333333356,43.06187500000026],[-70.69942708333356,43.06281250000026],[-70.6980729166669,43.06385416666693],[-70.69786458333357,43.06510416666693],[-70.6971354166669,43.06588541666692],[-70.6971354166669,43.06744791666692],[-70.6977604166669,43.06812500000026],[-70.6980729166669,43.07104166666692],[-70.6986979166669,43.071562500000255],[-70.69890625000023,43.07281250000025],[-70.7002604166669,43.07385416666692],[-70.7005729166669,43.07531250000025],[-70.70468750000022,43.07942708333358],[-70.70593750000023,43.07963541666692],[-70.70645833333356,43.08026041666691],[-70.70833333333356,43.08041666666691],[-70.71036458333356,43.07963541666692],[-70.71348958333354,43.07942708333358],[-70.71364583333356,43.0792916666669],[-70.71354166666688,43.07942708333358]]]}},{"type":"Feature","properties":{"min_depth":2,"max_depth":5},"geometry":{"type":"Polygon","coordinates":[[[-70.60510416666699,43.00385416666698],[-70.60406250000032,43.00380208333365],[-70.60359375000031,43.004427083333645],[-70.60125000000032,43.00489583333365],[-70.60260416666699,43.00708333333365],[-70.60041666666699,43.00510416666698],[-70.60208333333365,43.00322916666698],[-70.60572916666698,43.002916666666984],[-70.60791666666698,43.00322916666698],[-70.60776041666698,43.00359375000031],[-70.60557291666697,43.004062500000316],[-70.60526041666698,43.005312500000315],[-70.60510416666699,43.00385416666698]]]}},{"type":"Feature","properties":{"min_depth":2,"max_depth":5},"geometry":{"type":"Polygon","coordinates":[[[-70.60541666666698,42.978854166667006],[-70.60526041666698,42.98026041666701],[-70.60458333333365,42.98093750000034],[-70.60149691358058,42.98140046296329],[-70.60156250000033,42.981302083333674],[-70.60281250000031,42.98109375000033],[-70.60322916666699,42.98046875000034],[-70.60447916666698,42.980260416667],[-70.60526041666698,42.979479166667005],[-70.60532575757607,42.97869507575792],[-70.60541666666698,42.978854166667006]]]}},{"type":"Feature","properties":{"min_depth":2,"max_depth":5},"geometry":{"type":"Polygon","coordinates":[[[-70.60880208333364,42.98661458333366],[-70.60942708333364,42.987291666667],[-70.60966360856301,42.98949923547435],[-70.60942708333364,42.988854166667],[-70.60796875000031,42.987760416666994],[-70.60796875000031,42.98723958333366],[-70.60859375000031,42.98692708333367],[-70.60871527777809,42.98583333333368],[-70.60880208333364,42.98661458333366]]]}},{"type":"Feature","properties":{"min_depth":2,"max_depth":5},"geometry":{"type":"Polygon","coordinates":[[[-70.60973958333363,42.97572916666701],[-70.60927083333364,42.976770833333674],[-70.608541818072,42.97686803536856],[-70.6096875000003,42.975572916667005],[-70.61060546875028,42.97541992187535],[-70.60973958333363,42.97572916666701]]]}},{"type":"Feature","properties":{"min_depth":2,"max_depth":5},"geometry":{"type":"Polygon","coordinates":[[[-70.61135416666697,42.99192708333366],[-70.61354714912311,42.99276041666699],[-70.61151041666697,42.99276041666699],[-70.61057291666698,42.991979166666994],[-70.61004142783688,42.99052965167581],[-70.61135416666697,42.99192708333366]]]}},{"type":"Feature","properties":{"min_depth":2,"max_depth":5},"geometry":{"type":"Polygon","coordinates":[[[-70.61437500000031,42.98442708333367],[-70.61375000000031,42.98364583333367],[-70.61360321969727,42.98232481060639],[-70.61369791666698,42.98239583333367],[-70.61390625000031,42.98364583333367],[-70.61473958333363,42.984427083333664],[-70.61692708333364,42.98473958333366],[-70.61760416666698,42.985416666667],[-70.61760897435929,42.9854368589747],[-70.6168750000003,42.98473958333366],[-70.61437500000031,42.98442708333367]]]}},{"type":"Feature","properties":{"min_depth":2,"max_depth":5},"geometry":{"type":"Polygon","coordinates":[[[-70.61406250000032,42.976093750000345],[-70.61360817849129,42.9739735829583],[-70.61442708333364,42.97468750000034],[-70.61463541666697,42.97593750000034],[-70.61495065789504,42.97631578947402],[-70.61406250000032,42.976093750000345]]]}},{"type":"Feature","properties":{"min_depth":2,"max_depth":5},"geometry":{"type":"Polygon","coordinates":[[[-70.61692708333364,42.99015625000033],[-70.61723844903237,42.986523650181816],[-70.61773049645421,42.985947251773375],[-70.61786458333364,42.986510416666995],[-70.61760416666698,42.99125000000033],[-70.6151562500003,42.99276041666699],[-70.61412637578647,42.99276041666699],[-70.61692708333364,42.99015625000033]]]}},{"type":"Feature","properties":{"min_depth":2,"max_depth":5},"geometry":{"type":"Polygon","coordinates":[[[-70.71916666666688,42.69973958333392],[-70.75708333333351,42.699895833333926],[-70.75739583333352,42.70036458333393],[-70.7586458333335,42.700572916667255],[-70.76145833333351,42.703593750000586],[-70.7639583333335,42.70369791666726],[-70.76562500000017,42.70291666666726],[-70.7661458333335,42.70338541666725],[-70.76625000000017,42.704479166667255],[-70.76609375000017,42.70526041666726],[-70.76546875000017,42.705729166667254],[-70.76546875000017,42.70677083333392],[-70.76609375000017,42.70723958333392],[-70.7663020833335,42.709114583333914],[-70.76703125000017,42.70989583333392],[-70.7672395833335,42.711145833333916],[-70.77109375000016,42.71468750000058],[-70.77140625000017,42.71614583333391],[-70.7728645833335,42.71739583333391],[-70.77307291666683,42.71864583333391],[-70.77526041666682,42.72052083333391],[-70.77630208333349,42.72343750000057],[-70.77703125000016,42.72406250000057],[-70.77713541666682,42.725104166667236],[-70.7778645833335,42.725729166667236],[-70.77807291666683,42.726979166667235],[-70.78109375000015,42.729687500000566],[-70.78130208333349,42.730937500000564],[-70.78203125000016,42.731562500000564],[-70.78223958333349,42.73281250000056],[-70.78276041666682,42.73307291666723],[-70.78296875000015,42.734947916667224],[-70.78369791666682,42.73572916666723],[-70.78380208333348,42.73677083333389],[-70.78526041666682,42.73807291666723],[-70.78557291666682,42.740260416667226],[-70.78609375000015,42.74052083333389],[-70.78630208333348,42.74177083333389],[-70.78703125000015,42.74239583333389],[-70.78723958333349,42.743645833333886],[-70.78859375000015,42.74473958333389],[-70.78880208333348,42.74661458333388],[-70.78942708333348,42.74723958333389],[-70.78963541666681,42.74911458333388],[-70.79036458333348,42.74989583333388],[-70.79046875000014,42.750937500000546],[-70.79119791666682,42.751562500000546],[-70.79130208333348,42.75260416666721],[-70.79203125000015,42.75322916666721],[-70.79307291666682,42.756145833333875],[-70.79442708333347,42.75729166666721],[-70.79557291666681,42.7635416666672],[-70.79692708333347,42.764687500000534],[-70.7971354166668,42.76593750000053],[-70.7977604166668,42.7665104166672],[-70.79807291666681,42.77015625000053],[-70.79869791666681,42.770729166667195],[-70.79890625000014,42.771979166667194],[-70.79942708333347,42.772239583333864],[-70.79973506743752,42.773499518305],[-70.79973958333348,42.77354166666719],[-70.79974697104032,42.7735482148619],[-70.80057291666681,42.77692708333386],[-70.80109375000013,42.77718750000052],[-70.80130208333347,42.77843750000052],[-70.80192708333347,42.77911458333386],[-70.80213861588875,42.78256961507013],[-70.80208333333347,42.782604166667184],[-70.80214180526694,42.78262170824723],[-70.80223958333347,42.78421875000052],[-70.8027604166668,42.78479166666718],[-70.80296875000013,42.78729166666718],[-70.80359375000013,42.78812500000051],[-70.80380208333347,42.79062500000051],[-70.80453125000014,42.792031250000505],[-70.80473958333347,42.79515625000051],[-70.8052604166668,42.795625000000506],[-70.80546875000013,42.7981250000005],[-70.8061979166668,42.7995312500005],[-70.80609375000013,42.80213541666716],[-70.80578125000014,42.8026562500005],[-70.80390625000013,42.80338541666716],[-70.80359375000013,42.80526041666717],[-70.8030729166668,42.8056250000005],[-70.80302083333346,42.808125000000494],[-70.8035416666668,42.808750000000494],[-70.80427083333348,42.80864583333383],[-70.8057291666668,42.80541666666716],[-70.80677083333347,42.806250000000496],[-70.80723958333347,42.80937500000049],[-70.8079166666668,42.81010416666716],[-70.80723958333347,42.81057291666716],[-70.80703125000014,42.81244791666715],[-70.80630208333346,42.81338541666715],[-70.80640625000014,42.81526041666716],[-70.80739583333346,42.81625000000049],[-70.80802083333346,42.81557291666715],[-70.80895833333346,42.815416666667154],[-70.80989583333347,42.81619791666716],[-70.81093750000014,42.81635416666715],[-70.81140625000013,42.817812500000485],[-70.81203125000013,42.81822916666715],[-70.81204861111122,42.81833333333369],[-70.81213541666679,42.819114583333814],[-70.81219065656579,42.8191856060611],[-70.81223958333347,42.81947916666715],[-70.81286458333346,42.82005208333381],[-70.81276041666679,42.82161458333381],[-70.81057291666679,42.82223958333381],[-70.80958333333346,42.82343750000048],[-70.8102604166668,42.82395833333381],[-70.81130208333346,42.82979166666714],[-70.81203125000013,42.83104166666714],[-70.81203125000013,42.83312500000047],[-70.81125000000013,42.83479166666714],[-70.81192708333346,42.835677083333806],[-70.81213541666679,42.838802083333796],[-70.81276041666679,42.83984375000047],[-70.81296875000012,42.84296875000046],[-70.81359375000012,42.844895833333794],[-70.8136979166668,42.85864583333378],[-70.8129166666668,42.86625000000044],[-70.8130729166668,42.86833333333377],[-70.8136979166668,42.87000000000044],[-70.8136979166668,42.8741666666671],[-70.81296875000012,42.8766666666671],[-70.81276041666679,42.881666666667094],[-70.81223958333347,42.88229166666709],[-70.81192708333346,42.88520833333376],[-70.81140625000013,42.885572916667094],[-70.8111979166668,42.887447916667085],[-70.81046875000013,42.88822916666709],[-70.8102604166668,42.88947916666709],[-70.80859375000013,42.891093750000415],[-70.80640625000012,42.891406250000415],[-70.80614583333346,42.89192708333375],[-70.80489583333348,42.89213541666709],[-70.8044791666668,42.89276041666708],[-70.8029166666668,42.89322916666708],[-70.80359375000013,42.89390625000042],[-70.80390625000014,42.89609375000042],[-70.8052604166668,42.89718750000041],[-70.80546875000013,42.89843750000041],[-70.80609375000013,42.898958333333745],[-70.80640625000014,42.90187500000041],[-70.80692708333346,42.902239583333746],[-70.8071354166668,42.90411458333374],[-70.80786458333347,42.905052083333736],[-70.80786458333347,42.906614583333734],[-70.80723958333347,42.90729166666707],[-70.80703125000014,42.90979166666707],[-70.80630208333346,42.91072916666707],[-70.8061979166668,42.91177083333373],[-70.80192708333347,42.91609375000039],[-70.79770833333347,42.91708333333373],[-70.79489583333347,42.916927083333725],[-70.7944791666668,42.91640625000039],[-70.79354166666681,42.916250000000396],[-70.79213541666681,42.917239583333725],[-70.79213541666681,42.91776041666706],[-70.79286458333348,42.91822916666706],[-70.79307291666682,42.91947916666706],[-70.79510416666682,42.92125000000039],[-70.79536458333348,42.92869791666705],[-70.79453125000015,42.932447916667044],[-70.79380208333347,42.93338541666704],[-70.79359375000014,42.93526041666705],[-70.79307291666682,42.93552083333371],[-70.79286458333348,42.93677083333371],[-70.79223958333348,42.93718750000038],[-70.79109375000014,42.94010416666704],[-70.78890625000014,42.94057291666704],[-70.78864583333348,42.94109375000037],[-70.78718750000014,42.94140625000037],[-70.78677083333349,42.942031250000376],[-70.78552083333348,42.9422395833337],[-70.78406250000015,42.94375000000037],[-70.78380208333348,42.9464583333337],[-70.78458333333349,42.947604166667034],[-70.78390625000016,42.9480208333337],[-70.78369791666682,42.9492708333337],[-70.78307291666682,42.949687500000366],[-70.78260416666683,42.9511458333337],[-70.78135416666682,42.95140625000036],[-70.78104166666682,42.95192708333369],[-70.77854166666683,42.9522395833337],[-70.77791666666683,42.953020833333696],[-70.77776041666682,42.9544270833337],[-70.7770833333335,42.95510416666703],[-70.7739583333335,42.95557291666702],[-70.77307291666683,42.956354166667026],[-70.7728645833335,42.957604166667025],[-70.77197916666682,42.958593750000354],[-70.77052083333349,42.958906250000354],[-70.7697395833335,42.95973958333369],[-70.7694270833335,42.96192708333369],[-70.7670833333335,42.96354166666702],[-70.76716726928392,42.9640452823695],[-70.7670833333335,42.96406250000035],[-70.76718750000016,42.96442708333368],[-70.76723335953896,42.964441823899726],[-70.7672395833335,42.96447916666702],[-70.76859375000016,42.96562500000035],[-70.76875000000017,42.96750000000035],[-70.76859375000016,42.968541666667015],[-70.7669270833335,42.970364583333684],[-70.7639583333335,42.97208333333368],[-70.76322916666685,42.97203125000035],[-70.76281250000017,42.97140625000034],[-70.76156250000018,42.971197916667016],[-70.76062500000018,42.97041666666701],[-70.75968750000017,42.97057291666701],[-70.7594270833335,42.971197916667016],[-70.7588020833335,42.97140625000034],[-70.7588020833335,42.971927083333675],[-70.76109375000017,42.974010416667014],[-70.76119791666684,42.977135416667004],[-70.76046875000017,42.978541666667006],[-70.76026041666684,42.981041666667004],[-70.75963541666684,42.98156250000034],[-70.7594270833335,42.982812500000335],[-70.7588020833335,42.983229166667],[-70.75859375000017,42.984479166667],[-70.75796875000017,42.98489583333367],[-70.75776041666684,42.986145833333666],[-70.75458333333351,42.98927083333366],[-70.74989583333351,42.98973958333366],[-70.74927083333353,42.990364583333665],[-70.74802083333351,42.99057291666699],[-70.74723958333352,42.99140625000033],[-70.74692708333352,42.99359375000033],[-70.74630208333352,42.994062500000325],[-70.74609375000018,42.995312500000324],[-70.7439062500002,42.99723958333366],[-70.74359375000019,42.99911458333365],[-70.74140625000018,42.99973958333365],[-70.74046875000019,43.000729166666986],[-70.74046875000019,43.00177083333365],[-70.74119791666686,43.00302083333365],[-70.7409375000002,43.00708333333365],[-70.73859375000019,43.00942708333364],[-70.7367187500002,43.00963541666698],[-70.7354687500002,43.01036458333365],[-70.73364583333353,43.01041666666698],[-70.7323437500002,43.01119791666697],[-70.73192708333353,43.01432291666698],[-70.73130208333353,43.01489583333364],[-70.7310937500002,43.01614583333364],[-70.7308759057973,43.016330163043776],[-70.73052083333353,43.0164062500003],[-70.72958333333354,43.01739583333364],[-70.72970736714997,43.017467391304656],[-70.7285937500002,43.023541666666965],[-70.72520833333354,43.026927083333625],[-70.72208333333354,43.02739583333363],[-70.72130208333354,43.02822916666696],[-70.72109375000021,43.02947916666696],[-70.71947916666687,43.03109375000029],[-70.71822916666689,43.03130208333363],[-70.7178125000002,43.03192708333362],[-70.71656250000022,43.03213541666696],[-70.71557291666689,43.03296875000029],[-70.71380208333355,43.03489583333362],[-70.71369791666689,43.03593750000029],[-70.71296875000021,43.03671875000028],[-70.71276041666688,43.03859375000029],[-70.71057291666689,43.040520833333616],[-70.71026041666688,43.04197916666695],[-70.70963541666688,43.04223958333361],[-70.70963541666688,43.042760416666944],[-70.71036458333356,43.04338541666694],[-70.71057291666689,43.04526041666695],[-70.71218750000021,43.04692708333361],[-70.71343750000023,43.04713541666695],[-70.71442708333355,43.04802083333361],[-70.71463541666688,43.04927083333361],[-70.71536458333355,43.050052083333604],[-70.71557291666689,43.05192708333361],[-70.71619791666689,43.0525520833336],[-70.71623883928594,43.0534114583336],[-70.71609375000021,43.05442708333361],[-70.71526041666688,43.05526041666693],[-70.71338541666688,43.055364583333606],[-70.71239583333355,43.0545833333336],[-70.71140625000022,43.05557291666694],[-70.71119791666689,43.05744791666693],[-70.71041666666689,43.05854166666693],[-70.71125000000022,43.0605208333336],[-70.71041666666689,43.063645833333595],[-70.71057291666689,43.0659895833336],[-70.71119791666689,43.06687500000026],[-70.71119791666689,43.06895833333359],[-70.70958333333355,43.070937500000255],[-70.71348958333354,43.07140625000025],[-70.71458333333355,43.07260416666692],[-70.7147566287881,43.07266193181844],[-70.71484375000021,43.07276041666692],[-70.71507523148168,43.0727681327163],[-70.71519474637701,43.07280797101474],[-70.71432291666687,43.07276041666692],[-70.71281250000023,43.072135416666924],[-70.70906250000021,43.071927083333584],[-70.70791666666689,43.070937500000255],[-70.70859375000022,43.070312500000256],[-70.70942708333355,43.06807291666693],[-70.70973958333356,43.05859375000027],[-70.71036458333356,43.057291666666934],[-70.71057291666689,43.05479166666694],[-70.71145833333355,43.05390625000027],[-70.71395833333355,43.053645833333604],[-70.71458333333355,43.05312500000027],[-70.71442708333355,43.05218750000027],[-70.71380208333355,43.0516145833336],[-70.71359375000021,43.04973958333361],[-70.70973958333356,43.04614583333361],[-70.70953125000023,43.04489583333361],[-70.70880208333355,43.04395833333361],[-70.70890625000023,43.041458333333615],[-70.70953125000023,43.04093750000028],[-70.70973958333356,43.039687500000284],[-70.71109375000022,43.03854166666695],[-70.71140625000022,43.03562500000029],[-70.71203125000022,43.035104166666954],[-70.71223958333356,43.033854166666956],[-70.71286458333356,43.03343750000029],[-70.71307291666689,43.03218750000029],[-70.71557291666687,43.02973958333362],[-70.71776041666688,43.02942708333362],[-70.71859375000021,43.02864583333363],[-70.71890625000022,43.027187500000295],[-70.72052083333354,43.02557291666696],[-70.72177083333355,43.025364583333634],[-70.72270833333354,43.02463541666697],[-70.72520833333354,43.02442708333363],[-70.7260937500002,43.023541666666965],[-70.72640625000021,43.0206250000003],[-70.72703125000021,43.02010416666697],[-70.72723958333354,43.01885416666697],[-70.72786458333354,43.0184375000003],[-70.72807291666687,43.017187500000304],[-70.72869791666687,43.01677083333364],[-70.72958333333354,43.01416666666697],[-70.72942708333353,43.012291666666975],[-70.72713541666687,43.01026041666697],[-70.72713541666687,43.00973958333364],[-70.7295312500002,43.007968750000316],[-70.73213541666686,43.007968750000316],[-70.73369791666687,43.00869791666698],[-70.73682291666685,43.00859375000031],[-70.73859375000019,43.00687500000031],[-70.7387500000002,43.005000000000315],[-70.73796875000019,43.00281250000032],[-70.73802083333352,42.99968750000032],[-70.73854166666686,42.99875000000032],[-70.74114583333352,42.997760416666985],[-70.74208333333353,42.99614583333366],[-70.7420312500002,42.995052083333654],[-70.74130208333352,42.99427083333366],[-70.74109375000019,42.99302083333366],[-70.73958333333353,42.99156250000033],[-70.74114583333352,42.99125000000033],[-70.74255208333352,42.99203125000033],[-70.74442708333352,42.99192708333366],[-70.74718750000018,42.988906250000326],[-70.75281250000018,42.98692708333366],[-70.75442708333351,42.985260416667],[-70.75557291666685,42.98057291666701],[-70.75692708333351,42.979427083333675],[-70.75713541666684,42.97755208333367],[-70.75786458333351,42.976458333333674],[-70.75776041666684,42.97395833333368],[-70.75630208333351,42.97229166666701],[-70.75656250000017,42.96958333333368],[-70.75718750000017,42.968906250000344],[-70.75968750000018,42.967916666667016],[-70.76109375000017,42.96807291666701],[-70.76218750000017,42.96942708333368],[-70.7636458333335,42.96973958333368],[-70.76406250000016,42.97041666666701],[-70.76468750000016,42.96973958333368],[-70.7661458333335,42.96927083333368],[-70.7663020833335,42.968229166667015],[-70.76703125000017,42.96744791666701],[-70.7670833333335,42.96635416666702],[-70.7669270833335,42.96557291666702],[-70.76557291666684,42.96442708333369],[-70.76546875000017,42.962552083333684],[-70.76776041666683,42.960312500000356],[-70.76807291666684,42.958854166667024],[-70.7695833333335,42.957604166667025],[-70.7686458333335,42.956406250000356],[-70.76739583333351,42.95614583333369],[-70.7670833333335,42.955208333333694],[-70.76802083333351,42.95468750000036],[-70.7711458333335,42.954531250000365],[-70.7727083333335,42.9538020833337],[-70.7752083333335,42.95359375000036],[-70.77609375000016,42.95281250000036],[-70.77640625000016,42.95135416666703],[-70.77729166666683,42.95057291666703],[-70.78041666666682,42.95010416666703],[-70.78203125000016,42.94812500000037],[-70.78203125000016,42.946041666667035],[-70.78130208333349,42.945104166667036],[-70.78140625000016,42.94385416666704],[-70.7823958333335,42.942968750000375],[-70.78364583333348,42.942760416667035],[-70.78718750000014,42.93890625000037],[-70.78843750000016,42.938697916667046],[-70.78942708333348,42.937812500000376],[-70.78963541666681,42.93656250000038],[-70.79036458333348,42.93593750000038],[-70.79057291666682,42.93468750000038],[-70.79109375000014,42.934427083333716],[-70.79140625000015,42.93223958333372],[-70.79203125000015,42.93161458333371],[-70.79291666666681,42.92708333333372],[-70.79276041666681,42.92333333333372],[-70.79213541666681,42.92244791666705],[-70.79192708333348,42.92057291666706],[-70.78973958333349,42.9185937500004],[-70.78973958333349,42.9164062500004],[-70.79083333333348,42.91557291666706],[-70.79666666666681,42.91526041666706],[-70.79739583333348,42.91463541666707],[-70.79843750000015,42.9145312500004],[-70.80203125000014,42.9109375000004],[-70.8021354166668,42.909895833333735],[-70.80286458333347,42.90911458333373],[-70.8030729166668,42.90723958333374],[-70.80359375000013,42.906875000000404],[-70.8036979166668,42.90437500000041],[-70.8030729166668,42.903541666667074],[-70.80286458333347,42.901041666667076],[-70.8021354166668,42.899947916667074],[-70.80192708333347,42.89807291666708],[-70.80140625000014,42.89781250000041],[-70.80119791666681,42.896562500000414],[-70.80031250000013,42.89557291666708],[-70.7988541666668,42.89510416666708],[-70.79859375000014,42.89385416666708],[-70.79796875000014,42.89343750000042],[-70.79796875000014,42.89239583333375],[-70.7988541666668,42.891406250000415],[-70.80010416666681,42.89119791666709],[-70.80072916666681,42.89046875000042],[-70.80177083333348,42.89046875000042],[-70.80218750000013,42.891093750000415],[-70.80312500000014,42.89125000000042],[-70.80390625000013,42.89057291666708],[-70.80609375000013,42.89026041666708],[-70.80859375000013,42.88776041666709],[-70.80880208333346,42.88588541666709],[-70.80942708333346,42.885260416667094],[-70.8096354166668,42.88338541666709],[-70.8102604166668,42.88239583333376],[-70.81046875000013,42.876145833333766],[-70.81109375000013,42.8735416666671],[-70.81140625000013,42.85895833333378],[-70.81208333333346,42.85604166666712],[-70.81125000000013,42.850312500000456],[-70.81208333333346,42.84770833333379],[-70.81140625000013,42.84687500000046],[-70.8111979166668,42.84437500000046],[-70.8105729166668,42.84343750000046],[-70.8102604166668,42.839062500000466],[-70.80973958333347,42.83859375000047],[-70.80953125000013,42.836718750000465],[-70.80890625000013,42.8358333333338],[-70.80859375000013,42.830000000000474],[-70.80796875000013,42.82927083333381],[-70.8077604166668,42.82802083333381],[-70.80473958333347,42.82531250000048],[-70.8044791666668,42.82406250000048],[-70.80302083333346,42.82359375000048],[-70.80114583333346,42.82140625000048],[-70.79989583333348,42.82119791666715],[-70.79890625000014,42.82036458333382],[-70.79869791666681,42.81973958333381],[-70.79640625000015,42.817812500000485],[-70.79619791666681,42.81656250000049],[-70.79546875000014,42.81562500000049],[-70.79557291666681,42.81312500000049],[-70.79942708333347,42.80947916666716],[-70.7996354166668,42.80822916666716],[-70.8002604166668,42.807812500000495],[-70.80046875000014,42.806562500000496],[-70.80109375000013,42.80614583333383],[-70.80130208333347,42.80489583333383],[-70.80192708333347,42.804114583333835],[-70.80203125000014,42.79848958333383],[-70.80125000000014,42.79552083333384],[-70.80208333333347,42.793541666667174],[-70.80057291666681,42.791614583333846],[-70.8002604166668,42.78505208333385],[-70.7996354166668,42.78395833333385],[-70.79942708333347,42.78145833333385],[-70.79880208333347,42.78093750000052],[-70.79859375000014,42.77968750000052],[-70.79807291666681,42.77942708333386],[-70.7977604166668,42.77723958333386],[-70.79630208333347,42.77578125000052],[-70.79619791666681,42.77421875000052],[-70.79557291666681,42.77359375000053],[-70.79536458333348,42.771718750000524],[-70.79473958333348,42.770989583333865],[-70.79442708333347,42.767343750000535],[-70.79380208333347,42.766770833333865],[-70.79359375000014,42.765520833333866],[-70.79307291666682,42.76520833333387],[-70.79276041666681,42.7622916666672],[-70.79223958333348,42.76192708333387],[-70.79203125000015,42.76005208333387],[-70.79140625000015,42.75937500000054],[-70.79109375000014,42.756458333333875],[-70.79046875000014,42.75593750000054],[-70.79026041666681,42.75468750000054],[-70.78890625000015,42.75364583333388],[-70.78776041666681,42.75052083333388],[-70.78630208333348,42.74927083333388],[-70.78619791666682,42.748229166667215],[-70.78546875000015,42.74744791666721],[-70.78526041666682,42.74557291666722],[-70.78473958333349,42.74531250000055],[-70.78453125000016,42.74406250000055],[-70.78380208333348,42.74343750000055],[-70.78359375000015,42.742187500000554],[-70.78296875000015,42.74177083333389],[-70.78276041666682,42.74052083333389],[-70.78223958333349,42.740260416667226],[-70.78203125000016,42.73838541666722],[-70.78130208333349,42.737604166667225],[-70.78109375000015,42.736354166667226],[-70.7797395833335,42.73531250000056],[-70.77953125000016,42.73406250000056],[-70.77807291666683,42.73281250000056],[-70.77776041666682,42.73135416666723],[-70.77557291666683,42.72947916666723],[-70.7753645833335,42.728229166667234],[-70.77390625000017,42.726979166667235],[-70.77359375000016,42.7255208333339],[-70.7722395833335,42.72447916666724],[-70.7719270833335,42.723020833333905],[-70.7697395833335,42.72114583333391],[-70.7694270833335,42.719687500000575],[-70.76197916666683,42.71223958333391],[-70.76072916666685,42.712031250000585],[-70.76031250000017,42.71140625000058],[-70.75906250000018,42.71119791666725],[-70.7586458333335,42.710572916667246],[-70.75739583333352,42.71036458333392],[-70.75640625000018,42.70947916666725],[-70.75619791666685,42.70822916666725],[-70.75546875000018,42.70729166666725],[-70.75526041666684,42.704791666667255],[-70.75447916666684,42.703906250000585],[-70.75302083333351,42.703593750000586],[-70.75114583333351,42.70140625000059],[-70.74989583333353,42.701145833333925],[-70.74958333333352,42.700208333333926],[-70.64480167617914,42.699722558381886],[-70.71916666666688,42.69973958333392]],[[-70.80973958333345,42.82109375000048],[-70.81114583333346,42.82125000000048],[-70.81208333333346,42.82062500000048],[-70.81192708333346,42.819687500000484],[-70.8091666666668,42.817239583333816],[-70.8029166666668,42.81739583333382],[-70.8035416666668,42.81786458333382],[-70.8060416666668,42.81807291666715],[-70.80802083333346,42.820260416667146],[-70.80927083333347,42.82046875000049],[-70.80973958333345,42.82109375000048]]]}},{"type":"Feature","properties":{"min_depth":2,"max_depth":5},"geometry":{"type":"Polygon","coordinates":[[[-70.72313391265618,43.07683767825337],[-70.72369791666688,43.07755208333358],[-70.72369791666688,43.07907147988531],[-70.72307291666688,43.079739583333584],[-70.72276041666687,43.081614583333575],[-70.72057291666687,43.082239583333575],[-70.71979791666688,43.08285958333358],[-70.71838541666688,43.082812500000244],[-70.71776041666688,43.08135416666691],[-70.71692708333354,43.08057291666691],[-70.71473958333354,43.080104166666914],[-70.71467261904785,43.07991071428603],[-70.71453125000022,43.07906250000025],[-70.71433333333356,43.07893055555581],[-70.71427083333356,43.07875000000025],[-70.71484375000021,43.07942708333358],[-70.71848958333354,43.08005208333358],[-70.7189062500002,43.081614583333575],[-70.71968750000022,43.08208333333358],[-70.72109375000021,43.08177083333358],[-70.72140625000021,43.08052083333358],[-70.72192708333354,43.08026041666692],[-70.72223958333355,43.07807291666692],[-70.72276041666687,43.07781250000025],[-70.72293318089451,43.076775914634396],[-70.72313391265618,43.07683767825337]]]}},{"type":"Feature","properties":{"min_depth":2,"max_depth":5},"geometry":{"type":"Polygon","coordinates":[[[-70.72291666666688,43.07322916666692],[-70.71623263888921,43.07286458333359],[-70.71796875000021,43.07286458333359],[-70.71979166666688,43.07208333333359],[-70.72088541666687,43.07286458333359],[-70.72276041666687,43.073072916666916],[-70.72291666666688,43.07322916666692]]]}},{"type":"Feature","properties":{"min_depth":2,"max_depth":5},"geometry":{"type":"Polygon","coordinates":[[[-70.79614583333347,42.89859375000041],[-70.79489583333348,42.89880208333375],[-70.79395833333348,42.899583333333744],[-70.79322916666682,42.89947916666708],[-70.79291666666681,42.898958333333745],[-70.79307291666682,42.898020833333746],[-70.79390625000013,42.89723958333374],[-70.79609375000014,42.89692708333374],[-70.79739583333348,42.89546875000042],[-70.79864583333347,42.89572916666708],[-70.79869791666681,42.89677083333375],[-70.79781250000013,42.897760416667076],[-70.79656250000015,42.897968750000416],[-70.79614583333347,42.89859375000041]]]}},{"type":"Feature","properties":{"min_depth":2,"max_depth":5},"geometry":{"type":"Polygon","coordinates":[[[-70.84244791666677,42.815364583333825],[-70.8448437500001,42.813906250000485],[-70.84796875000009,42.81369791666716],[-70.8496875000001,42.81296875000049],[-70.85375000000009,42.813229166667156],[-70.8534375000001,42.81369791666716],[-70.85218750000008,42.813906250000485],[-70.85192708333342,42.81442708333382],[-70.85005208333342,42.81463541666716],[-70.84927083333343,42.815364583333825],[-70.84822916666677,42.81546875000049],[-70.84760416666677,42.81619791666716],[-70.84635416666676,42.81640625000048],[-70.8460937500001,42.816927083333816],[-70.84140625000009,42.81807291666715],[-70.84114583333343,42.81859375000048],[-70.83989583333344,42.81880208333382],[-70.83958333333344,42.81927083333382],[-70.83489583333343,42.819427083333814],[-70.83375000000011,42.81822916666715],[-70.83473958333343,42.817239583333816],[-70.84244791666677,42.815364583333825]]]}},{"type":"Feature","properties":{"min_depth":2,"max_depth":5},"geometry":{"type":"Polygon","coordinates":[[[-70.85791666666675,43.12218750000021],[-70.85822916666676,43.12140625000021],[-70.85947916666674,43.121093750000206],[-70.85953125000009,43.12057291666687],[-70.85947916666674,43.12052827380972],[-70.85947916666674,43.119895833333544],[-70.85802083333341,43.11942708333354],[-70.85604910714295,43.11745535714308],[-70.8559375000001,43.11708333333355],[-70.85580729166676,43.117213541666885],[-70.85557291666676,43.11697916666688],[-70.85463541666675,43.11385416666688],[-70.85463541666675,43.108645833333554],[-70.85536458333343,43.10552083333356],[-70.85557291666676,43.09927083333356],[-70.85797148762602,43.09247488228231],[-70.85860678826424,43.091877510040405],[-70.85959780092601,43.091302083333574],[-70.86015625000013,43.091302083333574],[-70.86062747361485,43.09135444151299],[-70.85880208333342,43.0932291666669],[-70.85869791666676,43.09427083333357],[-70.85796875000008,43.09520833333357],[-70.85776041666675,43.097708333333564],[-70.85723958333342,43.098333333333564],[-70.85692708333342,43.10416666666689],[-70.85640625000009,43.10473958333356],[-70.85619791666676,43.10661458333355],[-70.85557291666676,43.10760416666689],[-70.85546875000009,43.11385416666688],[-70.85572916666675,43.11541666666688],[-70.85885416666675,43.11859375000021],[-70.86010416666676,43.11880208333355],[-70.86052083333341,43.11942708333354],[-70.86208333333342,43.119895833333544],[-70.86114583333341,43.121093750000206],[-70.85989583333343,43.121302083333546],[-70.85947916666674,43.12192708333354],[-70.85802083333341,43.12239583333354],[-70.85801236263744,43.122565247252936],[-70.85791666666675,43.12218750000021]]]}},{"type":"Feature","properties":{"min_depth":2,"max_depth":5},"geometry":{"type":"Polygon","coordinates":[[[-70.85890625000009,43.12609375000021],[-70.85830672141128,43.12372718978123],[-70.85869791666676,43.12406250000021],[-70.85890625000009,43.125312500000206],[-70.86057291666674,43.126927083333534],[-70.86291666666675,43.12677083333354],[-70.86322916666676,43.12630208333354],[-70.86447916666674,43.1260937500002],[-70.86640625000008,43.123802083333544],[-70.86703125000008,43.123593750000204],[-70.86776041666674,43.12276041666688],[-70.86791666666674,43.121354166666876],[-70.86692708333341,43.11885416666688],[-70.86630208333341,43.11859375000021],[-70.86619791666675,43.118072916666875],[-70.86296875000008,43.11609375000021],[-70.86296875000008,43.11557291666688],[-70.86369791666675,43.11510416666688],[-70.86369791666675,43.114062500000216],[-70.86213541666675,43.11276041666688],[-70.86140625000009,43.11156250000022],[-70.86130208333341,43.105312500000224],[-70.86192708333341,43.103385416666896],[-70.86291666666675,43.09427083333357],[-70.86260416666676,43.092447916666906],[-70.86198208722749,43.092050477025154],[-70.86297428097353,43.092263089970736],[-70.86328125000009,43.0926041666669],[-70.86375000000008,43.0972916666669],[-70.86296875000008,43.10244791666689],[-70.86307291666675,43.11057291666689],[-70.86390625000008,43.11281250000022],[-70.86442708333341,43.11312500000022],[-70.86489583333342,43.11604166666688],[-70.8661458333334,43.11640625000021],[-70.86720454652706,43.11749911523238],[-70.86708333333341,43.11760416666688],[-70.86776984908144,43.118157808399154],[-70.86796875000007,43.119947916666874],[-70.86801569835688,43.12001833920209],[-70.86791666666674,43.12010416666688],[-70.86818161231892,43.12026721014514],[-70.86869791666675,43.121041666666876],[-70.86869791666675,43.12312500000021],[-70.86786458333341,43.124427083333536],[-70.86723958333341,43.12463541666688],[-70.8661458333334,43.1260937500002],[-70.86489583333342,43.12630208333354],[-70.86447916666674,43.126927083333534],[-70.86322916666676,43.127135416666874],[-70.86246572580652,43.12785114247333],[-70.86239583333342,43.12786458333354],[-70.86192708333341,43.127239583333534],[-70.85973958333341,43.126927083333534],[-70.85890625000009,43.12609375000021]]]}},{"type":"Feature","properties":{"min_depth":2,"max_depth":5},"geometry":{"type":"Polygon","coordinates":[[[-70.86291666666675,43.085833333333575],[-70.86276041666675,43.08473958333358],[-70.86218413978503,43.084163306451856],[-70.8625449810607,43.083778409091146],[-70.86276041666675,43.08364583333358],[-70.86278012387395,43.08352759009034],[-70.86286458333342,43.083437500000244],[-70.86304976851861,43.08232638888913],[-70.86369791666675,43.08177083333358],[-70.86369791666675,43.081706730769476],[-70.86442708333341,43.08114583333358],[-70.86463541666674,43.07989583333358],[-70.86526041666674,43.079479166666914],[-70.86546875000008,43.078229166666915],[-70.86609375000008,43.07744791666692],[-70.86619791666675,43.07182291666692],[-70.86593750000009,43.07041666666692],[-70.86546875000008,43.07010416666692],[-70.86557291666675,43.068854166666924],[-70.86656250000009,43.06796875000026],[-70.86781250000007,43.06807291666692],[-70.8694270833334,43.069687500000256],[-70.86973958333341,43.07114583333359],[-70.8705208333334,43.071927083333584],[-70.87145833333341,43.07208333333359],[-70.87239583333341,43.07130208333359],[-70.8736458333334,43.07109375000025],[-70.87390625000006,43.07057291666692],[-70.87859375000006,43.069427083333586],[-70.87968750000006,43.06807291666692],[-70.88093750000007,43.067864583333595],[-70.88140625000005,43.06723958333359],[-70.88359375000006,43.06723958333359],[-70.88369791666673,43.06776041666692],[-70.88307291666673,43.06802083333359],[-70.88260416666674,43.06947916666692],[-70.87968750000006,43.07057291666692],[-70.87927083333341,43.071197916666925],[-70.8780208333334,43.07140625000025],[-70.87697916666673,43.07276041666692],[-70.8755208333334,43.073072916666916],[-70.87390625000008,43.07473958333359],[-70.87359375000007,43.07692708333359],[-70.87223958333341,43.07802083333358],[-70.87203125000008,43.07927083333358],[-70.87140625000008,43.07984375000025],[-70.87109375000007,43.08348958333358],[-70.87031250000007,43.08442708333357],[-70.86885416666674,43.084895833333576],[-70.86859375000007,43.086145833333575],[-70.86708333333341,43.08760416666691],[-70.86395833333341,43.0877604166669],[-70.86307291666675,43.08692708333358],[-70.86291666666675,43.085833333333575]],[[-70.86354166666675,43.08687500000024],[-70.86625000000008,43.086770833333574],[-70.86703125000008,43.08593750000024],[-70.86723958333341,43.08468750000024],[-70.86859375000007,43.08364583333358],[-70.8688020833334,43.08239583333358],[-70.8694270833334,43.08197916666691],[-70.86963541666674,43.08072916666691],[-70.87036458333341,43.080104166666914],[-70.87057291666675,43.078854166666915],[-70.87109375000007,43.07859375000025],[-70.8713020833334,43.076718750000246],[-70.8720833333334,43.07531250000025],[-70.87197916666673,43.07421875000025],[-70.87145833333341,43.07375000000025],[-70.86885416666674,43.074895833333585],[-70.86776041666674,43.07781250000025],[-70.86713541666674,43.078229166666915],[-70.86692708333341,43.079479166666914],[-70.86473958333342,43.08135416666691],[-70.86442708333341,43.082812500000244],[-70.86307291666675,43.08395833333358],[-70.86291666666675,43.085833333333575],[-70.86354166666675,43.08687500000024]]]}},{"type":"Feature","properties":{"min_depth":5,"max_depth":10},"geometry":{"type":"Polygon","coordinates":[[[-70.64480167617914,42.699722558381886],[-70.74958333333352,42.700208333333926],[-70.74989583333353,42.701145833333925],[-70.75114583333351,42.70140625000059],[-70.75302083333351,42.703593750000586],[-70.75447916666684,42.703906250000585],[-70.75526041666684,42.704791666667255],[-70.75546875000018,42.70729166666725],[-70.75619791666685,42.70822916666725],[-70.75640625000018,42.70947916666725],[-70.75739583333352,42.71036458333392],[-70.7586458333335,42.710572916667246],[-70.75906250000018,42.71119791666725],[-70.76031250000017,42.71140625000058],[-70.76072916666685,42.712031250000585],[-70.76197916666683,42.71223958333391],[-70.7694270833335,42.719687500000575],[-70.7697395833335,42.72114583333391],[-70.7719270833335,42.723020833333905],[-70.7722395833335,42.72447916666724],[-70.77359375000016,42.7255208333339],[-70.77390625000017,42.726979166667235],[-70.7753645833335,42.728229166667234],[-70.77557291666683,42.72947916666723],[-70.77776041666682,42.73135416666723],[-70.77807291666683,42.73281250000056],[-70.77953125000016,42.73406250000056],[-70.7797395833335,42.73531250000056],[-70.78109375000015,42.736354166667226],[-70.78130208333349,42.737604166667225],[-70.78203125000016,42.73838541666722],[-70.78223958333349,42.740260416667226],[-70.78276041666682,42.74052083333389],[-70.78296875000015,42.74177083333389],[-70.78359375000015,42.742187500000554],[-70.78380208333348,42.74343750000055],[-70.78453125000016,42.74406250000055],[-70.78473958333349,42.74531250000055],[-70.78526041666682,42.74557291666722],[-70.78546875000015,42.74744791666721],[-70.78619791666682,42.748229166667215],[-70.78630208333348,42.74927083333388],[-70.78776041666681,42.75052083333388],[-70.78890625000015,42.75364583333388],[-70.79026041666681,42.75468750000054],[-70.79046875000014,42.75593750000054],[-70.79109375000014,42.756458333333875],[-70.79140625000015,42.75937500000054],[-70.79203125000015,42.76005208333387],[-70.79223958333348,42.76192708333387],[-70.79276041666681,42.7622916666672],[-70.79307291666682,42.76520833333387],[-70.79359375000014,42.765520833333866],[-70.79380208333347,42.766770833333865],[-70.79442708333347,42.767343750000535],[-70.79473958333348,42.770989583333865],[-70.79536458333348,42.771718750000524],[-70.79557291666681,42.77359375000053],[-70.79619791666681,42.77421875000052],[-70.79630208333347,42.77578125000052],[-70.7977604166668,42.77723958333386],[-70.79807291666681,42.77942708333386],[-70.79859375000014,42.77968750000052],[-70.79880208333347,42.78093750000052],[-70.79942708333347,42.78145833333385],[-70.7996354166668,42.78395833333385],[-70.8002604166668,42.78505208333385],[-70.80057291666681,42.791614583333846],[-70.80208333333347,42.793541666667174],[-70.80125000000014,42.79552083333384],[-70.80203125000014,42.79848958333383],[-70.80192708333347,42.804114583333835],[-70.80130208333347,42.80489583333383],[-70.80109375000013,42.80614583333383],[-70.80046875000014,42.806562500000496],[-70.8002604166668,42.807812500000495],[-70.7996354166668,42.80822916666716],[-70.79942708333347,42.80947916666716],[-70.79557291666681,42.81312500000049],[-70.79546875000014,42.81562500000049],[-70.79619791666681,42.81656250000049],[-70.79640625000015,42.817812500000485],[-70.79869791666681,42.81973958333381],[-70.79890625000014,42.82036458333382],[-70.79989583333348,42.82119791666715],[-70.80114583333346,42.82140625000048],[-70.80302083333346,42.82359375000048],[-70.8044791666668,42.82406250000048],[-70.80473958333347,42.82531250000048],[-70.8077604166668,42.82802083333381],[-70.80796875000013,42.82927083333381],[-70.80859375000013,42.830000000000474],[-70.80890625000013,42.8358333333338],[-70.80953125000013,42.836718750000465],[-70.80973958333347,42.83859375000047],[-70.8102604166668,42.839062500000466],[-70.8105729166668,42.84343750000046],[-70.8111979166668,42.84437500000046],[-70.81140625000013,42.84687500000046],[-70.81208333333346,42.84770833333379],[-70.81125000000013,42.850312500000456],[-70.81208333333346,42.85604166666712],[-70.81140625000013,42.85895833333378],[-70.81109375000013,42.8735416666671],[-70.81046875000013,42.876145833333766],[-70.8102604166668,42.88239583333376],[-70.8096354166668,42.88338541666709],[-70.80942708333346,42.885260416667094],[-70.80880208333346,42.88588541666709],[-70.80859375000013,42.88776041666709],[-70.80609375000013,42.89026041666708],[-70.80390625000013,42.89057291666708],[-70.80312500000014,42.89125000000042],[-70.80218750000013,42.891093750000415],[-70.80177083333348,42.89046875000042],[-70.80072916666681,42.89046875000042],[-70.80010416666681,42.89119791666709],[-70.7988541666668,42.891406250000415],[-70.79796875000014,42.89239583333375],[-70.79796875000014,42.89343750000042],[-70.79859375000014,42.89385416666708],[-70.7988541666668,42.89510416666708],[-70.80031250000013,42.89557291666708],[-70.80119791666681,42.896562500000414],[-70.80140625000014,42.89781250000041],[-70.80192708333347,42.89807291666708],[-70.8021354166668,42.899947916667074],[-70.80286458333347,42.901041666667076],[-70.8030729166668,42.903541666667074],[-70.8036979166668,42.90437500000041],[-70.80359375000013,42.906875000000404],[-70.8030729166668,42.90723958333374],[-70.80286458333347,42.90911458333373],[-70.8021354166668,42.909895833333735],[-70.80203125000014,42.9109375000004],[-70.79843750000015,42.9145312500004],[-70.79739583333348,42.91463541666707],[-70.79666666666681,42.91526041666706],[-70.79083333333348,42.91557291666706],[-70.78973958333349,42.9164062500004],[-70.78973958333349,42.9185937500004],[-70.79192708333348,42.92057291666706],[-70.79213541666681,42.92244791666705],[-70.79276041666681,42.92333333333372],[-70.79291666666681,42.92708333333372],[-70.79203125000015,42.93161458333371],[-70.79140625000015,42.93223958333372],[-70.79109375000014,42.934427083333716],[-70.79057291666682,42.93468750000038],[-70.79036458333348,42.93593750000038],[-70.78963541666681,42.93656250000038],[-70.78942708333348,42.937812500000376],[-70.78843750000016,42.938697916667046],[-70.78718750000014,42.93890625000037],[-70.78364583333348,42.942760416667035],[-70.7823958333335,42.942968750000375],[-70.78140625000016,42.94385416666704],[-70.78130208333349,42.945104166667036],[-70.78203125000016,42.946041666667035],[-70.78203125000016,42.94812500000037],[-70.78041666666682,42.95010416666703],[-70.77729166666683,42.95057291666703],[-70.77640625000016,42.95135416666703],[-70.77609375000016,42.95281250000036],[-70.7752083333335,42.95359375000036],[-70.7727083333335,42.9538020833337],[-70.7711458333335,42.954531250000365],[-70.76802083333351,42.95468750000036],[-70.7670833333335,42.955208333333694],[-70.76739583333351,42.95614583333369],[-70.7686458333335,42.956406250000356],[-70.7695833333335,42.957604166667025],[-70.76807291666684,42.958854166667024],[-70.76776041666683,42.960312500000356],[-70.76546875000017,42.962552083333684],[-70.76557291666684,42.96442708333369],[-70.7669270833335,42.96557291666702],[-70.7670833333335,42.96635416666702],[-70.76703125000017,42.96744791666701],[-70.7663020833335,42.968229166667015],[-70.7661458333335,42.96927083333368],[-70.76468750000016,42.96973958333368],[-70.76406250000016,42.97041666666701],[-70.7636458333335,42.96973958333368],[-70.76218750000017,42.96942708333368],[-70.76109375000017,42.96807291666701],[-70.75968750000018,42.967916666667016],[-70.75718750000017,42.968906250000344],[-70.75656250000017,42.96958333333368],[-70.75630208333351,42.97229166666701],[-70.75776041666684,42.97395833333368],[-70.75786458333351,42.976458333333674],[-70.75713541666684,42.97755208333367],[-70.75692708333351,42.979427083333675],[-70.75557291666685,42.98057291666701],[-70.75442708333351,42.985260416667],[-70.75281250000018,42.98692708333366],[-70.74718750000018,42.988906250000326],[-70.74442708333352,42.99192708333366],[-70.74255208333352,42.99203125000033],[-70.74114583333352,42.99125000000033],[-70.73958333333353,42.99156250000033],[-70.74109375000019,42.99302083333366],[-70.74130208333352,42.99427083333366],[-70.7420312500002,42.995052083333654],[-70.74208333333353,42.99614583333366],[-70.74114583333352,42.997760416666985],[-70.73854166666686,42.99875000000032],[-70.73802083333352,42.99968750000032],[-70.73796875000019,43.00281250000032],[-70.7387500000002,43.005000000000315],[-70.73859375000019,43.00687500000031],[-70.73682291666685,43.00859375000031],[-70.73369791666687,43.00869791666698],[-70.73213541666686,43.007968750000316],[-70.7295312500002,43.007968750000316],[-70.72713541666687,43.00973958333364],[-70.72713541666687,43.01026041666697],[-70.72942708333353,43.012291666666975],[-70.72958333333354,43.01416666666697],[-70.72869791666687,43.01677083333364],[-70.72807291666687,43.017187500000304],[-70.72786458333354,43.0184375000003],[-70.72723958333354,43.01885416666697],[-70.72703125000021,43.02010416666697],[-70.72640625000021,43.0206250000003],[-70.7260937500002,43.023541666666965],[-70.72520833333354,43.02442708333363],[-70.72270833333354,43.02463541666697],[-70.72177083333355,43.025364583333634],[-70.72052083333354,43.02557291666696],[-70.71890625000022,43.027187500000295],[-70.71859375000021,43.02864583333363],[-70.71776041666688,43.02942708333362],[-70.71557291666687,43.02973958333362],[-70.71307291666689,43.03218750000029],[-70.71286458333356,43.03343750000029],[-70.71223958333356,43.033854166666956],[-70.71203125000022,43.035104166666954],[-70.71140625000022,43.03562500000029],[-70.71109375000022,43.03854166666695],[-70.70973958333356,43.039687500000284],[-70.70953125000023,43.04093750000028],[-70.70890625000023,43.041458333333615],[-70.70880208333355,43.04395833333361],[-70.70953125000023,43.04489583333361],[-70.70973958333356,43.04614583333361],[-70.71359375000021,43.04973958333361],[-70.71380208333355,43.0516145833336],[-70.71442708333355,43.05218750000027],[-70.71458333333355,43.05312500000027],[-70.71395833333355,43.053645833333604],[-70.71145833333355,43.05390625000027],[-70.71057291666689,43.05479166666694],[-70.71036458333356,43.057291666666934],[-70.70973958333356,43.05859375000027],[-70.70942708333355,43.06807291666693],[-70.70859375000022,43.070312500000256],[-70.70791666666689,43.070937500000255],[-70.70906250000021,43.071927083333584],[-70.71281250000023,43.072135416666924],[-70.71432291666687,43.07276041666692],[-70.71519474637701,43.07280797101474],[-70.71536458333355,43.07286458333359],[-70.71623263888921,43.07286458333359],[-70.72291666666688,43.07322916666692],[-70.72291666666688,43.07322916666693],[-70.72360454017284,43.07410047310781],[-70.72367476851873,43.07536458333356],[-70.72361908783803,43.07586570945972],[-70.72306385869585,43.07646059782634],[-70.72291666666688,43.07656250000025],[-70.72295967125403,43.07661697247731],[-70.72293867370912,43.07674295774673],[-70.72291666666688,43.07677083333358],[-70.72293318089451,43.076775914634396],[-70.72276041666687,43.07781250000025],[-70.72223958333355,43.07807291666692],[-70.72192708333354,43.08026041666692],[-70.72140625000021,43.08052083333358],[-70.72109375000021,43.08177083333358],[-70.71968750000022,43.08208333333358],[-70.7189062500002,43.081614583333575],[-70.71848958333354,43.08005208333358],[-70.71484375000021,43.07942708333358],[-70.71427083333356,43.07875000000025],[-70.71418025362341,43.07882850241571],[-70.71406250000021,43.07875000000025],[-70.71364583333356,43.0792916666669],[-70.71348958333354,43.07942708333358],[-70.71036458333356,43.07963541666692],[-70.70833333333356,43.08041666666691],[-70.70645833333356,43.08026041666691],[-70.70593750000023,43.07963541666692],[-70.70468750000022,43.07942708333358],[-70.7005729166669,43.07531250000025],[-70.7002604166669,43.07385416666692],[-70.69890625000023,43.07281250000025],[-70.6986979166669,43.071562500000255],[-70.6980729166669,43.07104166666692],[-70.6977604166669,43.06812500000026],[-70.6971354166669,43.06744791666692],[-70.6971354166669,43.06588541666692],[-70.69786458333357,43.06510416666693],[-70.6980729166669,43.06385416666693],[-70.69942708333356,43.06281250000026],[-70.69958333333356,43.06187500000026],[-70.6986979166669,43.06057291666693],[-70.69723958333357,43.05947916666693],[-70.69682291666689,43.05822916666693],[-70.6936979166669,43.05796875000027],[-70.69244791666691,43.05869791666694],[-70.69135416666691,43.058750000000266],[-70.68994791666691,43.05796875000027],[-70.6880729166669,43.05776041666693],[-70.68729166666691,43.05713541666694],[-70.68479166666691,43.0572395833336],[-70.68390625000025,43.0580208333336],[-70.68375000000024,43.0589583333336],[-70.68541666666691,43.0617708333336],[-70.68229166666691,43.06223958333359],[-70.67947916666691,43.06526041666692],[-70.67635416666691,43.066406250000256],[-70.67442708333358,43.068593750000254],[-70.66973958333358,43.069739583333586],[-70.66697916666692,43.07276041666692],[-70.66552083333359,43.073072916666916],[-70.66307291666693,43.07557291666692],[-70.66276041666693,43.07776041666692],[-70.6622395833336,43.07802083333358],[-70.66203125000027,43.07927083333358],[-70.6613020833336,43.07989583333358],[-70.66109375000026,43.08114583333358],[-70.6602083333336,43.081927083333575],[-70.6577083333336,43.082135416666915],[-70.65677083333361,43.08286458333358],[-70.6555208333336,43.08307291666691],[-70.65390625000028,43.08473958333358],[-70.6538020833336,43.08661458333357],[-70.65526041666693,43.08807291666691],[-70.65536458333361,43.0899479166669],[-70.65473958333361,43.09052083333357],[-70.65427083333361,43.0919791666669],[-70.65322916666695,43.092135416666906],[-70.65244791666694,43.09286458333357],[-70.65057291666693,43.0930729166669],[-70.64890625000028,43.094687500000234],[-70.6488020833336,43.09593750000023],[-70.6494270833336,43.0965104166669],[-70.64958333333361,43.09781250000023],[-70.64927083333362,43.100416666666895],[-70.64557291666695,43.10385416666689],[-70.64526041666694,43.105312500000224],[-70.64380208333361,43.10640625000022],[-70.64359375000028,43.107031250000226],[-70.64057291666695,43.10885416666689],[-70.64026041666695,43.11031250000022],[-70.63942708333362,43.111093750000215],[-70.63723958333361,43.111406250000215],[-70.6339062500003,43.114687500000215],[-70.63380208333362,43.115937500000214],[-70.6345312500003,43.116562500000214],[-70.63442708333362,43.11760416666688],[-70.63223958333361,43.118072916666875],[-70.6314062500003,43.11885416666688],[-70.63130208333362,43.12010416666688],[-70.63192708333362,43.12062500000021],[-70.63208333333363,43.12250000000021],[-70.6314062500003,43.124114583333544],[-70.6309375000003,43.129583333333535],[-70.62864583333362,43.13192708333353],[-70.62739583333364,43.13213541666687],[-70.6267187500003,43.13276041666686],[-70.62161458333364,43.13307291666686],[-70.62057291666697,43.1339062500002],[-70.61958333333364,43.138437500000194],[-70.61963541666697,43.14098958333352],[-70.62036458333364,43.14255208333352],[-70.62036458333364,43.14411458333352],[-70.61973958333364,43.144739583333525],[-70.6195312500003,43.146614583333516],[-70.61880208333363,43.14739583333352],[-70.61869791666697,43.148437500000185],[-70.61807291666697,43.14885416666685],[-70.61786458333364,43.15010416666685],[-70.61713541666697,43.15072916666685],[-70.61692708333364,43.15197916666685],[-70.61640625000031,43.15223958333352],[-70.61619791666698,43.15411458333351],[-70.61557291666698,43.154739583333516],[-70.61536458333364,43.15661458333351],[-70.61463541666697,43.15739583333351],[-70.61442708333364,43.15864583333351],[-70.60947916666697,43.16359375000017],[-70.60822916666699,43.16380208333351],[-70.60729166666698,43.164531250000174],[-70.60479166666698,43.1647395833335],[-70.60411458333365,43.165364583333506],[-70.60255208333365,43.165364583333506],[-70.60187500000032,43.1647395833335],[-70.59937500000032,43.164531250000174],[-70.59734375000032,43.16380208333351],[-70.59699173850608,43.16380860206488],[-70.596979166667,43.16380208333351],[-70.59625000000047,43.16382233796313],[-70.59525000000028,43.163840856481656],[-70.593854166667,43.16380208333351],[-70.5937322082867,43.16386896373561],[-70.59171875000033,43.16390625000017],[-70.590572916667,43.16468750000017],[-70.59046875000033,43.16593750000017],[-70.59192708333366,43.16718750000017],[-70.59300846354199,43.17013671875013],[-70.59302083333365,43.17026041666683],[-70.59305654761938,43.170267857143024],[-70.593072916667,43.170312500000165],[-70.59635416666698,43.17359375000016],[-70.597604166667,43.1738020833335],[-70.59838541666699,43.174531250000165],[-70.60026041666698,43.17473958333349],[-70.60109375000032,43.175468750000164],[-70.60203125000032,43.176718750000155],[-70.60203125000032,43.178281250000154],[-70.60057291666699,43.179687500000156],[-70.60036458333366,43.180937500000155],[-70.59973958333366,43.181510416666825],[-70.59927083333366,43.185156250000155],[-70.59854166666699,43.18541666666682],[-70.597447916667,43.18463541666682],[-70.59588541666699,43.18463541666682],[-70.595104166667,43.18536458333349],[-70.59385416666699,43.185572916666814],[-70.59239583333365,43.18708333333348],[-70.59192708333366,43.19098958333348],[-70.58822916666699,43.194583333333476],[-70.58807159251445,43.195633827683764],[-70.587916666667,43.19572916666681],[-70.5880348389359,43.19587885154075],[-70.587760416667,43.19770833333347],[-70.58697916666699,43.198593750000136],[-70.586041666667,43.19875000000014],[-70.58552083333366,43.199531250000135],[-70.58536458333367,43.2021354166668],[-70.58458333333367,43.2044791666668],[-70.58473958333367,43.2068229166668],[-70.58536458333367,43.20723958333346],[-70.58536458333367,43.207760416666794],[-70.58473958333367,43.208020833333464],[-70.58453125000034,43.20927083333346],[-70.583697916667,43.21026041666679],[-70.583072916667,43.21046875000013],[-70.58286458333367,43.211093750000124],[-70.58223958333367,43.211302083333464],[-70.58203125000034,43.21192708333346],[-70.58140625000034,43.2121354166668],[-70.5813728632482,43.2122355769232],[-70.581354166667,43.21223958333346],[-70.580651041667,43.212942708333465],[-70.58057291666701,43.21296875000013],[-70.58036458333368,43.21359375000012],[-70.57973958333368,43.21380208333346],[-70.57953125000034,43.214427083333455],[-70.57890625000034,43.214635416666795],[-70.57887282338343,43.21473569651753],[-70.578854166667,43.214739583333454],[-70.57757620614069,43.21625932017557],[-70.577135416667,43.21640625000012],[-70.57644914215722,43.21719056372561],[-70.57630208333367,43.21723958333345],[-70.57630208333367,43.2174166666668],[-70.57557291666701,43.21807291666679],[-70.575260416667,43.22026041666679],[-70.57458333333368,43.220729166666786],[-70.57536458333368,43.22156250000012],[-70.57557291666701,43.22281250000012],[-70.57619791666701,43.22322916666678],[-70.57640625000035,43.22447916666678],[-70.57942708333367,43.22723958333345],[-70.579635416667,43.22911458333344],[-70.58036458333368,43.229895833333444],[-70.58057291666701,43.23114583333344],[-70.58156250000035,43.23203125000011],[-70.58281250000033,43.23223958333344],[-70.58536458333367,43.235052083333436],[-70.58546875000033,43.236614583333434],[-70.58609375000033,43.23729166666677],[-70.58625000000033,43.238333333333436],[-70.58609375000033,43.240208333333435],[-70.585416666667,43.24135416666677],[-70.585572916667,43.24276041666677],[-70.58609375000033,43.24333333333343],[-70.58625000000033,43.24708333333343],[-70.58609375000033,43.24916666666676],[-70.58546875000033,43.25036458333342],[-70.585260416667,43.253489583333426],[-70.584635416667,43.254218750000085],[-70.58442708333367,43.25609375000009],[-70.58380208333367,43.25671875000008],[-70.58359375000033,43.25859375000009],[-70.58296875000033,43.25921875000008],[-70.582760416667,43.261093750000086],[-70.582135416667,43.26171875000008],[-70.58192708333367,43.263593750000084],[-70.58140625000034,43.263854166666746],[-70.58119791666701,43.265104166666745],[-70.58057291666701,43.26557291666675],[-70.580260416667,43.267760416666746],[-70.579635416667,43.26822916666674],[-70.57942708333367,43.26947916666674],[-70.57807291666701,43.27052083333341],[-70.57692708333367,43.273645833333404],[-70.57557291666701,43.27468750000007],[-70.575260416667,43.2761458333334],[-70.571979166667,43.279427083333395],[-70.57072916666702,43.279635416666736],[-70.57031250000034,43.28026041666673],[-70.56906250000036,43.28046875000007],[-70.56864583333368,43.28109375000006],[-70.56718750000034,43.281562500000064],[-70.56703125000035,43.28260416666673],[-70.56630208333368,43.28354166666673],[-70.56609375000035,43.286041666666726],[-70.56473958333369,43.28718750000006],[-70.56442708333368,43.28864583333339],[-70.56140625000036,43.29140625000006],[-70.56135416666702,43.29328125000005],[-70.56281250000035,43.29453125000005],[-70.56260416666703,43.29765625000005],[-70.56135416666702,43.29776041666671],[-70.55994791666703,43.29630208333339],[-70.55807291666702,43.29656250000005],[-70.55796875000036,43.297604166666716],[-70.55859375000036,43.29802083333338],[-70.55880208333369,43.29927083333338],[-70.55942708333369,43.29968750000005],[-70.56041666666702,43.30229166666671],[-70.55963541666702,43.30322916666671],[-70.55942708333369,43.30447916666671],[-70.55796875000036,43.30572916666671],[-70.5578645833337,43.306770833333374],[-70.55713541666702,43.30755208333337],[-70.55692708333369,43.309427083333375],[-70.55557291666703,43.31052083333337],[-70.55526041666702,43.3119791666667],[-70.5513020833337,43.315572916666696],[-70.55109375000036,43.3161979166667],[-70.55026041666703,43.31692708333336],[-70.54807291666702,43.31723958333336],[-70.54656250000036,43.31875000000003],[-70.54609375000037,43.32187500000003],[-70.54557291666704,43.32218750000003],[-70.54536458333371,43.323437500000026],[-70.54447916666703,43.324427083333354],[-70.5430208333337,43.324739583333354],[-70.53697916666704,43.331093750000015],[-70.5355208333337,43.331406250000015],[-70.53458333333371,43.332604166666684],[-70.52989583333371,43.33307291666668],[-70.52927083333373,43.33369791666669],[-70.52802083333371,43.33390625000001],[-70.52760416666706,43.33453125000002],[-70.52635416666705,43.334739583333345],[-70.52442708333372,43.33692708333334],[-70.52223958333371,43.33723958333334],[-70.52197916666705,43.337760416666676],[-70.52072916666707,43.337968750000016],[-70.52026041666706,43.33859375000001],[-70.51838541666706,43.33880208333335],[-70.51776041666706,43.33942708333334],[-70.51588541666706,43.33963541666668],[-70.51479166666707,43.34036458333335],[-70.51270833333373,43.34036458333335],[-70.51161458333374,43.33963541666668],[-70.50973958333373,43.33942708333334],[-70.50864583333373,43.338072916666675],[-70.5071875000004,43.337760416666676],[-70.5060937500004,43.33640625000001],[-70.5042187500004,43.336197916666684],[-70.5028125000004,43.33541666666668],[-70.5017187500004,43.33546875000002],[-70.50093750000042,43.336197916666684],[-70.49989583333375,43.33635416666668],[-70.49942708333374,43.33781250000001],[-70.49880208333374,43.338072916666675],[-70.49869791666708,43.33859375000001],[-70.49807291666708,43.33880208333335],[-70.49614583333374,43.341093750000006],[-70.49489583333376,43.341302083333346],[-70.49442708333375,43.34192708333334],[-70.49223958333374,43.34192708333334],[-70.49057291666709,43.34026041666668],[-70.4901041666671,43.33807291666668],[-70.48937500000042,43.33791666666668],[-70.4880729166671,43.33885416666668],[-70.48776041666709,43.34031250000001],[-70.48614583333375,43.34192708333334],[-70.48151041666709,43.34369791666668],[-70.4758854166671,43.343593750000004],[-70.47510416666711,43.34296875000001],[-70.4738541666671,43.34276041666667],[-70.4727604166671,43.341406250000006],[-70.4708854166671,43.34119791666668],[-70.4696354166671,43.340468750000014],[-70.467092198582,43.34029920212767],[-70.4663365690286,43.34001206289737],[-70.46614583333377,43.33973958333334],[-70.46520833333378,43.339583333333344],[-70.46364583333377,43.341093750000006],[-70.46218750000044,43.341406250000006],[-70.46177083333379,43.34208333333334],[-70.46062500000045,43.341302083333346],[-70.45865814121082,43.34138403578291],[-70.45859375000045,43.341302083333346],[-70.45830965909136,43.341330492424255],[-70.45822916666711,43.34125000000001],[-70.4582017826465,43.34134128006874],[-70.45807291666712,43.341354166666676],[-70.45805295658728,43.34147392714571],[-70.45640625000046,43.34302083333334],[-70.45609375000045,43.34447916666667],[-70.45411814298608,43.346194825389695],[-70.45406250000039,43.346197916666675],[-70.45255208333379,43.346197916666675],[-70.4517708333338,43.34546875000001],[-70.45072916666713,43.345312500000006],[-70.45026041666712,43.343854166666674],[-70.44942708333379,43.34307291666667],[-70.44723958333378,43.34307291666667],[-70.44697916666712,43.343593750000004],[-70.44552083333379,43.34406250000001],[-70.44526041666713,43.345312500000006],[-70.44442708333379,43.34609375],[-70.4425520833338,43.34630208333334],[-70.4414583333338,43.34703125000001],[-70.4389583333338,43.347239583333334],[-70.43625000000047,43.35010416666667],[-70.21852539062738,43.35034830729167],[-70.21821290795232,43.350347760674744],[-70.43291666666714,43.35010416666667],[-70.43385416666713,43.34890625],[-70.43510416666714,43.34869791666667],[-70.43609375000047,43.3478125],[-70.4363020833338,43.346562500000005],[-70.43776041666713,43.345260416666676],[-70.4380208333338,43.34338541666667],[-70.43854166666713,43.342916666666675],[-70.44114583333379,43.34390625],[-70.44140625000045,43.344427083333336],[-70.44328125000047,43.34453125000001],[-70.44651041666712,43.341406250000006],[-70.44963541666712,43.341302083333346],[-70.45109375000045,43.34218750000001],[-70.45130208333379,43.34343750000001],[-70.45218750000045,43.344427083333336],[-70.45312500000045,43.34458333333334],[-70.45442708333378,43.34369791666668],[-70.45723958333377,43.34057291666667],[-70.45911458333379,43.34036458333335],[-70.45989583333377,43.33973958333334],[-70.46427083333377,43.33942708333334],[-70.46489583333377,43.33875000000001],[-70.46635416666712,43.339531250000014],[-70.46947916666711,43.339531250000014],[-70.4710416666671,43.33875000000001],[-70.4719791666671,43.33890625000001],[-70.47255208333377,43.339531250000014],[-70.47442708333377,43.33942708333334],[-70.4752604166671,43.338645833333345],[-70.47546875000043,43.337395833333346],[-70.47609375000043,43.336822916666684],[-70.47640625000044,43.333177083333354],[-70.47734375000043,43.33223958333335],[-70.48125000000043,43.33239583333335],[-70.48192708333376,43.33312500000002],[-70.48223958333377,43.33604166666668],[-70.48302083333375,43.33692708333334],[-70.48427083333377,43.33713541666668],[-70.48479166666709,43.337760416666676],[-70.48770833333376,43.337760416666676],[-70.49052083333375,43.334739583333345],[-70.49145833333375,43.33458333333335],[-70.49276041666708,43.335625000000014],[-70.49291666666709,43.33750000000001],[-70.49354166666708,43.33854166666668],[-70.49562500000042,43.33869791666668],[-70.49692708333374,43.33786458333335],[-70.49973958333374,43.334739583333345],[-70.50161458333375,43.33453125000002],[-70.50302083333375,43.33380208333335],[-70.50677083333373,43.33390625000001],[-70.5081250000004,43.33526041666668],[-70.51104166666707,43.33557291666668],[-70.5118750000004,43.336197916666684],[-70.5143750000004,43.33609375000001],[-70.51552083333372,43.334739583333345],[-70.51677083333374,43.33453125000002],[-70.51718750000039,43.33390625000001],[-70.5184375000004,43.33369791666669],[-70.51885416666705,43.33307291666668],[-70.52010416666707,43.332864583333354],[-70.52072916666707,43.33213541666669],[-70.52177083333373,43.33203125000002],[-70.52302083333372,43.33057291666668],[-70.52447916666705,43.33026041666668],[-70.52526041666705,43.32942708333336],[-70.52640625000039,43.32473958333336],[-70.52885416666705,43.32223958333336],[-70.53010416666706,43.32203125000003],[-70.53078125000039,43.321406250000024],[-70.53588541666704,43.321406250000024],[-70.53776041666704,43.32302083333336],[-70.53838541666704,43.32447916666669],[-70.53994791666705,43.32453125000003],[-70.54109375000037,43.323697916666696],[-70.54203125000038,43.32260416666669],[-70.54223958333371,43.321354166666694],[-70.54369791666704,43.320104166666695],[-70.5438020833337,43.31906250000003],[-70.54453125000038,43.31828125000003],[-70.54473958333371,43.316406250000036],[-70.5469270833337,43.3144791666667],[-70.54713541666703,43.3132291666667],[-70.5478645833337,43.3124479166667],[-70.54807291666704,43.31057291666671],[-70.55026041666703,43.30864583333337],[-70.55046875000036,43.30739583333337],[-70.55119791666704,43.306770833333374],[-70.5513020833337,43.30572916666671],[-70.55203125000037,43.30510416666671],[-70.55307291666703,43.302187500000045],[-70.55526041666702,43.30015625000005],[-70.55557291666703,43.29651041666672],[-70.55859375000036,43.293645833333386],[-70.55890625000036,43.292187500000054],[-70.56109375000035,43.290312500000056],[-70.56130208333369,43.28906250000006],[-70.56192708333369,43.28864583333339],[-70.56213541666702,43.28739583333339],[-70.56276041666702,43.28682291666673],[-70.56307291666702,43.2831770833334],[-70.56369791666702,43.28260416666673],[-70.56390625000036,43.28135416666673],[-70.56635416666701,43.27890625000006],[-70.56781250000034,43.27859375000006],[-70.57140625000035,43.27463541666674],[-70.57203125000035,43.2744270833334],[-70.57286458333368,43.27343750000007],[-70.57307291666702,43.27218750000007],[-70.57369791666702,43.271770833333406],[-70.57390625000035,43.27052083333341],[-70.575260416667,43.26947916666674],[-70.57546875000034,43.26822916666674],[-70.57619791666701,43.26744791666674],[-70.57640625000035,43.26557291666675],[-70.57703125000035,43.265104166666745],[-70.57723958333368,43.263854166666746],[-70.577760416667,43.263593750000084],[-70.57890625000034,43.25890625000009],[-70.57953125000034,43.25828125000008],[-70.579635416667,43.25671875000008],[-70.580260416667,43.255416666666754],[-70.58057291666701,43.2437500000001],[-70.58119791666701,43.24213541666676],[-70.58140625000034,43.23901041666677],[-70.58192708333367,43.238593750000106],[-70.582135416667,43.2367187500001],[-70.582760416667,43.23614583333344],[-70.582916666667,43.23520833333344],[-70.58140625000034,43.23364583333344],[-70.58109375000033,43.23218750000011],[-70.57890625000034,43.23026041666678],[-70.57869791666701,43.228385416666775],[-70.57796875000034,43.22760416666678],[-70.57786458333368,43.226562500000114],[-70.57557291666701,43.22447916666678],[-70.57453125000035,43.22156250000012],[-70.57380208333367,43.22093750000012],[-70.57380208333367,43.21989583333345],[-70.57453125000035,43.219270833333454],[-70.57557291666701,43.21635416666679],[-70.57718750000033,43.214739583333454],[-70.57864583333367,43.214427083333455],[-70.57953125000034,43.213437500000126],[-70.57973958333368,43.21218750000013],[-70.58177083333368,43.210416666666795],[-70.58223958333367,43.2057291666668],[-70.58286458333367,43.2049479166668],[-70.583072916667,43.203072916666805],[-70.58359375000033,43.20265625000014],[-70.58390625000034,43.19901041666681],[-70.58692708333366,43.196145833333475],[-70.588072916667,43.19302083333348],[-70.590104166667,43.191250000000146],[-70.59072916666699,43.18625000000015],[-70.59192708333366,43.18531250000015],[-70.59234375000032,43.18406250000015],[-70.59598958333365,43.18359375000015],[-70.59656250000033,43.18296875000016],[-70.597604166667,43.18286458333349],[-70.59843750000033,43.18208333333349],[-70.59869791666699,43.18114583333349],[-70.59843750000033,43.17708333333349],[-70.59473958333366,43.173645833333495],[-70.59442708333366,43.17218750000016],[-70.59223958333367,43.170312500000165],[-70.59192708333366,43.16885416666683],[-70.58890625000033,43.1661458333335],[-70.58890625000033,43.16468750000017],[-70.59062500000033,43.163072916666835],[-70.593541666667,43.162760416666835],[-70.59406250000033,43.16213541666684],[-70.595104166667,43.16213541666684],[-70.596197916667,43.16286458333351],[-70.59932291666698,43.162760416666835],[-70.59989583333366,43.16213541666684],[-70.60114583333365,43.1619270833335],[-70.60218750000031,43.16057291666684],[-70.60364583333364,43.16026041666684],[-70.60635416666697,43.15723958333351],[-70.60760416666699,43.15703125000018],[-70.60859375000031,43.15614583333351],[-70.60880208333364,43.15489583333351],[-70.60958333333365,43.15406250000018],[-70.60807291666698,43.15276041666685],[-70.60807291666698,43.15057291666685],[-70.60901041666698,43.14973958333351],[-70.6126562500003,43.149427083333514],[-70.61369791666698,43.14859375000018],[-70.6129687500003,43.14729166666685],[-70.61307291666698,43.144791666666855],[-70.6135937500003,43.144479166666855],[-70.61406250000032,43.14302083333352],[-70.6153125000003,43.14276041666685],[-70.6160937500003,43.14197916666686],[-70.61630208333364,43.14072916666686],[-70.61692708333364,43.14026041666686],[-70.61723958333364,43.138072916666864],[-70.61776041666697,43.137812500000194],[-70.6179687500003,43.136562500000196],[-70.61869791666697,43.13578125000019],[-70.61869791666697,43.134218750000194],[-70.6179687500003,43.133593750000195],[-70.6179687500003,43.13307291666686],[-70.6185937500003,43.132864583333536],[-70.61973958333363,43.1314062500002],[-70.62161458333364,43.13119791666687],[-70.62239583333364,43.130468750000205],[-70.62364583333363,43.130260416666864],[-70.62776041666696,43.12614583333354],[-70.62796875000029,43.12489583333354],[-70.62869791666697,43.12411458333354],[-70.6289062500003,43.122239583333545],[-70.62942708333362,43.12182291666688],[-70.62973958333363,43.11817708333355],[-70.63109375000029,43.116822916666884],[-70.6314062500003,43.113177083333554],[-70.63223958333361,43.11223958333355],[-70.63442708333362,43.11192708333355],[-70.63557291666696,43.11046875000022],[-70.63619791666696,43.11026041666688],[-70.63614583333361,43.10973958333355],[-70.63489583333363,43.109531250000224],[-70.63442708333362,43.10890625000022],[-70.63223958333361,43.10843750000022],[-70.63223958333363,43.10718750000022],[-70.63375000000029,43.10572916666689],[-70.63500000000029,43.10546875000023],[-70.63916666666695,43.10546875000023],[-70.64041666666695,43.10572916666689],[-70.64072916666696,43.10619791666689],[-70.64177083333362,43.10619791666689],[-70.64359375000028,43.10442708333356],[-70.64359375000028,43.102239583333564],[-70.64057291666695,43.1002604166669],[-70.64052083333361,43.09838541666689],[-70.64239583333361,43.09723958333356],[-70.64520833333361,43.097083333333565],[-70.6467708333336,43.096458333333565],[-70.64723958333362,43.09395833333357],[-70.64859375000027,43.092760416666906],[-70.6488020833336,43.0908854166669],[-70.64953125000028,43.090104166666904],[-70.64963541666694,43.08906250000024],[-70.65109375000027,43.08770833333357],[-70.6513020833336,43.085208333333576],[-70.65203125000028,43.084270833333576],[-70.65213541666694,43.08322916666691],[-70.65286458333361,43.08260416666691],[-70.65307291666694,43.08135416666691],[-70.65526041666693,43.07932291666692],[-70.65572916666694,43.07567708333359],[-70.65802083333361,43.074583333333585],[-70.6594270833336,43.07473958333358],[-70.65989583333361,43.07536458333359],[-70.66093750000027,43.07536458333359],[-70.66203125000027,43.07442708333358],[-70.66276041666693,43.07343750000025],[-70.66307291666693,43.06906250000026],[-70.66369791666693,43.06843750000026],[-70.66390625000027,43.06718750000026],[-70.66473958333358,43.066406250000256],[-70.66692708333359,43.066406250000256],[-70.66854166666693,43.067864583333595],[-70.67062500000026,43.067604166666925],[-70.67125000000026,43.066041666666926],[-70.67119791666693,43.06385416666693],[-70.67093750000026,43.06291666666693],[-70.6697395833336,43.0619270833336],[-70.66968750000025,43.060052083333595],[-70.67114583333358,43.059427083333595],[-70.67312500000025,43.0572395833336],[-70.67604166666692,43.0572395833336],[-70.67692708333358,43.0580208333336],[-70.67713541666691,43.0592708333336],[-70.67776041666691,43.0597395833336],[-70.67822916666692,43.0619270833336],[-70.67947916666691,43.06192708333359],[-70.68026041666691,43.0609895833336],[-70.68057291666692,43.05734375000027],[-70.68291666666691,43.05479166666694],[-70.68281250000024,43.05406250000027],[-70.68229166666691,43.05375000000027],[-70.68020833333358,43.0545833333336],[-70.67880208333358,43.05359375000027],[-70.67880208333358,43.053072916666935],[-70.67942708333358,43.05286458333361],[-70.6805729166669,43.05140625000027],[-70.68276041666691,43.05109375000027],[-70.68343750000025,43.05041666666694],[-70.68442708333357,43.05135416666694],[-70.68463541666691,43.05260416666694],[-70.68510416666692,43.05291666666694],[-70.68552083333357,43.0522395833336],[-70.68677083333358,43.052031250000276],[-70.68723958333356,43.05140625000027],[-70.69093750000025,43.05046875000028],[-70.69140625000023,43.05109375000027],[-70.69359375000023,43.05171875000027],[-70.69390625000024,43.053593750000275],[-70.69442708333357,43.05385416666694],[-70.69489583333358,43.05531250000027],[-70.69781250000023,43.056406250000265],[-70.6982291666669,43.05703125000027],[-70.69947916666689,43.0572395833336],[-70.7002604166669,43.0580208333336],[-70.70046875000023,43.0592708333336],[-70.7011979166669,43.0602083333336],[-70.7011979166669,43.06229166666693],[-70.69890625000023,43.06494791666693],[-70.69890625000023,43.07005208333359],[-70.69953125000023,43.07072916666692],[-70.69973958333357,43.07197916666692],[-70.70036458333357,43.07239583333359],[-70.7005729166669,43.073645833333586],[-70.70541666666689,43.07843750000025],[-70.71489583333356,43.07869791666692],[-70.72046875000021,43.07781250000025],[-70.72286458333355,43.07510416666692],[-70.72291666666688,43.07437500000025],[-70.72119791666688,43.07385416666692],[-70.71546875000021,43.07369791666692],[-70.71265625000022,43.07296875000026],[-70.70828125000023,43.07276041666692],[-70.70630208333355,43.07109375000025],[-70.70708333333356,43.06947916666692],[-70.70625000000022,43.066354166666926],[-70.70692708333355,43.06510416666693],[-70.70723958333356,43.06072916666693],[-70.70859375000022,43.05843750000027],[-70.70890625000023,43.05406250000027],[-70.71041666666689,43.05229166666694],[-70.71026041666688,43.05135416666694],[-70.70890625000023,43.050260416666944],[-70.70869791666689,43.04838541666694],[-70.7080729166669,43.04776041666695],[-70.70786458333356,43.04588541666694],[-70.70713541666689,43.04432291666694],[-70.70713541666689,43.04067708333361],[-70.70776041666689,43.03916666666695],[-70.70822916666688,43.03291666666696],[-70.70859375000022,43.03281250000029],[-70.70906250000023,43.03135416666696],[-70.71197916666688,43.030260416666955],[-70.71802083333354,43.023906250000294],[-70.71947916666687,43.023593750000295],[-70.72192708333354,43.021145833333634],[-70.72213541666687,43.019895833333635],[-70.72286458333355,43.018958333333636],[-70.72307291666688,43.01645833333364],[-70.72458333333354,43.01479166666697],[-70.72442708333354,43.013854166666974],[-70.72208333333354,43.01156250000031],[-70.72276041666687,43.01114583333364],[-70.72307291666688,43.00968750000031],[-70.72526041666687,43.00781250000031],[-70.72541666666687,43.00687500000031],[-70.72651041666687,43.00635416666698],[-70.73088541666687,43.00609375000031],[-70.73276041666686,43.00442708333365],[-70.73286458333354,43.00255208333365],[-70.73213541666686,43.00161458333365],[-70.7321875000002,43.00005208333365],[-70.73364583333353,42.99942708333365],[-70.7340625000002,42.99880208333366],[-70.73510416666687,42.998645833333654],[-70.7362500000002,42.99604166666699],[-70.73526041666686,42.994739583333654],[-70.73338541666686,42.99421875000033],[-70.73276041666686,42.98911458333367],[-70.73208333333353,42.988229166667],[-70.73364583333353,42.987916666667],[-70.73520833333353,42.988697916667],[-70.73729166666686,42.988697916667],[-70.73921875000019,42.987135416667],[-70.7407812500002,42.987135416667],[-70.74135416666685,42.987760416666994],[-70.74229166666686,42.987916666667],[-70.74322916666686,42.987135416667],[-70.74447916666685,42.98692708333366],[-70.74692708333352,42.984479166667],[-70.74723958333352,42.98302083333367],[-70.74859375000018,42.981979166667],[-70.74880208333352,42.980729166667004],[-70.74953125000019,42.979791666667005],[-70.74973958333352,42.97729166666701],[-70.75135416666684,42.975572916667005],[-70.75281250000018,42.975260416667005],[-70.75359375000018,42.97437500000034],[-70.75359375000018,42.97145833333368],[-70.75140625000019,42.969479166667014],[-70.75140625000019,42.96802083333368],[-70.75244791666685,42.96723958333368],[-70.75682291666685,42.96703125000035],[-70.75885416666685,42.96630208333369],[-70.76260416666683,42.96609375000035],[-70.76369791666684,42.965260416667014],[-70.76369791666684,42.96473958333368],[-70.76307291666684,42.964270833333686],[-70.76291666666684,42.96270833333369],[-70.76307291666684,42.95989583333369],[-70.76369791666684,42.95911458333369],[-70.76359375000017,42.95755208333369],[-70.76140625000016,42.95692708333369],[-70.7611458333335,42.956406250000356],[-70.75989583333352,42.95619791666703],[-70.75947916666684,42.95557291666702],[-70.75822916666685,42.9553645833337],[-70.75791666666684,42.954895833333694],[-70.76260416666683,42.95442708333369],[-70.76494791666684,42.95223958333369],[-70.7700520833335,42.95192708333369],[-70.77057291666682,42.95140625000036],[-70.77244791666683,42.951197916667034],[-70.77322916666684,42.95046875000037],[-70.77447916666682,42.95026041666703],[-70.7753645833335,42.9492708333337],[-70.77557291666683,42.9480208333337],[-70.77619791666683,42.947604166667034],[-70.77640625000016,42.946354166667035],[-70.77776041666682,42.94526041666704],[-70.77807291666683,42.94307291666704],[-70.78026041666682,42.94114583333371],[-70.78046875000015,42.93989583333371],[-70.78109375000015,42.939375000000375],[-70.78130208333349,42.93687500000038],[-70.78203125000016,42.935781250000375],[-70.78223958333349,42.93390625000038],[-70.78276041666682,42.93364583333371],[-70.78296875000015,42.932395833333715],[-70.78359375000015,42.931770833333715],[-70.78390625000016,42.92739583333372],[-70.78526041666682,42.925989583333724],[-70.78557291666682,42.922343750000394],[-70.78625000000015,42.921145833333725],[-70.78609375000015,42.91973958333373],[-70.78546875000015,42.91895833333373],[-70.78557291666682,42.91645833333373],[-70.78692708333348,42.9153125000004],[-70.78723958333349,42.913854166667065],[-70.78859375000015,42.9128125000004],[-70.78880208333348,42.9115625000004],[-70.78953125000015,42.9109375000004],[-70.78963541666681,42.909895833333735],[-70.79036458333348,42.909270833333736],[-70.79140625000015,42.90635416666707],[-70.79473958333347,42.90307291666707],[-70.79692708333347,42.90276041666707],[-70.79786458333348,42.90177083333374],[-70.7977604166668,42.90072916666708],[-70.7969791666668,42.90041666666708],[-70.7955729166668,42.90057291666707],[-70.79479166666681,42.90119791666708],[-70.79229166666681,42.901093750000406],[-70.79114583333347,42.89973958333374],[-70.78968750000014,42.899270833333745],[-70.78968750000014,42.89822916666708],[-70.79114583333347,42.897760416667076],[-70.79156250000015,42.89713541666708],[-70.79281250000014,42.89692708333374],[-70.79442708333347,42.89520833333375],[-70.79473958333348,42.892291666667084],[-70.79546875000014,42.891406250000415],[-70.79656250000015,42.89046875000042],[-70.79781250000013,42.89026041666708],[-70.7988541666668,42.88890625000042],[-70.80031250000013,42.88859375000042],[-70.80177083333348,42.887083333333756],[-70.8021354166668,42.88302083333376],[-70.80286458333347,42.88145833333376],[-70.8030729166668,42.87895833333376],[-70.80442708333347,42.8777604166671],[-70.8046354166668,42.875885416667096],[-70.80536458333347,42.8749479166671],[-70.80536458333347,42.8733854166671],[-70.80458333333347,42.8726041666671],[-70.80536458333347,42.871614583333766],[-70.8052604166668,42.869739583333775],[-70.80442708333347,42.868906250000435],[-70.80223958333346,42.868593750000436],[-70.80140625000014,42.86781250000044],[-70.80093750000015,42.86635416666711],[-70.79802083333347,42.865260416667105],[-70.7971354166668,42.86411458333377],[-70.79723958333348,42.86223958333378],[-70.7980729166668,42.86140625000044],[-70.8002604166668,42.86109375000044],[-70.80052083333347,42.86057291666711],[-70.80177083333348,42.860364583333784],[-70.8022916666668,42.85973958333378],[-70.80520833333347,42.85973958333378],[-70.80609375000013,42.86062500000045],[-70.8061979166668,42.863125000000444],[-70.80536458333347,42.86442708333377],[-70.80473958333347,42.86468750000044],[-70.80458333333347,42.86562500000044],[-70.80593750000014,42.867083333333774],[-70.8077604166668,42.86531250000044],[-70.80796875000013,42.86406250000044],[-70.80859375000013,42.863437500000444],[-70.80875000000013,42.861875000000445],[-70.80859375000013,42.85906250000045],[-70.80796875000013,42.85843750000045],[-70.8077604166668,42.85718750000045],[-70.80723958333347,42.85692708333379],[-70.80703125000014,42.85505208333378],[-70.80630208333346,42.85380208333378],[-70.80609375000013,42.85067708333379],[-70.8055729166668,42.850260416667126],[-70.80536458333347,42.84838541666712],[-70.8046354166668,42.847291666667125],[-70.8046354166668,42.845208333333794],[-70.8054166666668,42.84406250000046],[-70.8046354166668,42.84343750000046],[-70.80453125000014,42.842395833333796],[-70.80380208333347,42.841614583333794],[-70.80359375000013,42.8397395833338],[-70.8030729166668,42.83947916666713],[-70.80286458333347,42.83822916666713],[-70.8021354166668,42.83744791666713],[-70.80203125000014,42.83588541666713],[-70.80130208333347,42.83432291666713],[-70.80109375000013,42.829947916667145],[-70.80046875000014,42.82927083333381],[-70.8002604166668,42.82802083333381],[-70.7996354166668,42.82760416666714],[-70.79942708333347,42.826354166667144],[-70.79890625000014,42.82609375000048],[-70.79859375000014,42.82390625000048],[-70.79723958333348,42.82281250000048],[-70.79692708333347,42.82135416666715],[-70.79473958333348,42.81947916666715],[-70.79442708333347,42.81802083333382],[-70.79307291666682,42.81697916666715],[-70.79286458333348,42.815729166667154],[-70.79213541666681,42.814791666667155],[-70.79223958333348,42.81229166666716],[-70.79286458333348,42.811770833333824],[-70.79307291666682,42.810520833333825],[-70.79442708333347,42.80947916666716],[-70.79463541666681,42.80822916666716],[-70.79536458333348,42.80760416666716],[-70.79557291666681,42.80635416666716],[-70.79609375000014,42.8060937500005],[-70.79630208333347,42.804218750000494],[-70.79692708333347,42.8035937500005],[-70.7971354166668,42.8017187500005],[-70.7977604166668,42.80098958333384],[-70.79786458333348,42.79786458333383],[-70.79723958333348,42.796822916667175],[-70.79609375000014,42.78901041666718],[-70.79557291666681,42.78854166666718],[-70.79453125000015,42.78270833333385],[-70.79380208333347,42.78145833333385],[-70.79359375000014,42.778958333333854],[-70.79296875000014,42.77828125000052],[-70.79276041666681,42.77640625000053],[-70.79114583333347,42.774739583333854],[-70.78989583333349,42.774322916667195],[-70.78942708333348,42.770677083333865],[-70.78880208333348,42.770104166667195],[-70.78859375000015,42.7688541666672],[-70.78796875000015,42.76843750000053],[-70.78776041666681,42.76718750000053],[-70.78713541666681,42.766770833333865],[-70.78692708333348,42.765520833333866],[-70.78640625000016,42.7652604166672],[-70.78619791666682,42.7633854166672],[-70.78557291666682,42.76265625000054],[-70.78526041666682,42.75901041666721],[-70.78307291666682,42.75697916666721],[-70.78276041666682,42.755520833333875],[-70.78057291666683,42.75364583333388],[-70.7803645833335,42.75239583333388],[-70.77890625000016,42.75114583333388],[-70.77859375000016,42.74968750000055],[-70.77557291666683,42.74697916666722],[-70.7753645833335,42.74572916666722],[-70.7747395833335,42.745208333333885],[-70.7742708333335,42.74208333333389],[-70.77343750000017,42.74130208333389],[-70.77218750000016,42.74109375000055],[-70.77114583333349,42.739739583333886],[-70.7698958333335,42.73953125000056],[-70.76947916666683,42.738906250000554],[-70.7680208333335,42.73843750000056],[-70.76776041666683,42.73718750000056],[-70.76640625000017,42.73614583333389],[-70.76536458333351,42.73322916666723],[-70.76463541666683,42.73260416666723],[-70.7644270833335,42.73135416666723],[-70.76197916666683,42.72890625000056],[-70.7605208333335,42.72859375000056],[-70.75927083333352,42.72713541666724],[-70.7580208333335,42.7269270833339],[-70.75307291666685,42.72197916666724],[-70.75276041666685,42.72052083333391],[-70.75046875000018,42.71859375000057],[-70.75026041666685,42.71796875000058],[-70.74927083333353,42.71713541666725],[-70.74802083333351,42.71692708333391],[-70.74281250000018,42.71140625000058],[-70.74135416666685,42.71109375000058],[-70.73723958333353,42.70697916666725],[-70.73677083333354,42.70552083333392],[-70.73552083333352,42.70526041666725],[-70.73447916666686,42.703906250000585],[-70.73302083333353,42.703593750000586],[-70.73057291666687,42.701145833333925],[-70.73041666666687,42.700208333333926],[-70.62819292171521,42.69971875601136],[-70.64480167617914,42.699722558381886]],[[-70.79781250000013,42.897760416667076],[-70.79869791666681,42.89677083333375],[-70.79864583333347,42.89572916666708],[-70.79739583333348,42.89546875000042],[-70.79609375000014,42.89692708333374],[-70.79390625000013,42.89723958333374],[-70.79307291666682,42.898020833333746],[-70.79291666666681,42.898958333333745],[-70.79322916666682,42.89947916666708],[-70.79395833333348,42.899583333333744],[-70.79489583333348,42.89880208333375],[-70.79614583333347,42.89859375000041],[-70.79656250000015,42.897968750000416],[-70.79781250000013,42.897760416667076]]]}},{"type":"Feature","properties":{"min_depth":5,"max_depth":10},"geometry":{"type":"Polygon","coordinates":[[[-70.4752604166671,43.32932291666669],[-70.47395833333377,43.330416666666686],[-70.47302083333376,43.32963541666668],[-70.4727604166671,43.32651041666669],[-70.47208333333377,43.325625000000024],[-70.47223958333376,43.32489583333336],[-70.47302083333378,43.32458333333336],[-70.47442708333377,43.324739583333354],[-70.47536458333377,43.326197916666686],[-70.4752604166671,43.32932291666669]]]}},{"type":"Feature","properties":{"min_depth":5,"max_depth":10},"geometry":{"type":"Polygon","coordinates":[[[-70.4730729166671,43.12052083333354],[-70.47296875000043,43.12177083333354],[-70.47375000000044,43.122604166666875],[-70.47635416666711,43.122916666666875],[-70.47688770325249,43.12270325203272],[-70.47781250000043,43.122604166666875],[-70.47777510683804,43.12260817307713],[-70.4777604166671,43.123489583333544],[-70.47687500000043,43.124427083333536],[-70.47395833333377,43.124427083333536],[-70.47223958333377,43.12270833333354],[-70.47239583333378,43.11979166666688],[-70.47364583333376,43.11942708333354],[-70.47421875000043,43.11880208333355],[-70.47609375000043,43.11890625000021],[-70.47781250000043,43.12036458333354],[-70.47779131485603,43.12163569199726],[-70.4779166666671,43.12187500000021],[-70.47677083333377,43.11968750000021],[-70.47572916666711,43.11963541666688],[-70.47564123376667,43.11976731601753],[-70.47437500000044,43.11963541666688],[-70.4730729166671,43.12052083333354]]]}},{"type":"Feature","properties":{"min_depth":5,"max_depth":10},"geometry":{"type":"Polygon","coordinates":[[[-70.58739583333367,43.097968750000234],[-70.58645833333367,43.09875000000023],[-70.58552083333366,43.09859375000023],[-70.585260416667,43.097968750000234],[-70.584635416667,43.097760416666894],[-70.584635416667,43.09723958333356],[-70.585260416667,43.097031250000235],[-70.58885416666699,43.0930729166669],[-70.590104166667,43.09286458333357],[-70.59067708333366,43.092239583333566],[-70.59432291666698,43.091927083333566],[-70.59520833333366,43.09125000000024],[-70.59614583333365,43.09140625000023],[-70.59640625000033,43.09203125000024],[-70.59703125000033,43.092239583333566],[-70.59703125000033,43.0927604166669],[-70.59609375000032,43.09359375000023],[-70.59421875000032,43.09380208333357],[-70.59343750000033,43.09453125000024],[-70.59218750000032,43.09473958333356],[-70.59114583333366,43.09609375000023],[-70.58968750000032,43.09640625000023],[-70.58864583333366,43.097760416666894],[-70.58739583333367,43.097968750000234]]]}},{"type":"Feature","properties":{"min_depth":5,"max_depth":10},"geometry":{"type":"Polygon","coordinates":[[[-70.60218750000031,43.00723958333364],[-70.60177083333366,43.00791666666698],[-70.60093750000033,43.00713541666698],[-70.59968750000031,43.00692708333364],[-70.59937500000032,43.00640625000031],[-70.59687500000032,43.00604166666698],[-70.59625000000032,43.005000000000315],[-70.59656250000033,43.00312500000032],[-70.59781250000032,43.00276041666698],[-70.59895833333366,43.001406250000315],[-70.60458333333365,43.000416666666986],[-70.60875000000031,43.000729166666986],[-70.61057291666698,43.002864583333654],[-70.61119791666698,43.00307291666698],[-70.61119791666698,43.00359375000031],[-70.61057291666698,43.00380208333365],[-70.6103125000003,43.004427083333645],[-70.60906250000032,43.004635416666986],[-70.60812500000031,43.00536458333365],[-70.60562500000032,43.00557291666698],[-70.60510416666699,43.006197916666984],[-70.60385416666698,43.00640625000031],[-70.60343750000033,43.00703125000032],[-70.60218750000031,43.00723958333364]],[[-70.60557291666697,43.004062500000316],[-70.60776041666698,43.00359375000031],[-70.60791666666698,43.00322916666698],[-70.60572916666698,43.002916666666984],[-70.60208333333365,43.00322916666698],[-70.60041666666699,43.00510416666698],[-70.60260416666699,43.00708333333365],[-70.60302083333364,43.00640625000031],[-70.60427083333366,43.006197916666984],[-70.60526041666698,43.005312500000315],[-70.60557291666697,43.004062500000316]]]}},{"type":"Feature","properties":{"min_depth":5,"max_depth":10},"geometry":{"type":"Polygon","coordinates":[[[-70.60088541666698,42.98359375000033],[-70.60791666666698,42.984062500000334],[-70.60866379310376,42.985369971264696],[-70.60871527777809,42.98583333333368],[-70.60859375000031,42.98692708333367],[-70.60796875000031,42.98723958333366],[-70.60796875000031,42.987274305555836],[-70.60776041666698,42.98484375000034],[-70.60708333333365,42.984062500000334],[-70.60302083333366,42.98380208333367],[-70.60177083333366,42.98453125000034],[-70.600729166667,42.98453125000034],[-70.59973958333366,42.98364583333367],[-70.59958333333365,42.98270833333367],[-70.59963815789506,42.98264583333367],[-70.59958333333365,42.982604166667],[-70.60088541666698,42.98359375000033]]]}},{"type":"Feature","properties":{"min_depth":5,"max_depth":10},"geometry":{"type":"Polygon","coordinates":[[[-70.60532575757607,42.97869507575792],[-70.60526041666698,42.979479166667005],[-70.60447916666698,42.980260416667],[-70.60322916666699,42.98046875000034],[-70.60281250000031,42.98109375000033],[-70.60156250000033,42.981302083333674],[-70.60149691358058,42.98140046296329],[-70.60145833333365,42.98140625000033],[-70.60114583333365,42.981927083333666],[-70.59989583333366,42.982135416667006],[-70.60011843607337,42.98209831621038],[-70.60218750000031,42.97973958333367],[-70.60343750000033,42.97953125000034],[-70.60442708333365,42.97864583333367],[-70.60469202898582,42.97758605072497],[-70.60532575757607,42.97869507575792]]]}},{"type":"Feature","properties":{"min_depth":5,"max_depth":10},"geometry":{"type":"Polygon","coordinates":[[[-70.608541818072,42.97686803536856],[-70.60499693627484,42.97734068627485],[-70.60692708333364,42.97692708333367],[-70.60755208333364,42.97630208333368],[-70.60920492693553,42.97611843404457],[-70.608541818072,42.97686803536856]]]}},{"type":"Feature","properties":{"min_depth":5,"max_depth":10},"geometry":{"type":"Polygon","coordinates":[[[-70.61773049645421,42.985947251773375],[-70.61791666666697,42.985729166667],[-70.61760897435929,42.9854368589747],[-70.61760416666698,42.985416666667],[-70.61692708333364,42.98473958333366],[-70.61473958333363,42.984427083333664],[-70.61390625000031,42.98364583333367],[-70.61369791666698,42.98239583333367],[-70.61360321969727,42.98232481060639],[-70.6135937500003,42.98223958333367],[-70.61307291666698,42.98171875000034],[-70.61307291666698,42.97995028409124],[-70.61526041666697,42.97781250000034],[-70.61541666666697,42.97687500000034],[-70.61510416666698,42.97635416666701],[-70.61495065789504,42.97631578947402],[-70.61463541666697,42.97593750000034],[-70.61442708333364,42.97468750000034],[-70.61360817849129,42.9739735829583],[-70.6135937500003,42.97390625000035],[-70.61254402920993,42.973039089347424],[-70.61364583333363,42.97291666666701],[-70.61526041666697,42.97385416666701],[-70.61557291666698,42.97531250000034],[-70.61708333333364,42.97687500000034],[-70.61692708333364,42.97781250000034],[-70.61614583333363,42.978593750000336],[-70.61489583333365,42.978802083333676],[-70.61390625000031,42.97968750000034],[-70.61380208333364,42.98093750000034],[-70.61442708333364,42.981354166667],[-70.61473958333364,42.982812500000335],[-70.61557291666696,42.98359375000033],[-70.61776041666697,42.98390625000033],[-70.61927083333364,42.985416666667],[-70.61958333333364,42.98958333333366],[-70.61942708333363,42.991666666666994],[-70.6185937500003,42.99276041666699],[-70.6164062500003,42.99307291666699],[-70.61593750000031,42.993697916666996],[-70.61333333333364,42.99458333333366],[-70.61145833333364,42.994427083333655],[-70.61057291666698,42.99364583333366],[-70.61036458333365,42.99239583333366],[-70.60973958333365,42.991979166666994],[-70.60953125000032,42.990729166666995],[-70.60890625000032,42.99031250000033],[-70.60869791666698,42.98906250000033],[-70.60807291666698,42.98848958333367],[-70.60801327926241,42.98779381361357],[-70.60942708333364,42.988854166667],[-70.60966360856301,42.98949923547435],[-70.60973958333365,42.99020833333366],[-70.61004142783688,42.99052965167581],[-70.61057291666698,42.991979166666994],[-70.61151041666697,42.99276041666699],[-70.61354714912311,42.99276041666699],[-70.61395833333364,42.99291666666699],[-70.61412637578647,42.99276041666699],[-70.6151562500003,42.99276041666699],[-70.61760416666698,42.99125000000033],[-70.61786458333364,42.986510416666995],[-70.61773049645421,42.985947251773375]]]}},{"type":"Feature","properties":{"min_depth":5,"max_depth":10},"geometry":{"type":"Polygon","coordinates":[[[-70.61192708333364,42.97447916666701],[-70.61105514277423,42.975259324009656],[-70.61060546875028,42.97541992187535],[-70.60995323129282,42.975528628118255],[-70.61223958333363,42.97307291666701],[-70.61235272988536,42.97306034482793],[-70.61239583333364,42.97291666666701],[-70.61192708333364,42.97447916666701]]]}},{"type":"Feature","properties":{"min_depth":5,"max_depth":10},"geometry":{"type":"Polygon","coordinates":[[[-70.6260937500003,42.97026041666701],[-70.62390625000029,42.97026041666701],[-70.62364583333363,42.96973958333368],[-70.62239583333364,42.96937500000035],[-70.62213541666696,42.96687500000035],[-70.62291666666697,42.96572916666702],[-70.62760416666697,42.96541666666702],[-70.63041666666696,42.96604166666702],[-70.63026041666696,42.966979166667016],[-70.62864583333362,42.968593750000345],[-70.62718750000029,42.968906250000344],[-70.6260937500003,42.97026041666701]]]}},{"type":"Feature","properties":{"min_depth":5,"max_depth":10},"geometry":{"type":"Polygon","coordinates":[[[-70.62848958333362,42.978593750000336],[-70.62458333333363,42.97843750000034],[-70.62380208333363,42.97760416666701],[-70.6239062500003,42.97635416666701],[-70.62479166666697,42.975572916667005],[-70.62770833333363,42.975260416667005],[-70.62854166666696,42.974583333333676],[-70.63192708333362,42.97572916666701],[-70.63177083333363,42.97697916666701],[-70.63072916666697,42.97713541666701],[-70.63031250000029,42.977760416667],[-70.6290625000003,42.97796875000034],[-70.62848958333362,42.978593750000336]]]}},{"type":"Feature","properties":{"min_depth":5,"max_depth":10},"geometry":{"type":"Polygon","coordinates":[[[-70.63723958333361,43.07723958333358],[-70.63677083333363,43.077916666666916],[-70.6359375000003,43.07713541666692],[-70.63468750000028,43.07692708333358],[-70.6339062500003,43.076093750000254],[-70.63390625000028,43.07421875000025],[-70.63609375000028,43.07359375000025],[-70.63671875000028,43.07296875000026],[-70.63859375000028,43.07276041666692],[-70.63911458333362,43.072239583333584],[-70.64421875000028,43.072239583333584],[-70.6455208333336,43.07359375000025],[-70.64697916666694,43.07390625000025],[-70.64791666666694,43.074895833333585],[-70.64697916666695,43.07536458333359],[-70.64479166666695,43.07541666666692],[-70.64156250000029,43.07463541666692],[-70.63942708333362,43.07692708333358],[-70.63723958333361,43.07723958333358]]]}},{"type":"Feature","properties":{"min_depth":5,"max_depth":10},"geometry":{"type":"Polygon","coordinates":[[[-70.80802083333346,42.820260416667146],[-70.8060416666668,42.81807291666715],[-70.8035416666668,42.81786458333382],[-70.8029166666668,42.81739583333382],[-70.8091666666668,42.817239583333816],[-70.81192708333346,42.819687500000484],[-70.81208333333346,42.82062500000048],[-70.81114583333346,42.82125000000048],[-70.80973958333345,42.82109375000048],[-70.80927083333347,42.82046875000049],[-70.80802083333346,42.820260416667146]]]}},{"type":"Feature","properties":{"min_depth":5,"max_depth":10},"geometry":{"type":"Polygon","coordinates":[[[-70.85830672141128,43.12372718978123],[-70.85801236263744,43.122565247252936],[-70.85802083333341,43.12239583333354],[-70.85947916666674,43.12192708333354],[-70.85989583333343,43.121302083333546],[-70.86114583333341,43.121093750000206],[-70.86208333333342,43.119895833333544],[-70.86052083333341,43.11942708333354],[-70.86010416666676,43.11880208333355],[-70.85885416666675,43.11859375000021],[-70.85572916666675,43.11541666666688],[-70.85546875000009,43.11385416666688],[-70.85557291666676,43.10760416666689],[-70.85619791666676,43.10661458333355],[-70.85640625000009,43.10473958333356],[-70.85692708333342,43.10416666666689],[-70.85723958333342,43.098333333333564],[-70.85776041666675,43.097708333333564],[-70.85796875000008,43.09520833333357],[-70.85869791666676,43.09427083333357],[-70.85880208333342,43.0932291666669],[-70.86062747361485,43.09135444151299],[-70.86085937500008,43.09138020833357],[-70.86140625000007,43.091927083333566],[-70.86198208722749,43.092050477025154],[-70.86260416666676,43.092447916666906],[-70.86291666666675,43.09427083333357],[-70.86192708333341,43.103385416666896],[-70.86130208333341,43.105312500000224],[-70.86140625000009,43.11156250000022],[-70.86213541666675,43.11276041666688],[-70.86369791666675,43.114062500000216],[-70.86369791666675,43.11510416666688],[-70.86296875000008,43.11557291666688],[-70.86296875000008,43.11609375000021],[-70.86619791666675,43.118072916666875],[-70.86630208333341,43.11859375000021],[-70.86692708333341,43.11885416666688],[-70.86791666666674,43.121354166666876],[-70.86776041666674,43.12276041666688],[-70.86703125000008,43.123593750000204],[-70.86640625000008,43.123802083333544],[-70.86447916666674,43.1260937500002],[-70.86322916666676,43.12630208333354],[-70.86291666666675,43.12677083333354],[-70.86057291666674,43.126927083333534],[-70.85890625000009,43.125312500000206],[-70.85869791666676,43.12406250000021],[-70.85830672141128,43.12372718978123]],[[-70.85802083333341,43.11609375000021],[-70.85958333333342,43.115937500000214],[-70.86109375000008,43.11447916666688],[-70.86125000000008,43.11354166666688],[-70.85921875000008,43.11250000000022],[-70.85859375000008,43.10666666666689],[-70.85822916666675,43.10625000000022],[-70.85640625000009,43.108333333333555],[-70.85640625000009,43.11416666666688],[-70.85802083333341,43.11609375000021]]]}},{"type":"Feature","properties":{"min_depth":5,"max_depth":10},"geometry":{"type":"Polygon","coordinates":[[[-70.86442708333341,43.082812500000244],[-70.86473958333342,43.08135416666691],[-70.86692708333341,43.079479166666914],[-70.86713541666674,43.078229166666915],[-70.86776041666674,43.07781250000025],[-70.86885416666674,43.074895833333585],[-70.87145833333341,43.07375000000025],[-70.87197916666673,43.07421875000025],[-70.8720833333334,43.07531250000025],[-70.8713020833334,43.076718750000246],[-70.87109375000007,43.07859375000025],[-70.87057291666675,43.078854166666915],[-70.87036458333341,43.080104166666914],[-70.86963541666674,43.08072916666691],[-70.8694270833334,43.08197916666691],[-70.8688020833334,43.08239583333358],[-70.86859375000007,43.08364583333358],[-70.86723958333341,43.08468750000024],[-70.86703125000008,43.08593750000024],[-70.86625000000008,43.086770833333574],[-70.86354166666675,43.08687500000024],[-70.86291666666675,43.085833333333575],[-70.86307291666675,43.08395833333358],[-70.86442708333341,43.082812500000244]]]}},{"type":"Feature","properties":{"min_depth":10,"max_depth":20},"geometry":{"type":"Polygon","coordinates":[[[-70.6281929217149,42.69971875601136],[-70.73041666666687,42.700208333333926],[-70.73057291666687,42.701145833333925],[-70.73302083333353,42.703593750000586],[-70.73447916666686,42.703906250000585],[-70.73552083333352,42.70526041666725],[-70.73677083333354,42.70552083333392],[-70.73723958333353,42.70697916666725],[-70.74135416666685,42.71109375000058],[-70.74281250000018,42.71140625000058],[-70.74802083333351,42.71692708333391],[-70.74927083333353,42.71713541666725],[-70.75026041666685,42.71796875000058],[-70.75046875000018,42.71859375000057],[-70.75276041666685,42.72052083333391],[-70.75307291666685,42.72197916666724],[-70.7580208333335,42.7269270833339],[-70.75927083333352,42.72713541666724],[-70.7605208333335,42.72859375000056],[-70.76197916666683,42.72890625000056],[-70.7644270833335,42.73135416666723],[-70.76463541666683,42.73260416666723],[-70.76536458333351,42.73322916666723],[-70.76640625000017,42.73614583333389],[-70.76776041666683,42.73718750000056],[-70.7680208333335,42.73843750000056],[-70.76947916666683,42.738906250000554],[-70.7698958333335,42.73953125000056],[-70.77114583333349,42.739739583333886],[-70.77218750000016,42.74109375000055],[-70.77343750000017,42.74130208333389],[-70.7742708333335,42.74208333333389],[-70.7747395833335,42.745208333333885],[-70.7753645833335,42.74572916666722],[-70.77557291666683,42.74697916666722],[-70.77859375000016,42.74968750000055],[-70.77890625000016,42.75114583333388],[-70.7803645833335,42.75239583333388],[-70.78057291666683,42.75364583333388],[-70.78276041666682,42.755520833333875],[-70.78307291666682,42.75697916666721],[-70.78526041666682,42.75901041666721],[-70.78557291666682,42.76265625000054],[-70.78619791666682,42.7633854166672],[-70.78640625000016,42.7652604166672],[-70.78692708333348,42.765520833333866],[-70.78713541666681,42.766770833333865],[-70.78776041666681,42.76718750000053],[-70.78796875000015,42.76843750000053],[-70.78859375000015,42.7688541666672],[-70.78880208333348,42.770104166667195],[-70.78942708333348,42.770677083333865],[-70.78989583333349,42.774322916667195],[-70.79114583333347,42.774739583333854],[-70.79276041666681,42.77640625000053],[-70.79296875000014,42.77828125000052],[-70.79359375000014,42.778958333333854],[-70.79380208333347,42.78145833333385],[-70.79453125000015,42.78270833333385],[-70.79557291666681,42.78854166666718],[-70.79609375000014,42.78901041666718],[-70.79723958333348,42.796822916667175],[-70.79786458333348,42.79786458333383],[-70.7977604166668,42.80098958333384],[-70.7971354166668,42.8017187500005],[-70.79692708333347,42.8035937500005],[-70.79630208333347,42.804218750000494],[-70.79609375000014,42.8060937500005],[-70.79557291666681,42.80635416666716],[-70.79536458333348,42.80760416666716],[-70.79463541666681,42.80822916666716],[-70.79442708333347,42.80947916666716],[-70.79307291666682,42.810520833333825],[-70.79286458333348,42.811770833333824],[-70.79223958333348,42.81229166666716],[-70.79213541666681,42.814791666667155],[-70.79286458333348,42.815729166667154],[-70.79307291666682,42.81697916666715],[-70.79442708333347,42.81802083333382],[-70.79473958333348,42.81947916666715],[-70.79692708333347,42.82135416666715],[-70.79723958333348,42.82281250000048],[-70.79859375000014,42.82390625000048],[-70.79890625000014,42.82609375000048],[-70.79942708333347,42.826354166667144],[-70.7996354166668,42.82760416666714],[-70.8002604166668,42.82802083333381],[-70.80046875000014,42.82927083333381],[-70.80109375000013,42.829947916667145],[-70.80130208333347,42.83432291666713],[-70.80203125000014,42.83588541666713],[-70.8021354166668,42.83744791666713],[-70.80286458333347,42.83822916666713],[-70.8030729166668,42.83947916666713],[-70.80359375000013,42.8397395833338],[-70.80380208333347,42.841614583333794],[-70.80453125000014,42.842395833333796],[-70.8046354166668,42.84343750000046],[-70.8054166666668,42.84406250000046],[-70.8046354166668,42.845208333333794],[-70.8046354166668,42.847291666667125],[-70.80536458333347,42.84838541666712],[-70.8055729166668,42.850260416667126],[-70.80609375000013,42.85067708333379],[-70.80630208333346,42.85380208333378],[-70.80703125000014,42.85505208333378],[-70.80723958333347,42.85692708333379],[-70.8077604166668,42.85718750000045],[-70.80796875000013,42.85843750000045],[-70.80859375000013,42.85906250000045],[-70.80875000000013,42.861875000000445],[-70.80859375000013,42.863437500000444],[-70.80796875000013,42.86406250000044],[-70.8077604166668,42.86531250000044],[-70.80593750000014,42.867083333333774],[-70.80458333333347,42.86562500000044],[-70.80473958333347,42.86468750000044],[-70.80536458333347,42.86442708333377],[-70.8061979166668,42.863125000000444],[-70.80609375000013,42.86062500000045],[-70.80520833333347,42.85973958333378],[-70.8022916666668,42.85973958333378],[-70.80177083333348,42.860364583333784],[-70.80052083333347,42.86057291666711],[-70.8002604166668,42.86109375000044],[-70.7980729166668,42.86140625000044],[-70.79723958333348,42.86223958333378],[-70.7971354166668,42.86411458333377],[-70.79802083333347,42.865260416667105],[-70.80093750000015,42.86635416666711],[-70.80140625000014,42.86781250000044],[-70.80223958333346,42.868593750000436],[-70.80442708333347,42.868906250000435],[-70.8052604166668,42.869739583333775],[-70.80536458333347,42.871614583333766],[-70.80458333333347,42.8726041666671],[-70.80536458333347,42.8733854166671],[-70.80536458333347,42.8749479166671],[-70.8046354166668,42.875885416667096],[-70.80442708333347,42.8777604166671],[-70.8030729166668,42.87895833333376],[-70.80286458333347,42.88145833333376],[-70.8021354166668,42.88302083333376],[-70.80177083333348,42.887083333333756],[-70.80031250000013,42.88859375000042],[-70.7988541666668,42.88890625000042],[-70.79781250000013,42.89026041666708],[-70.79656250000015,42.89046875000042],[-70.79546875000014,42.891406250000415],[-70.79473958333348,42.892291666667084],[-70.79442708333347,42.89520833333375],[-70.79281250000014,42.89692708333374],[-70.79156250000015,42.89713541666708],[-70.79114583333347,42.897760416667076],[-70.78968750000014,42.89822916666708],[-70.78968750000014,42.899270833333745],[-70.79114583333347,42.89973958333374],[-70.79229166666681,42.901093750000406],[-70.79479166666681,42.90119791666708],[-70.7955729166668,42.90057291666707],[-70.7969791666668,42.90041666666708],[-70.7977604166668,42.90072916666708],[-70.79786458333348,42.90177083333374],[-70.79692708333347,42.90276041666707],[-70.79473958333347,42.90307291666707],[-70.79140625000015,42.90635416666707],[-70.79036458333348,42.909270833333736],[-70.78963541666681,42.909895833333735],[-70.78953125000015,42.9109375000004],[-70.78880208333348,42.9115625000004],[-70.78859375000015,42.9128125000004],[-70.78723958333349,42.913854166667065],[-70.78692708333348,42.9153125000004],[-70.78557291666682,42.91645833333373],[-70.78546875000015,42.91895833333373],[-70.78609375000015,42.91973958333373],[-70.78625000000015,42.921145833333725],[-70.78557291666682,42.922343750000394],[-70.78526041666682,42.925989583333724],[-70.78390625000016,42.92739583333372],[-70.78359375000015,42.931770833333715],[-70.78296875000015,42.932395833333715],[-70.78276041666682,42.93364583333371],[-70.78223958333349,42.93390625000038],[-70.78203125000016,42.935781250000375],[-70.78130208333349,42.93687500000038],[-70.78109375000015,42.939375000000375],[-70.78046875000015,42.93989583333371],[-70.78026041666682,42.94114583333371],[-70.77807291666683,42.94307291666704],[-70.77776041666682,42.94526041666704],[-70.77640625000016,42.946354166667035],[-70.77619791666683,42.947604166667034],[-70.77557291666683,42.9480208333337],[-70.7753645833335,42.9492708333337],[-70.77447916666682,42.95026041666703],[-70.77322916666684,42.95046875000037],[-70.77244791666683,42.951197916667034],[-70.77057291666682,42.95140625000036],[-70.7700520833335,42.95192708333369],[-70.76494791666684,42.95223958333369],[-70.76260416666683,42.95442708333369],[-70.75791666666684,42.954895833333694],[-70.75822916666685,42.9553645833337],[-70.75947916666684,42.95557291666702],[-70.75989583333352,42.95619791666703],[-70.7611458333335,42.956406250000356],[-70.76140625000016,42.95692708333369],[-70.76359375000017,42.95755208333369],[-70.76369791666684,42.95911458333369],[-70.76307291666684,42.95989583333369],[-70.76291666666684,42.96270833333369],[-70.76307291666684,42.964270833333686],[-70.76369791666684,42.96473958333368],[-70.76369791666684,42.965260416667014],[-70.76260416666683,42.96609375000035],[-70.75885416666685,42.96630208333369],[-70.75682291666685,42.96703125000035],[-70.75244791666685,42.96723958333368],[-70.75140625000019,42.96802083333368],[-70.75140625000019,42.969479166667014],[-70.75359375000018,42.97145833333368],[-70.75359375000018,42.97437500000034],[-70.75281250000018,42.975260416667005],[-70.75135416666684,42.975572916667005],[-70.74973958333352,42.97729166666701],[-70.74953125000019,42.979791666667005],[-70.74880208333352,42.980729166667004],[-70.74859375000018,42.981979166667],[-70.74723958333352,42.98302083333367],[-70.74692708333352,42.984479166667],[-70.74447916666685,42.98692708333366],[-70.74322916666686,42.987135416667],[-70.74229166666686,42.987916666667],[-70.74135416666685,42.987760416666994],[-70.7407812500002,42.987135416667],[-70.73921875000019,42.987135416667],[-70.73729166666686,42.988697916667],[-70.73520833333353,42.988697916667],[-70.73364583333353,42.987916666667],[-70.73208333333353,42.988229166667],[-70.73276041666686,42.98911458333367],[-70.73338541666686,42.99421875000033],[-70.73526041666686,42.994739583333654],[-70.7362500000002,42.99604166666699],[-70.73510416666687,42.998645833333654],[-70.7340625000002,42.99880208333366],[-70.73364583333353,42.99942708333365],[-70.7321875000002,43.00005208333365],[-70.73213541666686,43.00161458333365],[-70.73286458333354,43.00255208333365],[-70.73276041666686,43.00442708333365],[-70.73088541666687,43.00609375000031],[-70.72651041666687,43.00635416666698],[-70.72541666666687,43.00687500000031],[-70.72526041666687,43.00781250000031],[-70.72307291666688,43.00968750000031],[-70.72276041666687,43.01114583333364],[-70.72208333333354,43.01156250000031],[-70.72442708333354,43.013854166666974],[-70.72458333333354,43.01479166666697],[-70.72307291666688,43.01645833333364],[-70.72286458333355,43.018958333333636],[-70.72213541666687,43.019895833333635],[-70.72192708333354,43.021145833333634],[-70.71947916666687,43.023593750000295],[-70.71802083333354,43.023906250000294],[-70.71197916666688,43.030260416666955],[-70.70906250000023,43.03135416666696],[-70.70859375000022,43.03281250000029],[-70.70822916666688,43.03291666666696],[-70.70776041666689,43.03916666666695],[-70.70713541666689,43.04067708333361],[-70.70713541666689,43.04432291666694],[-70.70786458333356,43.04588541666694],[-70.7080729166669,43.04776041666695],[-70.70869791666689,43.04838541666694],[-70.70890625000023,43.050260416666944],[-70.71026041666688,43.05135416666694],[-70.71041666666689,43.05229166666694],[-70.70890625000023,43.05406250000027],[-70.70859375000022,43.05843750000027],[-70.70723958333356,43.06072916666693],[-70.70692708333355,43.06510416666693],[-70.70625000000022,43.066354166666926],[-70.70708333333356,43.06947916666692],[-70.70630208333355,43.07109375000025],[-70.70828125000023,43.07276041666692],[-70.71265625000022,43.07296875000026],[-70.71546875000021,43.07369791666692],[-70.72119791666688,43.07385416666692],[-70.72291666666688,43.07437500000025],[-70.72286458333355,43.07510416666692],[-70.72046875000021,43.07781250000025],[-70.71489583333356,43.07869791666692],[-70.70541666666689,43.07843750000025],[-70.7005729166669,43.073645833333586],[-70.70036458333357,43.07239583333359],[-70.69973958333357,43.07197916666692],[-70.69953125000023,43.07072916666692],[-70.69890625000023,43.07005208333359],[-70.69890625000023,43.06494791666693],[-70.7011979166669,43.06229166666693],[-70.7011979166669,43.0602083333336],[-70.70046875000023,43.0592708333336],[-70.7002604166669,43.0580208333336],[-70.69947916666689,43.0572395833336],[-70.6982291666669,43.05703125000027],[-70.69781250000023,43.056406250000265],[-70.69489583333358,43.05531250000027],[-70.69442708333357,43.05385416666694],[-70.69390625000024,43.053593750000275],[-70.69359375000023,43.05171875000027],[-70.69140625000023,43.05109375000027],[-70.69093750000025,43.05046875000028],[-70.68723958333356,43.05140625000027],[-70.68677083333358,43.052031250000276],[-70.68552083333357,43.0522395833336],[-70.68510416666692,43.05291666666694],[-70.68463541666691,43.05260416666694],[-70.68442708333357,43.05135416666694],[-70.68343750000025,43.05041666666694],[-70.68276041666691,43.05109375000027],[-70.6805729166669,43.05140625000027],[-70.67942708333358,43.05286458333361],[-70.67880208333358,43.053072916666935],[-70.67880208333358,43.05359375000027],[-70.68020833333358,43.0545833333336],[-70.68229166666691,43.05375000000027],[-70.68281250000024,43.05406250000027],[-70.68291666666691,43.05479166666694],[-70.68057291666692,43.05734375000027],[-70.68026041666691,43.0609895833336],[-70.67947916666691,43.06192708333359],[-70.67822916666692,43.0619270833336],[-70.67776041666691,43.0597395833336],[-70.67713541666691,43.0592708333336],[-70.67692708333358,43.0580208333336],[-70.67604166666692,43.0572395833336],[-70.67312500000025,43.0572395833336],[-70.67114583333358,43.059427083333595],[-70.66968750000025,43.060052083333595],[-70.6697395833336,43.0619270833336],[-70.67093750000026,43.06291666666693],[-70.67119791666693,43.06385416666693],[-70.67125000000026,43.066041666666926],[-70.67062500000026,43.067604166666925],[-70.66854166666693,43.067864583333595],[-70.66692708333359,43.066406250000256],[-70.66473958333358,43.066406250000256],[-70.66390625000027,43.06718750000026],[-70.66369791666693,43.06843750000026],[-70.66307291666693,43.06906250000026],[-70.66276041666693,43.07343750000025],[-70.66203125000027,43.07442708333358],[-70.66093750000027,43.07536458333359],[-70.65989583333361,43.07536458333359],[-70.6594270833336,43.07473958333358],[-70.65802083333361,43.074583333333585],[-70.65572916666694,43.07567708333359],[-70.65526041666693,43.07932291666692],[-70.65307291666694,43.08135416666691],[-70.65286458333361,43.08260416666691],[-70.65213541666694,43.08322916666691],[-70.65203125000028,43.084270833333576],[-70.6513020833336,43.085208333333576],[-70.65109375000027,43.08770833333357],[-70.64963541666694,43.08906250000024],[-70.64953125000028,43.090104166666904],[-70.6488020833336,43.0908854166669],[-70.64859375000027,43.092760416666906],[-70.64723958333362,43.09395833333357],[-70.6467708333336,43.096458333333565],[-70.64520833333361,43.097083333333565],[-70.64239583333361,43.09723958333356],[-70.64052083333361,43.09838541666689],[-70.64057291666695,43.1002604166669],[-70.64359375000028,43.102239583333564],[-70.64359375000028,43.10442708333356],[-70.64177083333362,43.10619791666689],[-70.64072916666696,43.10619791666689],[-70.64041666666695,43.10572916666689],[-70.63916666666695,43.10546875000023],[-70.63500000000029,43.10546875000023],[-70.63375000000029,43.10572916666689],[-70.63223958333363,43.10718750000022],[-70.63223958333361,43.10843750000022],[-70.63442708333362,43.10890625000022],[-70.63489583333363,43.109531250000224],[-70.63614583333361,43.10973958333355],[-70.63619791666696,43.11026041666688],[-70.63557291666696,43.11046875000022],[-70.63442708333362,43.11192708333355],[-70.63223958333361,43.11223958333355],[-70.6314062500003,43.113177083333554],[-70.63109375000029,43.116822916666884],[-70.62973958333363,43.11817708333355],[-70.62942708333362,43.12182291666688],[-70.6289062500003,43.122239583333545],[-70.62869791666697,43.12411458333354],[-70.62796875000029,43.12489583333354],[-70.62776041666696,43.12614583333354],[-70.62364583333363,43.130260416666864],[-70.62239583333364,43.130468750000205],[-70.62161458333364,43.13119791666687],[-70.61973958333363,43.1314062500002],[-70.6185937500003,43.132864583333536],[-70.6179687500003,43.13307291666686],[-70.6179687500003,43.133593750000195],[-70.61869791666697,43.134218750000194],[-70.61869791666697,43.13578125000019],[-70.6179687500003,43.136562500000196],[-70.61776041666697,43.137812500000194],[-70.61723958333364,43.138072916666864],[-70.61692708333364,43.14026041666686],[-70.61630208333364,43.14072916666686],[-70.6160937500003,43.14197916666686],[-70.6153125000003,43.14276041666685],[-70.61406250000032,43.14302083333352],[-70.6135937500003,43.144479166666855],[-70.61307291666698,43.144791666666855],[-70.6129687500003,43.14729166666685],[-70.61369791666698,43.14859375000018],[-70.6126562500003,43.149427083333514],[-70.60901041666698,43.14973958333351],[-70.60807291666698,43.15057291666685],[-70.60807291666698,43.15276041666685],[-70.60958333333365,43.15406250000018],[-70.60880208333364,43.15489583333351],[-70.60859375000031,43.15614583333351],[-70.60760416666699,43.15703125000018],[-70.60635416666697,43.15723958333351],[-70.60364583333364,43.16026041666684],[-70.60218750000031,43.16057291666684],[-70.60114583333365,43.1619270833335],[-70.59989583333366,43.16213541666684],[-70.59932291666698,43.162760416666835],[-70.596197916667,43.16286458333351],[-70.595104166667,43.16213541666684],[-70.59406250000033,43.16213541666684],[-70.593541666667,43.162760416666835],[-70.59062500000033,43.163072916666835],[-70.58890625000033,43.16468750000017],[-70.58890625000033,43.1661458333335],[-70.59192708333366,43.16885416666683],[-70.59223958333367,43.170312500000165],[-70.59442708333366,43.17218750000016],[-70.59473958333366,43.173645833333495],[-70.59843750000033,43.17708333333349],[-70.59869791666699,43.18114583333349],[-70.59843750000033,43.18208333333349],[-70.597604166667,43.18286458333349],[-70.59656250000033,43.18296875000016],[-70.59598958333365,43.18359375000015],[-70.59234375000032,43.18406250000015],[-70.59192708333366,43.18531250000015],[-70.59072916666699,43.18625000000015],[-70.590104166667,43.191250000000146],[-70.588072916667,43.19302083333348],[-70.58692708333366,43.196145833333475],[-70.58390625000034,43.19901041666681],[-70.58359375000033,43.20265625000014],[-70.583072916667,43.203072916666805],[-70.58286458333367,43.2049479166668],[-70.58223958333367,43.2057291666668],[-70.58177083333368,43.210416666666795],[-70.57973958333368,43.21218750000013],[-70.57953125000034,43.213437500000126],[-70.57864583333367,43.214427083333455],[-70.57718750000033,43.214739583333454],[-70.57557291666701,43.21635416666679],[-70.57453125000035,43.219270833333454],[-70.57380208333367,43.21989583333345],[-70.57380208333367,43.22093750000012],[-70.57453125000035,43.22156250000012],[-70.57557291666701,43.22447916666678],[-70.57786458333368,43.226562500000114],[-70.57796875000034,43.22760416666678],[-70.57869791666701,43.228385416666775],[-70.57890625000034,43.23026041666678],[-70.58109375000033,43.23218750000011],[-70.58140625000034,43.23364583333344],[-70.582916666667,43.23520833333344],[-70.582760416667,43.23614583333344],[-70.582135416667,43.2367187500001],[-70.58192708333367,43.238593750000106],[-70.58140625000034,43.23901041666677],[-70.58119791666701,43.24213541666676],[-70.58057291666701,43.2437500000001],[-70.580260416667,43.255416666666754],[-70.579635416667,43.25671875000008],[-70.57953125000034,43.25828125000008],[-70.57890625000034,43.25890625000009],[-70.577760416667,43.263593750000084],[-70.57723958333368,43.263854166666746],[-70.57703125000035,43.265104166666745],[-70.57640625000035,43.26557291666675],[-70.57619791666701,43.26744791666674],[-70.57546875000034,43.26822916666674],[-70.575260416667,43.26947916666674],[-70.57390625000035,43.27052083333341],[-70.57369791666702,43.271770833333406],[-70.57307291666702,43.27218750000007],[-70.57286458333368,43.27343750000007],[-70.57203125000035,43.2744270833334],[-70.57140625000035,43.27463541666674],[-70.56781250000034,43.27859375000006],[-70.56635416666701,43.27890625000006],[-70.56390625000036,43.28135416666673],[-70.56369791666702,43.28260416666673],[-70.56307291666702,43.2831770833334],[-70.56276041666702,43.28682291666673],[-70.56213541666702,43.28739583333339],[-70.56192708333369,43.28864583333339],[-70.56130208333369,43.28906250000006],[-70.56109375000035,43.290312500000056],[-70.55890625000036,43.292187500000054],[-70.55859375000036,43.293645833333386],[-70.55557291666703,43.29651041666672],[-70.55526041666702,43.30015625000005],[-70.55307291666703,43.302187500000045],[-70.55203125000037,43.30510416666671],[-70.5513020833337,43.30572916666671],[-70.55119791666704,43.306770833333374],[-70.55046875000036,43.30739583333337],[-70.55026041666703,43.30864583333337],[-70.54807291666704,43.31057291666671],[-70.5478645833337,43.3124479166667],[-70.54713541666703,43.3132291666667],[-70.5469270833337,43.3144791666667],[-70.54473958333371,43.316406250000036],[-70.54453125000038,43.31828125000003],[-70.5438020833337,43.31906250000003],[-70.54369791666704,43.320104166666695],[-70.54223958333371,43.321354166666694],[-70.54203125000038,43.32260416666669],[-70.54109375000037,43.323697916666696],[-70.53994791666705,43.32453125000003],[-70.53838541666704,43.32447916666669],[-70.53776041666704,43.32302083333336],[-70.53588541666704,43.321406250000024],[-70.53078125000039,43.321406250000024],[-70.53010416666706,43.32203125000003],[-70.52885416666705,43.32223958333336],[-70.52640625000039,43.32473958333336],[-70.52526041666705,43.32942708333336],[-70.52447916666705,43.33026041666668],[-70.52302083333372,43.33057291666668],[-70.52177083333373,43.33203125000002],[-70.52072916666707,43.33213541666669],[-70.52010416666707,43.332864583333354],[-70.51885416666705,43.33307291666668],[-70.5184375000004,43.33369791666669],[-70.51718750000039,43.33390625000001],[-70.51677083333374,43.33453125000002],[-70.51552083333372,43.334739583333345],[-70.5143750000004,43.33609375000001],[-70.5118750000004,43.336197916666684],[-70.51104166666707,43.33557291666668],[-70.5081250000004,43.33526041666668],[-70.50677083333373,43.33390625000001],[-70.50302083333375,43.33380208333335],[-70.50161458333375,43.33453125000002],[-70.49973958333374,43.334739583333345],[-70.49692708333374,43.33786458333335],[-70.49562500000042,43.33869791666668],[-70.49354166666708,43.33854166666668],[-70.49291666666709,43.33750000000001],[-70.49276041666708,43.335625000000014],[-70.49145833333375,43.33458333333335],[-70.49052083333375,43.334739583333345],[-70.48770833333376,43.337760416666676],[-70.48479166666709,43.337760416666676],[-70.48427083333377,43.33713541666668],[-70.48302083333375,43.33692708333334],[-70.48223958333377,43.33604166666668],[-70.48192708333376,43.33312500000002],[-70.48125000000043,43.33239583333335],[-70.47734375000043,43.33223958333335],[-70.47640625000044,43.333177083333354],[-70.47609375000043,43.336822916666684],[-70.47546875000043,43.337395833333346],[-70.4752604166671,43.338645833333345],[-70.47442708333377,43.33942708333334],[-70.47255208333377,43.339531250000014],[-70.4719791666671,43.33890625000001],[-70.4710416666671,43.33875000000001],[-70.46947916666711,43.339531250000014],[-70.46635416666712,43.339531250000014],[-70.46489583333377,43.33875000000001],[-70.46427083333377,43.33942708333334],[-70.45989583333377,43.33973958333334],[-70.45911458333379,43.34036458333335],[-70.45723958333377,43.34057291666667],[-70.45442708333378,43.34369791666668],[-70.45312500000045,43.34458333333334],[-70.45218750000045,43.344427083333336],[-70.45130208333379,43.34343750000001],[-70.45109375000045,43.34218750000001],[-70.44963541666712,43.341302083333346],[-70.44651041666712,43.341406250000006],[-70.44328125000047,43.34453125000001],[-70.44140625000045,43.344427083333336],[-70.44114583333379,43.34390625],[-70.43854166666713,43.342916666666675],[-70.4380208333338,43.34338541666667],[-70.43776041666713,43.345260416666676],[-70.4363020833338,43.346562500000005],[-70.43609375000047,43.3478125],[-70.43510416666714,43.34869791666667],[-70.43385416666713,43.34890625],[-70.43291666666714,43.35010416666667],[-70.21821290795224,43.350347760674744],[-70.19061197916564,43.350299479166665],[-70.21674953976112,43.350345200847],[-70.41791666666715,43.35010416666667],[-70.41713541666715,43.348958333333336],[-70.41713541666715,43.346875000000004],[-70.41776041666715,43.34604166666667],[-70.41791666666715,43.34416666666667],[-70.41713541666715,43.342291666666675],[-70.41708333333382,43.34083333333334],[-70.41723958333382,43.33979166666668],[-70.41885416666715,43.338072916666675],[-70.42010416666716,43.33807291666668],[-70.42062500000048,43.339947916666674],[-70.42250000000048,43.34041666666668],[-70.42354166666715,43.33979166666668],[-70.42390625000048,43.33729166666668],[-70.4247395833338,43.33640625000001],[-70.42692708333381,43.33609375000001],[-70.42739583333382,43.33546875000002],[-70.43000000000048,43.334635416666686],[-70.43500000000047,43.334739583333345],[-70.43609375000047,43.33552083333335],[-70.43640625000046,43.33677083333335],[-70.43828125000047,43.33697916666668],[-70.43890625000047,43.33552083333335],[-70.4394270833338,43.335260416666685],[-70.44057291666714,43.33057291666669],[-70.44125000000047,43.330104166666686],[-70.44046875000046,43.32911458333335],[-70.44072916666714,43.32723958333336],[-70.44197916666712,43.32723958333335],[-70.44354166666713,43.32875000000002],[-70.44447916666712,43.32859375000002],[-70.44526041666713,43.32781250000002],[-70.44531250000045,43.32656250000002],[-70.44343750000046,43.32557291666669],[-70.43906250000046,43.32526041666669],[-70.43656250000046,43.323750000000025],[-70.4363020833338,43.32036458333336],[-70.43703125000047,43.31911458333336],[-70.4370833333338,43.318020833333364],[-70.4378645833338,43.31723958333337],[-70.44098958333379,43.31692708333336],[-70.44218750000047,43.31625000000003],[-70.44531250000045,43.317083333333365],[-70.44692708333379,43.31630208333337],[-70.44791666666713,43.3176041666667],[-70.44697916666712,43.318593750000026],[-70.44572916666714,43.31890625000003],[-70.44546875000046,43.320781250000024],[-70.44776041666712,43.323072916666696],[-70.44791666666713,43.32447916666669],[-70.44776041666712,43.325260416666694],[-70.44625000000046,43.326770833333356],[-70.44828125000046,43.32713541666669],[-70.44906250000047,43.32786458333336],[-70.45010416666713,43.328020833333355],[-70.45057291666713,43.32947916666669],[-70.45192708333379,43.33052083333335],[-70.45223958333379,43.331979166666684],[-70.45307291666711,43.33276041666668],[-70.45526041666712,43.33307291666668],[-70.45635416666711,43.334427083333345],[-70.45781250000044,43.334739583333345],[-70.45822916666712,43.33536458333335],[-70.45927083333379,43.335312500000015],[-70.45953125000045,43.334062500000016],[-70.45807291666712,43.33281250000002],[-70.45786458333379,43.33156250000002],[-70.45723958333379,43.33114583333335],[-70.45703125000045,43.32989583333335],[-70.45625000000045,43.328958333333354],[-70.45807291666712,43.32385416666669],[-70.45890625000044,43.32307291666669],[-70.46109375000044,43.32276041666669],[-70.46302083333377,43.32057291666669],[-70.46427083333379,43.320364583333365],[-70.46489583333378,43.3196354166667],[-70.46593750000045,43.3196354166667],[-70.46671875000044,43.320364583333365],[-70.46828125000044,43.320104166666695],[-70.46875000000044,43.3185416666667],[-70.46869791666711,43.3163541666667],[-70.46791666666711,43.31489583333337],[-70.46869791666711,43.314635416666704],[-70.4718229166671,43.31473958333336],[-70.47302083333376,43.31609375000003],[-70.47427083333378,43.31630208333337],[-70.47468750000043,43.31692708333336],[-70.47593750000044,43.3171354166667],[-70.47645833333377,43.317760416666694],[-70.47937500000043,43.318072916666694],[-70.48145833333376,43.31942708333336],[-70.48437500000043,43.32005208333336],[-70.48442708333376,43.321927083333364],[-70.4830729166671,43.32302083333336],[-70.48276041666709,43.32447916666669],[-70.48182291666708,43.32526041666669],[-70.47817708333376,43.32572916666669],[-70.47796875000043,43.326770833333356],[-70.47911458333377,43.327760416666685],[-70.48458333333376,43.32822916666669],[-70.48536458333376,43.32906250000002],[-70.4855729166671,43.33031250000002],[-70.48677083333376,43.33125000000002],[-70.48718750000042,43.33057291666668],[-70.48843750000043,43.330364583333356],[-70.48895833333376,43.32973958333335],[-70.49145833333375,43.329531250000024],[-70.49255208333375,43.32880208333336],[-70.49442708333375,43.32859375000002],[-70.49609375000041,43.32692708333336],[-70.49656250000042,43.32473958333336],[-70.4978125000004,43.324427083333354],[-70.49807291666707,43.32390625000002],[-70.50026041666707,43.32390625000002],[-70.50260416666708,43.32625000000002],[-70.5035937500004,43.325312500000024],[-70.50390625000041,43.32385416666669],[-70.50473958333373,43.32307291666669],[-70.50661458333374,43.32296875000003],[-70.50723958333373,43.32359375000002],[-70.50864583333373,43.323750000000025],[-70.51005208333373,43.32296875000003],[-70.51192708333373,43.32276041666669],[-70.5121875000004,43.32223958333336],[-70.5134375000004,43.32203125000003],[-70.5140625000004,43.321302083333364],[-70.51531250000039,43.321093750000024],[-70.51718750000039,43.318906250000026],[-70.5184375000004,43.3186979166667],[-70.51885416666705,43.318072916666694],[-70.52010416666707,43.31786458333337],[-70.52052083333372,43.31723958333336],[-70.52177083333373,43.317031250000035],[-70.52218750000038,43.31640625000003],[-70.5234375000004,43.3161979166667],[-70.52385416666705,43.315572916666696],[-70.52697916666705,43.314427083333364],[-70.52776041666705,43.31364583333337],[-70.52796875000038,43.31239583333337],[-70.52859375000038,43.3119791666667],[-70.52880208333372,43.310729166666704],[-70.52953125000039,43.309791666666705],[-70.52953125000039,43.30770833333337],[-70.52880208333372,43.30661458333337],[-70.52859375000038,43.30473958333338],[-70.52807291666706,43.304270833333376],[-70.52791666666705,43.30145833333338],[-70.52822916666706,43.29989583333338],[-70.52947916666704,43.29942708333338],[-70.52968750000038,43.298906250000044],[-70.53093750000039,43.298802083333385],[-70.53145833333372,43.29942708333338],[-70.53437500000038,43.29973958333338],[-70.53489583333372,43.30036458333338],[-70.5361458333337,43.30057291666671],[-70.5380208333337,43.30276041666671],[-70.53927083333372,43.30296875000005],[-70.54020833333371,43.30375000000004],[-70.5411458333337,43.30359375000004],[-70.54526041666703,43.299479166666714],[-70.54546875000037,43.298229166666715],[-70.54609375000037,43.297604166666716],[-70.5463020833337,43.29385416666672],[-70.54703125000037,43.29229166666672],[-70.5472395833337,43.28979166666672],[-70.5494270833337,43.28781250000006],[-70.54963541666703,43.28656250000006],[-70.5503645833337,43.28593750000006],[-70.55026041666703,43.28468750000006],[-70.54890625000037,43.283593750000065],[-70.54875000000037,43.28218750000006],[-70.5494270833337,43.2809895833334],[-70.54963541666703,43.2778645833334],[-70.55041666666703,43.276041666666735],[-70.54890625000037,43.27447916666674],[-70.54875000000037,43.27354166666674],[-70.54953125000037,43.27260416666674],[-70.5497395833337,43.27135416666674],[-70.5503645833337,43.27093750000007],[-70.55057291666704,43.269687500000074],[-70.5519270833337,43.26864583333341],[-70.5522395833337,43.26718750000008],[-70.5528645833337,43.26692708333341],[-70.5528645833337,43.266406250000074],[-70.55213541666703,43.265781250000074],[-70.55229166666703,43.264218750000076],[-70.5533333333337,43.26375000000008],[-70.55479166666703,43.26380208333342],[-70.55572916666704,43.26453125000008],[-70.55697916666702,43.26473958333341],[-70.5573958333337,43.265364583333415],[-70.55864583333369,43.26557291666674],[-70.56026041666702,43.26718750000008],[-70.56135416666702,43.27010416666674],[-70.56260416666703,43.27036458333341],[-70.56442708333368,43.26864583333341],[-70.56557291666702,43.26552083333341],[-70.56776041666701,43.26364583333341],[-70.56807291666702,43.26218750000008],[-70.56942708333368,43.261145833333416],[-70.56963541666701,43.25989583333342],[-70.57036458333369,43.259114583333414],[-70.57036458333369,43.257552083333415],[-70.56953125000035,43.25640625000008],[-70.56859375000035,43.25557291666675],[-70.56640625000034,43.25526041666675],[-70.56458333333369,43.253229166666756],[-70.56656250000034,43.25140625000009],[-70.57031250000036,43.25098958333343],[-70.57125000000035,43.24968750000009],[-70.57140625000035,43.2473437500001],[-70.57192708333368,43.2464062500001],[-70.57213541666701,43.2382812500001],[-70.57286458333368,43.2339062500001],[-70.57286458333368,43.22609375000011],[-70.57260416666702,43.223750000000116],[-70.57213541666701,43.22296875000011],[-70.57213541666701,43.22036458333345],[-70.57286458333368,43.218958333333454],[-70.57307291666702,43.216458333333456],[-70.57369791666702,43.21593750000012],[-70.57390625000035,43.214687500000124],[-70.57453125000035,43.21427083333346],[-70.57453125000035,43.21322916666679],[-70.57375000000035,43.21239583333346],[-70.57442708333367,43.211979166666794],[-70.57473958333368,43.21052083333346],[-70.57609375000034,43.209427083333466],[-70.57640625000035,43.20723958333347],[-70.57692708333367,43.2069791666668],[-70.577135416667,43.2057291666668],[-70.57786458333368,43.2051041666668],[-70.57807291666701,43.2038541666668],[-70.57942708333367,43.202760416666806],[-70.579635416667,43.2008854166668],[-70.58036458333368,43.200104166666804],[-70.58057291666701,43.198854166666806],[-70.58192708333367,43.19781250000014],[-70.58223958333367,43.19635416666681],[-70.58359375000033,43.19526041666681],[-70.58380208333367,43.19338541666681],[-70.58453125000034,43.19229166666681],[-70.58473958333367,43.189791666666814],[-70.58536458333367,43.18927083333348],[-70.585572916667,43.18802083333348],[-70.58692708333366,43.186979166666816],[-70.587135416667,43.18572916666682],[-70.58786458333367,43.184947916666815],[-70.588072916667,43.18307291666682],[-70.58859375000033,43.18265625000016],[-70.58890625000033,43.17901041666683],[-70.58958333333366,43.17843750000016],[-70.58880208333366,43.177291666666825],[-70.58880208333366,43.175208333333494],[-70.58942708333366,43.1744270833335],[-70.58958333333366,43.173020833333496],[-70.58880208333366,43.1714583333335],[-70.58859375000033,43.1689583333335],[-70.58723958333367,43.16687500000017],[-70.58708333333367,43.16500000000017],[-70.588072916667,43.16218750000017],[-70.58942708333366,43.16114583333351],[-70.589635416667,43.15989583333351],[-70.590260416667,43.159375000000175],[-70.590416666667,43.15750000000018],[-70.590104166667,43.15645833333351],[-70.58885416666699,43.156093750000174],[-70.588072916667,43.15531250000018],[-70.587916666667,43.15437500000018],[-70.588385416667,43.15385416666685],[-70.590260416667,43.15359375000018],[-70.59067708333366,43.153072916666844],[-70.59432291666698,43.152760416666844],[-70.59541666666699,43.151458333333515],[-70.59526041666699,43.150520833333516],[-70.59447916666699,43.14973958333351],[-70.59302083333365,43.149427083333514],[-70.590416666667,43.146562500000186],[-70.59432291666698,43.145781250000184],[-70.59453125000033,43.144218750000185],[-70.59375000000033,43.14281250000019],[-70.59406250000033,43.141406250000195],[-70.59531250000032,43.14109375000019],[-70.59588541666699,43.140468750000196],[-70.59776041666699,43.140260416666855],[-70.59895833333366,43.13890625000019],[-70.60187500000032,43.13859375000019],[-70.60307291666697,43.137239583333525],[-70.60385416666699,43.13708333333353],[-70.60526041666698,43.137239583333525],[-70.60677083333366,43.13875000000019],[-70.60723958333365,43.1364062500002],[-70.60802083333364,43.13557291666686],[-70.61114583333364,43.13442708333353],[-70.61192708333364,43.1335937500002],[-70.61213541666697,43.131718750000196],[-70.61286458333365,43.1307812500002],[-70.61270833333364,43.1292187500002],[-70.60979166666698,43.1285937500002],[-70.60890625000032,43.127760416666874],[-70.60880208333364,43.12588541666687],[-70.60958333333365,43.12489583333354],[-70.60552083333366,43.12442708333354],[-70.60458333333365,43.12364583333354],[-70.60473958333365,43.122239583333545],[-70.60557291666697,43.121406250000206],[-70.60776041666698,43.121093750000206],[-70.60859375000031,43.11994791666688],[-70.60875000000031,43.11572916666688],[-70.60833333333365,43.11432291666688],[-70.60750000000031,43.11338541666689],[-70.60625000000032,43.112916666666884],[-70.60333333333365,43.11296875000022],[-70.60145833333365,43.11369791666689],[-70.60000000000032,43.113750000000216],[-70.59812500000032,43.11307291666688],[-70.58937500000033,43.11276041666688],[-70.58718750000033,43.11192708333355],[-70.58677083333367,43.111302083333555],[-70.58552083333366,43.111093750000215],[-70.58281250000033,43.108072916666885],[-70.581354166667,43.107760416666885],[-70.578229166667,43.10458333333356],[-70.57791666666701,43.09989583333356],[-70.57822916666701,43.09755208333357],[-70.57854166666701,43.097083333333565],[-70.579479166667,43.09692708333356],[-70.57968750000033,43.09640625000023],[-70.58281250000033,43.095260416666896],[-70.58468750000033,43.092239583333566],[-70.58593750000034,43.09203125000024],[-70.58687500000033,43.091302083333574],[-70.58937500000033,43.09109375000023],[-70.58989583333367,43.09046875000024],[-70.59114583333366,43.0902604166669],[-70.59302083333365,43.0880729166669],[-70.59447916666699,43.0877604166669],[-70.595729166667,43.08630208333358],[-70.59677083333366,43.08619791666691],[-70.59770833333366,43.085468750000246],[-70.60020833333365,43.085260416666905],[-70.601354166667,43.084583333333576],[-70.60276041666698,43.08473958333357],[-70.60338541666698,43.08536458333358],[-70.60526041666698,43.085260416666905],[-70.60552083333364,43.08473958333357],[-70.60677083333366,43.084531250000246],[-70.60739583333365,43.08380208333358],[-70.60864583333364,43.08359375000024],[-70.61057291666698,43.08130208333358],[-70.61119791666698,43.08109375000024],[-70.61119791666698,43.08057291666691],[-70.61026041666697,43.07973958333358],[-70.60807291666697,43.07942708333358],[-70.60723958333365,43.07864583333358],[-70.60713541666698,43.07739583333358],[-70.60776041666698,43.076979166666916],[-70.60791666666698,43.07604166666692],[-70.60708333333365,43.074895833333585],[-70.60395833333365,43.07442708333358],[-70.60364583333364,43.07390625000025],[-70.60218750000031,43.07343750000025],[-70.60223958333366,43.072187500000254],[-70.60385416666698,43.07057291666692],[-70.60510416666699,43.07036458333359],[-70.60588541666698,43.06963541666693],[-70.60776041666698,43.069427083333586],[-70.60802083333364,43.06890625000025],[-70.60927083333365,43.06869791666693],[-70.61020833333365,43.06796875000026],[-70.61229166666698,43.06796875000026],[-70.61317708333364,43.068593750000254],[-70.61552083333365,43.06875000000026],[-70.61682291666696,43.068593750000254],[-70.6184375000003,43.06723958333359],[-70.62572916666696,43.06692708333359],[-70.6267187500003,43.066302083333596],[-70.6282812500003,43.066302083333596],[-70.6293750000003,43.06703125000026],[-70.63187500000029,43.06692708333359],[-70.63302083333362,43.06557291666692],[-70.63614583333361,43.06442708333359],[-70.63718750000028,43.063072916666925],[-70.64109375000028,43.0617708333336],[-70.64114583333361,43.06072916666693],[-70.63968750000028,43.06026041666693],[-70.63875000000029,43.0592708333336],[-70.64020833333362,43.05796875000027],[-70.64229166666695,43.05807291666694],[-70.64291666666695,43.05885416666693],[-70.64307291666695,43.060260416666935],[-70.64453125000028,43.061197916666934],[-70.64713541666694,43.061197916666934],[-70.64812500000028,43.06057291666693],[-70.65000000000028,43.06041666666693],[-70.65104166666694,43.06057291666693],[-70.65177083333361,43.061250000000264],[-70.65234375000027,43.06057291666693],[-70.6559895833336,43.06026041666693],[-70.65619791666694,43.059739583333595],[-70.65307291666694,43.056979166666935],[-70.65276041666694,43.0555208333336],[-70.65213541666694,43.05526041666693],[-70.6531770833336,43.05322916666694],[-70.6563020833336,43.052968750000275],[-70.65723958333359,43.05359375000027],[-70.6591145833336,43.05380208333361],[-70.65979166666693,43.0544270833336],[-70.6608333333336,43.0545833333336],[-70.6627083333336,43.0544270833336],[-70.66375000000026,43.05343750000027],[-70.66307291666693,43.05281250000027],[-70.66260416666694,43.05135416666694],[-70.65968750000026,43.05026041666694],[-70.65890625000027,43.04942708333361],[-70.65859375000026,43.047239583333614],[-70.65791666666694,43.04677083333361],[-70.65885416666693,43.04557291666694],[-70.66010416666694,43.04546875000028],[-70.66057291666692,43.046093750000274],[-70.66276041666693,43.04656250000028],[-70.66307291666693,43.047812500000276],[-70.66442708333359,43.04885416666694],[-70.6645833333336,43.04979166666694],[-70.6652083333336,43.050312500000274],[-70.66729166666693,43.05036458333361],[-70.66859375000026,43.049635416666945],[-70.66885416666692,43.05026041666694],[-70.67010416666693,43.050572916666944],[-70.67052083333358,43.052447916666935],[-70.67145833333359,43.05291666666694],[-70.67276041666692,43.05197916666694],[-70.67296875000025,43.05072916666694],[-70.67359375000025,43.050312500000274],[-70.67406250000026,43.04885416666694],[-70.67697916666691,43.04776041666694],[-70.67802083333358,43.046406250000274],[-70.67947916666691,43.046093750000274],[-70.68052083333357,43.04473958333361],[-70.6819791666669,43.04442708333361],[-70.68359375000024,43.042656250000285],[-70.68390625000025,43.039010416666954],[-70.68453125000025,43.038437500000285],[-70.68473958333358,43.037187500000286],[-70.6877604166669,43.034479166666955],[-70.68880208333357,43.03156250000029],[-70.68953125000024,43.03093750000029],[-70.68973958333358,43.02968750000029],[-70.69192708333357,43.027760416666965],[-70.69203125000024,43.02588541666696],[-70.69057291666691,43.024427083333634],[-70.69057291666691,43.022239583333636],[-70.69145833333357,43.0214062500003],[-70.69395833333357,43.02119791666697],[-70.69489583333358,43.020468750000305],[-70.69593750000024,43.02036458333364],[-70.6963541666669,43.01973958333363],[-70.69781250000023,43.01942708333363],[-70.69973958333355,43.017239583333634],[-70.70192708333356,43.016927083333634],[-70.70218750000022,43.0164062500003],[-70.70343750000023,43.016197916666975],[-70.70406250000023,43.01546875000031],[-70.70531250000022,43.01526041666697],[-70.7055729166669,43.01463541666698],[-70.7061979166669,43.014427083333636],[-70.7061979166669,43.0139062500003],[-70.7055729166669,43.01369791666698],[-70.70375000000023,43.01156250000031],[-70.70536458333356,43.01026041666697],[-70.7055729166669,43.00963541666698],[-70.7088541666669,43.01119791666698],[-70.71104166666689,43.01125000000031],[-70.71260416666688,43.01046875000031],[-70.71291666666689,43.00968750000031],[-70.71260416666689,43.00708333333365],[-70.71031250000021,43.004739583333645],[-70.70885416666688,43.004427083333645],[-70.70776041666689,43.00296875000032],[-70.70713541666689,43.00276041666698],[-70.70630208333355,43.00177083333365],[-70.70640625000023,43.00052083333365],[-70.70755208333355,42.99973958333365],[-70.70989583333355,42.99958333333365],[-70.71411458333355,42.99973958333365],[-70.71552083333356,43.000416666666986],[-70.71692708333354,43.00026041666698],[-70.71953125000022,42.99760416666699],[-70.71953125000022,42.99656250000032],[-70.71880208333354,42.99578125000032],[-70.71890625000022,42.99390625000033],[-70.72125000000021,42.99177083333366],[-70.72046875000021,42.99093750000033],[-70.72026041666687,42.98968750000033],[-70.71880208333354,42.98859375000033],[-70.71859375000021,42.987968750000334],[-70.71776041666688,42.98723958333366],[-70.71588541666688,42.98687500000033],[-70.71526041666688,42.98395833333367],[-70.71427083333356,42.98296875000034],[-70.71302083333354,42.983229166667],[-70.71276041666688,42.984479166667],[-70.71130208333355,42.985729166667],[-70.71130208333355,42.986770833333665],[-70.71218750000021,42.987760416666994],[-70.71343750000023,42.987968750000334],[-70.7139062500002,42.98859375000033],[-70.71609375000021,42.98906250000033],[-70.71708333333355,42.991666666666994],[-70.71692708333354,42.993125000000326],[-70.71614583333354,42.993750000000325],[-70.71473958333354,42.99359375000032],[-70.71359375000021,42.99223958333366],[-70.70890625000021,42.991093750000324],[-70.7080729166669,42.990260416667],[-70.70776041666689,42.988072916667],[-70.70692708333355,42.98723958333366],[-70.70505208333356,42.987031250000335],[-70.70442708333356,42.98640625000033],[-70.70255208333356,42.986197916667],[-70.70192708333356,42.985572916666996],[-70.69723958333356,42.984427083333664],[-70.69677083333357,42.98380208333367],[-70.69552083333356,42.98359375000033],[-70.69546875000023,42.983072916667],[-70.69609375000023,42.98286458333367],[-70.69718750000023,42.98140625000033],[-70.69864583333356,42.98109375000033],[-70.69968750000022,42.97973958333367],[-70.70093750000024,42.97953125000034],[-70.70125000000023,42.97906250000034],[-70.70343750000023,42.978802083333676],[-70.71291666666689,42.97906250000034],[-70.71322916666689,42.97953125000034],[-70.71447916666688,42.97973958333367],[-70.71552083333354,42.98109375000033],[-70.71697916666687,42.98140625000033],[-70.71776041666688,42.98223958333367],[-70.71791666666688,42.98364583333367],[-70.71932291666688,42.98442708333367],[-70.72494791666688,42.984427083333664],[-70.72572916666688,42.98380208333367],[-70.72697916666687,42.98359375000033],[-70.72729166666687,42.983072916667],[-70.73020833333354,42.982760416667],[-70.7310937500002,42.98203125000034],[-70.73130208333353,42.98140625000033],[-70.73276041666686,42.98031250000034],[-70.7329687500002,42.97906250000034],[-70.7335937500002,42.97843750000034],[-70.7337500000002,42.97562500000034],[-70.73286458333354,42.97171875000034],[-70.73223958333354,42.970885416667016],[-70.73192708333353,42.965781250000354],[-70.7304687500002,42.964270833333686],[-70.73057291666687,42.96302083333369],[-70.7318750000002,42.962135416667024],[-70.73395833333353,42.96223958333369],[-70.73458333333353,42.96302083333369],[-70.73473958333354,42.96442708333369],[-70.73718750000019,42.96692708333368],[-70.73864583333352,42.96723958333368],[-70.7390625000002,42.967864583333686],[-70.74010416666687,42.967864583333686],[-70.74109375000019,42.96692708333369],[-70.74125000000019,42.965520833333684],[-70.7409375000002,42.96473958333369],[-70.73968750000019,42.963958333333686],[-70.73989583333353,42.96145833333369],[-70.74182291666685,42.96057291666702],[-70.74869791666686,42.960260416667026],[-70.75041666666685,42.95947916666702],[-70.75057291666685,42.95807291666703],[-70.75109375000018,42.95781250000036],[-70.75130208333351,42.95656250000036],[-70.75203125000019,42.95593750000036],[-70.75223958333352,42.95468750000036],[-70.75359375000018,42.953645833333695],[-70.75390625000018,42.95218750000036],[-70.7555208333335,42.95057291666703],[-70.75697916666684,42.95026041666703],[-70.75885416666684,42.94807291666703],[-70.76010416666685,42.947864583333704],[-70.76109375000017,42.94703125000037],[-70.7613020833335,42.946406250000365],[-70.76276041666684,42.94531250000037],[-70.76307291666684,42.94385416666704],[-70.7644270833335,42.94281250000037],[-70.76473958333351,42.94135416666704],[-70.76609375000017,42.940260416667044],[-70.7663020833335,42.93838541666704],[-70.76703125000017,42.93760416666704],[-70.7672395833335,42.936354166667044],[-70.76776041666683,42.936041666667045],[-70.76796875000016,42.93354166666705],[-70.76859375000016,42.93260416666705],[-70.76890625000017,42.92822916666705],[-70.77276041666683,42.924479166667055],[-70.77296875000016,42.923229166667056],[-70.77369791666683,42.92244791666705],[-70.77390625000017,42.92057291666706],[-70.77609375000016,42.91864583333373],[-70.77713541666682,42.91572916666706],[-70.7778645833335,42.915104166667064],[-70.77807291666683,42.913854166667065],[-70.77942708333349,42.9128125000004],[-70.77963541666682,42.9115625000004],[-70.78026041666682,42.911093750000404],[-70.78041666666682,42.9096875000004],[-70.77901041666682,42.908906250000406],[-70.77432291666683,42.90880208333374],[-70.77229166666683,42.909531250000406],[-70.7702083333335,42.9096875000004],[-70.76890625000017,42.911458333333734],[-70.76875000000017,42.9125000000004],[-70.76890625000017,42.9143750000004],[-70.77041666666683,42.91572916666706],[-70.76979166666683,42.916197916667066],[-70.7677083333335,42.916197916667066],[-70.7667708333335,42.91557291666706],[-70.7639583333335,42.91541666666706],[-70.7623958333335,42.91557291666706],[-70.7613020833335,42.916197916667066],[-70.75947916666684,42.916250000000396],[-70.7581770833335,42.91546875000039],[-70.75791666666684,42.9146875000004],[-70.75807291666685,42.9123437500004],[-70.75859375000017,42.91197916666707],[-70.75906250000018,42.910520833333734],[-70.76197916666683,42.90942708333373],[-70.76385416666683,42.907239583333734],[-70.76531250000016,42.906927083333734],[-70.76609375000017,42.90614583333374],[-70.7663020833335,42.90489583333374],[-70.7669270833335,42.90447916666707],[-70.76739583333351,42.90302083333374],[-70.76843750000018,42.902864583333745],[-70.76921875000016,42.90213541666708],[-70.77109375000016,42.90192708333374],[-70.7719270833335,42.90093750000041],[-70.7722395833335,42.896562500000414],[-70.7728645833335,42.895937500000414],[-70.77375000000016,42.89333333333375],[-70.77359375000016,42.89145833333375],[-70.7722395833335,42.89031250000042],[-70.7719270833335,42.88885416666709],[-70.77041666666683,42.88729166666709],[-70.77057291666684,42.88635416666709],[-70.77135416666682,42.88557291666709],[-70.77260416666684,42.885260416667094],[-70.77307291666683,42.883072916667096],[-70.77369791666683,42.88260416666709],[-70.77369791666683,42.88156250000043],[-70.77296875000016,42.88093750000043],[-70.77276041666683,42.87968750000043],[-70.77213541666683,42.87927083333376],[-70.7722395833335,42.878020833333764],[-70.77322916666684,42.8771354166671],[-70.77447916666682,42.87692708333376],[-70.77557291666683,42.87546875000044],[-70.77729166666683,42.87625000000043],[-70.77822916666683,42.87546875000044],[-70.77947916666682,42.875260416667096],[-70.78026041666682,42.874322916667104],[-70.78057291666683,42.870677083333774],[-70.78109375000015,42.87031250000044],[-70.78145833333349,42.86906250000044],[-70.78250000000016,42.86875000000044],[-70.78458333333349,42.86906250000044],[-70.78609375000015,42.87052083333377],[-70.78640625000016,42.8719791666671],[-70.78703125000015,42.872239583333766],[-70.78541666666682,42.87520833333377],[-70.78557291666682,42.876145833333766],[-70.78635416666681,42.87692708333376],[-70.78760416666682,42.8769791666671],[-70.78802083333348,42.8757291666671],[-70.78895833333348,42.8754166666671],[-70.78947916666681,42.875885416667096],[-70.78963541666681,42.877447916667094],[-70.79010416666682,42.8779166666671],[-70.79291666666681,42.8751041666671],[-70.79223958333348,42.87421875000044],[-70.79213541666681,42.869843750000435],[-70.79359375000014,42.86572916666711],[-70.79390625000015,42.85843750000045],[-70.7952604166668,42.85593750000045],[-70.79541666666681,42.85437500000045],[-70.7952604166668,42.851562500000455],[-70.79375000000014,42.84895833333379],[-70.79390625000015,42.84802083333379],[-70.79453125000015,42.84744791666712],[-70.79453125000015,42.84588541666712],[-70.79380208333347,42.844947916667124],[-70.79359375000014,42.84307291666713],[-70.79223958333348,42.8419270833338],[-70.79203125000015,42.840052083333795],[-70.79140625000015,42.839062500000466],[-70.79109375000014,42.831770833333806],[-70.79046875000014,42.830625000000474],[-70.79026041666681,42.828125000000476],[-70.78963541666681,42.82760416666714],[-70.78942708333348,42.826354166667144],[-70.78640625000016,42.82364583333381],[-70.78609375000015,42.82218750000048],[-70.78473958333349,42.821093750000486],[-70.78442708333348,42.81890625000049],[-70.78390625000016,42.81864583333382],[-70.78369791666682,42.81739583333382],[-70.78307291666682,42.81697916666715],[-70.78286458333349,42.815729166667154],[-70.78223958333349,42.815104166667155],[-70.78192708333349,42.81072916666716],[-70.78093750000016,42.80885416666716],[-70.77958333333349,42.808437500000494],[-70.78109375000015,42.806822916667166],[-70.78130208333349,42.80369791666716],[-70.78203125000016,42.80151041666716],[-70.78203125000016,42.79682291666717],[-70.78130208333349,42.79432291666717],[-70.78109375000015,42.78994791666718],[-70.77947916666682,42.788072916667176],[-70.77822916666683,42.78786458333385],[-70.77744791666683,42.787135416667184],[-70.77557291666682,42.78692708333384],[-70.7747395833335,42.78609375000052],[-70.77463541666683,42.78421875000051],[-70.77609375000016,42.78270833333385],[-70.77625000000016,42.78083333333385],[-70.7753645833335,42.77822916666719],[-70.77463541666683,42.77760416666719],[-70.77442708333349,42.77635416666719],[-70.7722395833335,42.77447916666719],[-70.7719270833335,42.77302083333386],[-70.77046875000016,42.77177083333386],[-70.7694270833335,42.7688541666672],[-70.7672395833335,42.7669791666672],[-70.7669270833335,42.765520833333866],[-70.76557291666684,42.7644791666672],[-70.76536458333351,42.7632291666672],[-70.76463541666683,42.7624479166672],[-70.7644270833335,42.76057291666721],[-70.76359375000017,42.75973958333387],[-70.76171875000017,42.75953125000054],[-70.7611458333335,42.758906250000535],[-70.75958333333351,42.75843750000054],[-70.76036458333351,42.75697916666721],[-70.76026041666684,42.75322916666721],[-70.7586458333335,42.75140625000054],[-70.75739583333352,42.751197916667216],[-70.75697916666684,42.75057291666721],[-70.75572916666685,42.750364583333884],[-70.75531250000017,42.74973958333388],[-70.75406250000019,42.74932291666722],[-70.75359375000018,42.74567708333389],[-70.75296875000018,42.74510416666722],[-70.75276041666685,42.74385416666722],[-70.75213541666685,42.74343750000055],[-70.75192708333351,42.742187500000554],[-70.74947916666684,42.739739583333886],[-70.74802083333351,42.73942708333389],[-70.74723958333352,42.73864583333389],[-70.74677083333353,42.73718750000056],[-70.74385416666685,42.736093750000556],[-70.74281250000018,42.73473958333389],[-70.74135416666685,42.734270833333895],[-70.74119791666686,42.73322916666723],[-70.74046875000019,42.732447916667226],[-70.74026041666686,42.730572916667235],[-70.73973958333353,42.730312500000565],[-70.73864583333352,42.7273958333339],[-70.73718750000019,42.7269270833339],[-70.73692708333353,42.726406250000565],[-70.73505208333353,42.72619791666724],[-70.73427083333354,42.72546875000057],[-70.73302083333353,42.72526041666723],[-70.73223958333354,42.72442708333391],[-70.7320312500002,42.7225520833339],[-70.73130208333353,42.721770833333906],[-70.7310937500002,42.72052083333391],[-70.7279687500002,42.71859375000057],[-70.72786458333354,42.71807291666724],[-70.72473958333354,42.71531250000058],[-70.72453125000021,42.71406250000058],[-70.72364583333353,42.713072916667244],[-70.7221875000002,42.712760416667244],[-70.72026041666687,42.710572916667246],[-70.71807291666687,42.710260416667246],[-70.71640625000022,42.70864583333392],[-70.71609375000021,42.707187500000586],[-70.71447916666688,42.70557291666725],[-70.71302083333354,42.70526041666725],[-70.71197916666688,42.703906250000585],[-70.7107291666669,42.70369791666726],[-70.71026041666688,42.70307291666725],[-70.70557291666688,42.70192708333392],[-70.70473958333356,42.701145833333925],[-70.70458333333356,42.700208333333926],[-70.60589420654838,42.69971365099415],[-70.6281929217149,42.69971875601136]],[[-70.46875000000044,43.32791666666669],[-70.46541666666711,43.32791666666669],[-70.46541666666711,43.33208333333335],[-70.46791666666711,43.33208333333335],[-70.46791666666711,43.33125000000002],[-70.46875000000044,43.33125000000002],[-70.46875000000044,43.32791666666669]],[[-70.47442708333377,43.324739583333354],[-70.47302083333378,43.32458333333336],[-70.47223958333376,43.32489583333336],[-70.47208333333377,43.325625000000024],[-70.4727604166671,43.32651041666669],[-70.47302083333376,43.32963541666668],[-70.47395833333377,43.330416666666686],[-70.4752604166671,43.32932291666669],[-70.47536458333377,43.326197916666686],[-70.47442708333377,43.324739583333354]],[[-70.58968750000032,43.09640625000023],[-70.59114583333366,43.09609375000023],[-70.59218750000032,43.09473958333356],[-70.59343750000033,43.09453125000024],[-70.59421875000032,43.09380208333357],[-70.59609375000032,43.09359375000023],[-70.59703125000033,43.0927604166669],[-70.59703125000033,43.092239583333566],[-70.59640625000033,43.09203125000024],[-70.59614583333365,43.09140625000023],[-70.59520833333366,43.09125000000024],[-70.59432291666698,43.091927083333566],[-70.59067708333366,43.092239583333566],[-70.590104166667,43.09286458333357],[-70.58885416666699,43.0930729166669],[-70.585260416667,43.097031250000235],[-70.584635416667,43.09723958333356],[-70.584635416667,43.097760416666894],[-70.585260416667,43.097968750000234],[-70.58552083333366,43.09859375000023],[-70.58645833333367,43.09875000000023],[-70.58739583333367,43.097968750000234],[-70.58864583333366,43.097760416666894],[-70.58968750000032,43.09640625000023]],[[-70.587916666667,43.10385416666689],[-70.588541666667,43.10515625000023],[-70.589166666667,43.10541666666689],[-70.59125000000033,43.10510416666689],[-70.592916666667,43.104062500000225],[-70.59156250000034,43.10364583333356],[-70.59125000000033,43.103125000000226],[-70.59140625000033,43.10218750000023],[-70.59203125000033,43.10161458333356],[-70.59192708333366,43.10005208333356],[-70.59114583333366,43.09958333333356],[-70.59005208333366,43.0996354166669],[-70.588072916667,43.1015104166669],[-70.587916666667,43.10385416666689]],[[-70.61286458333365,43.12010416666688],[-70.61208333333364,43.12093750000021],[-70.61307291666698,43.12203125000021],[-70.61515625000031,43.121302083333546],[-70.6207812500003,43.121093750000206],[-70.62208333333363,43.12010416666688],[-70.61973958333364,43.11776041666688],[-70.61958333333364,43.11635416666688],[-70.61989583333364,43.115572916666885],[-70.62114583333363,43.11526041666688],[-70.62276041666696,43.11354166666688],[-70.62276041666696,43.11062500000022],[-70.61713541666697,43.10494791666689],[-70.61723958333364,43.103072916666896],[-70.61869791666697,43.10145833333356],[-70.61843750000031,43.09875000000023],[-70.61723958333364,43.09968750000023],[-70.61692708333364,43.10114583333356],[-70.61510416666698,43.10286458333356],[-70.61406250000032,43.10286458333356],[-70.61343750000032,43.1021354166669],[-70.6121875000003,43.10192708333356],[-70.61177083333365,43.10125000000023],[-70.61046875000031,43.10239583333356],[-70.61057291666698,43.10364583333356],[-70.61156250000032,43.10453125000023],[-70.6128125000003,43.104739583333554],[-70.61442708333364,43.106458333333556],[-70.61473958333364,43.10937500000022],[-70.61619791666698,43.11088541666688],[-70.61619791666698,43.11244791666688],[-70.61557291666698,43.11302083333355],[-70.61526041666697,43.11427083333355],[-70.61338541666697,43.11453125000022],[-70.61239583333364,43.113750000000216],[-70.61125000000031,43.11489583333355],[-70.61369791666698,43.117395833333546],[-70.61369791666698,43.11843750000021],[-70.61307291666698,43.11885416666688],[-70.61286458333365,43.12010416666688]],[[-70.62213541666696,43.10656250000022],[-70.62208333333363,43.10729166666689],[-70.62255208333363,43.10781250000022],[-70.62458333333363,43.10760416666689],[-70.62489583333364,43.10713541666689],[-70.62614583333362,43.10692708333355],[-70.6265625000003,43.10630208333356],[-70.62760416666697,43.10614583333356],[-70.62770833333363,43.10489583333356],[-70.62479166666697,43.104739583333554],[-70.62427083333364,43.10536458333356],[-70.62302083333363,43.10557291666689],[-70.62213541666696,43.10656250000022]],[[-70.6260937500003,43.08729166666691],[-70.62640625000029,43.089791666666905],[-70.62781250000029,43.090416666666904],[-70.6287500000003,43.089479166666905],[-70.62890625000028,43.0883854166669],[-70.6296875000003,43.08791666666691],[-70.6326562500003,43.08869791666691],[-70.63828125000029,43.088593750000236],[-70.64010416666696,43.08781250000024],[-70.64057291666695,43.08635416666691],[-70.64125000000028,43.08572916666691],[-70.64057291666695,43.08531250000024],[-70.64020833333362,43.08406250000024],[-70.63916666666695,43.083750000000244],[-70.63729166666695,43.08390625000024],[-70.63692708333362,43.08442708333357],[-70.63505208333362,43.08463541666691],[-70.63395833333362,43.08536458333358],[-70.63187500000029,43.08536458333358],[-70.6303125000003,43.08463541666691],[-70.6262500000003,43.084895833333576],[-70.62557291666697,43.085520833333575],[-70.62541666666696,43.086458333333574],[-70.6260937500003,43.08729166666691]],[[-70.64156250000029,43.07463541666692],[-70.64479166666695,43.07541666666692],[-70.64697916666695,43.07536458333359],[-70.64791666666694,43.074895833333585],[-70.64697916666694,43.07390625000025],[-70.6455208333336,43.07359375000025],[-70.64421875000028,43.072239583333584],[-70.63911458333362,43.072239583333584],[-70.63859375000028,43.07276041666692],[-70.63671875000028,43.07296875000026],[-70.63609375000028,43.07359375000025],[-70.63390625000028,43.07421875000025],[-70.6339062500003,43.076093750000254],[-70.63468750000028,43.07692708333358],[-70.6359375000003,43.07713541666692],[-70.63677083333363,43.077916666666916],[-70.63723958333361,43.07723958333358],[-70.63942708333362,43.07692708333358],[-70.64156250000029,43.07463541666692]],[[-70.7823958333335,42.89786458333375],[-70.78343750000016,42.89776041666708],[-70.78359375000015,42.895572916667085],[-70.78291666666682,42.89489583333375],[-70.78526041666682,42.89281250000042],[-70.78541666666682,42.89187500000042],[-70.78479166666682,42.891354166667085],[-70.78333333333349,42.89125000000042],[-70.78229166666682,42.89187500000042],[-70.78125000000016,42.89614583333375],[-70.78140625000016,42.89692708333375],[-70.7823958333335,42.89786458333375]]]}},{"type":"Feature","properties":{"min_depth":10,"max_depth":20},"geometry":{"type":"Polygon","coordinates":[[[-70.4796354166671,43.12489583333354],[-70.47942708333376,43.12614583333354],[-70.4779166666671,43.12760416666687],[-70.4760416666671,43.12791666666687],[-70.4729166666671,43.12760416666687],[-70.46973958333378,43.12427083333354],[-70.46973958333378,43.119895833333544],[-70.47239583333376,43.11723958333354],[-70.47677083333376,43.11723958333354],[-70.47739583333377,43.11786458333355],[-70.47864583333376,43.118072916666875],[-70.4802604166671,43.12067708333355],[-70.48036458333377,43.12380208333354],[-70.4796354166671,43.12489583333354]],[[-70.47777510683804,43.12260817307713],[-70.47781250000043,43.122604166666875],[-70.47785353535396,43.12231691919213],[-70.4779166666671,43.122291666666875],[-70.47787186379972,43.12218862007189],[-70.4779166666671,43.12187500000021],[-70.47779131485603,43.12163569199726],[-70.47781250000043,43.12036458333354],[-70.47609375000043,43.11890625000021],[-70.47421875000043,43.11880208333355],[-70.47364583333376,43.11942708333354],[-70.47239583333378,43.11979166666688],[-70.47223958333377,43.12270833333354],[-70.47395833333377,43.124427083333536],[-70.47687500000043,43.124427083333536],[-70.4777604166671,43.123489583333544],[-70.47777510683804,43.12260817307713]]]}},{"type":"Feature","properties":{"min_depth":10,"max_depth":20},"geometry":{"type":"Polygon","coordinates":[[[-70.48286458333376,43.31000000000004],[-70.4826041666671,43.31500000000003],[-70.48135416666709,43.315572916666696],[-70.48093750000044,43.31625000000003],[-70.47973958333377,43.315208333333366],[-70.47927083333377,43.3122916666667],[-70.47687500000043,43.31125000000004],[-70.47593750000044,43.31203125000004],[-70.47468750000043,43.312239583333366],[-70.47442708333377,43.3127604166667],[-70.47255208333377,43.31286458333337],[-70.47130208333377,43.311614583333366],[-70.47156250000045,43.309739583333375],[-70.47281250000043,43.30942708333337],[-70.4738541666671,43.3080729166667],[-70.47531250000043,43.3077604166667],[-70.4765104166671,43.30640625000004],[-70.4804166666671,43.30656250000004],[-70.4826041666671,43.30875000000004],[-70.48286458333376,43.31000000000004]]]}},{"type":"Feature","properties":{"min_depth":10,"max_depth":20},"geometry":{"type":"Polygon","coordinates":[[[-70.52979166666705,43.140260416666855],[-70.52906250000038,43.139583333333526],[-70.52864583333371,43.140260416666855],[-70.52583333333372,43.14125000000019],[-70.52437500000039,43.141093750000195],[-70.52375000000039,43.13968750000019],[-70.52432291666705,43.13921875000019],[-70.5271875000004,43.13875000000019],[-70.53119791666705,43.13885416666686],[-70.53291666666705,43.13937500000019],[-70.53270833333372,43.14010416666686],[-70.53166666666705,43.14041666666686],[-70.52979166666705,43.140260416666855]]]}},{"type":"Feature","properties":{"min_depth":10,"max_depth":20},"geometry":{"type":"Polygon","coordinates":[[[-70.5452083333337,43.1314062500002],[-70.54619791666704,43.13239583333353],[-70.54609375000037,43.13364583333353],[-70.5439583333337,43.13541666666686],[-70.5430208333337,43.13526041666686],[-70.54244791666704,43.13463541666687],[-70.54041666666704,43.13427083333353],[-70.54119791666704,43.1334375000002],[-70.54140625000038,43.1321875000002],[-70.54229166666704,43.1314062500002],[-70.5452083333337,43.1314062500002]]]}},{"type":"Feature","properties":{"min_depth":10,"max_depth":20},"geometry":{"type":"Polygon","coordinates":[[[-70.59312500000033,43.07723958333358],[-70.59223958333367,43.07807291666692],[-70.59192708333366,43.08026041666692],[-70.59093750000034,43.081250000000246],[-70.589635416667,43.07994791666691],[-70.589635416667,43.07838541666691],[-70.59046875000033,43.07723958333358],[-70.59234375000032,43.075572916666914],[-70.59598958333365,43.07572916666692],[-70.59604166666699,43.07677083333358],[-70.59312500000033,43.07723958333358]]]}},{"type":"Feature","properties":{"min_depth":10,"max_depth":20},"geometry":{"type":"Polygon","coordinates":[[[-70.59500000000033,43.03958333333362],[-70.59604166666699,43.04020833333362],[-70.59609375000032,43.042708333333614],[-70.59479166666699,43.04375000000028],[-70.59385416666699,43.04359375000028],[-70.59364583333365,43.043072916666944],[-70.59218750000032,43.042447916666944],[-70.59223958333367,43.04057291666695],[-70.59312500000033,43.03973958333361],[-70.59500000000033,43.03958333333362]]]}},{"type":"Feature","properties":{"min_depth":10,"max_depth":20},"geometry":{"type":"Polygon","coordinates":[[[-70.59843750000033,42.991197916667],[-70.59718750000032,42.991406250000324],[-70.59526041666699,42.993697916666996],[-70.59364583333365,42.99458333333366],[-70.59223958333365,42.994114583333655],[-70.59223958333367,42.992239583333664],[-70.59385416666699,42.99057291666699],[-70.59531250000032,42.990104166666995],[-70.59546875000032,42.98906250000033],[-70.596197916667,42.98828125000033],[-70.59640625000033,42.986406250000336],[-70.59723958333366,42.98546875000034],[-70.59776041666699,42.98546875000034],[-70.60057291666699,42.988697916667],[-70.60229166666699,42.987916666667],[-70.60359375000031,42.98890625000033],[-70.60375000000032,42.99031250000033],[-70.60312500000032,42.99109375000033],[-70.60104166666699,42.991197916667],[-70.600104166667,42.99046875000033],[-70.59906250000033,42.99046875000033],[-70.59843750000033,42.991197916667]]]}},{"type":"Feature","properties":{"min_depth":10,"max_depth":20},"geometry":{"type":"Polygon","coordinates":[[[-70.60822916666699,43.007968750000316],[-70.60739583333364,43.00859375000031],[-70.60010416666698,43.00890625000031],[-70.59864583333365,43.009583333333644],[-70.59723958333365,43.00942708333364],[-70.59390625000033,43.00609375000032],[-70.59380208333366,43.00421875000031],[-70.59463541666699,43.00307291666698],[-70.595729166667,43.00213541666699],[-70.59697916666698,43.00192708333365],[-70.59875000000032,42.99906250000032],[-70.60578125000032,42.99859375000032],[-70.60687500000031,42.997968750000325],[-70.60937500000031,42.997760416666985],[-70.61041666666698,42.996770833333656],[-70.60807291666698,42.994322916666995],[-70.60776041666698,42.990677083333665],[-70.60640625000032,42.989322916667],[-70.60583333333365,42.986197916666995],[-70.60375000000032,42.985416666667],[-70.60000000000032,42.985260416666996],[-70.59802083333365,42.984114583333664],[-70.598072916667,42.98223958333367],[-70.59942708333365,42.98114583333367],[-70.60057291666699,42.97802083333367],[-70.60109375000032,42.97796875000034],[-70.60156250000033,42.97869791666701],[-70.60281250000031,42.978593750000336],[-70.60473958333364,42.97640625000034],[-70.60692708333364,42.97609375000034],[-70.60718750000031,42.975572916667005],[-70.61010416666699,42.97447916666701],[-70.61057291666698,42.97302083333368],[-70.61218750000032,42.972135416667015],[-70.6159375000003,42.972239583333675],[-70.61692708333364,42.97302083333368],[-70.61739583333365,42.97447916666701],[-70.61843750000031,42.97463541666701],[-70.6192187500003,42.97536458333368],[-70.6207812500003,42.975156250000346],[-70.6212500000003,42.97385416666701],[-70.6210937500003,42.971510416667016],[-70.61958333333364,42.96989583333368],[-70.62026041666697,42.969427083333684],[-70.6204687500003,42.96755208333368],[-70.62119791666697,42.96661458333368],[-70.62119791666697,42.96505208333368],[-70.6204687500003,42.96442708333368],[-70.6204687500003,42.96390625000035],[-70.6210937500003,42.96369791666702],[-70.62223958333362,42.962239583333684],[-70.62364583333363,42.96208333333369],[-70.6250000000003,42.96276041666702],[-70.63083333333363,42.963072916667016],[-70.63302083333362,42.965260416667014],[-70.63447916666695,42.965572916667014],[-70.63536458333363,42.96656250000035],[-70.63526041666695,42.96781250000035],[-70.63473958333363,42.967864583333686],[-70.63427083333363,42.96713541666702],[-70.63322916666696,42.96718750000035],[-70.63187500000029,42.970104166667014],[-70.62640625000029,42.97140625000034],[-70.62614583333362,42.971927083333675],[-70.62489583333364,42.972187500000345],[-70.62458333333363,42.97270833333368],[-70.62510416666696,42.973437500000344],[-70.62614583333364,42.97364583333368],[-70.63239583333362,42.97390625000034],[-70.63442708333362,42.97557291666701],[-70.63442708333362,42.97776041666701],[-70.6339062500003,42.97802083333367],[-70.63369791666696,42.97927083333367],[-70.63307291666696,42.97968750000034],[-70.63286458333363,42.98093750000034],[-70.63192708333362,42.98203125000034],[-70.6306250000003,42.98286458333367],[-70.6281250000003,42.982760416667],[-70.62697916666696,42.98140625000033],[-70.62572916666697,42.98119791666701],[-70.62531250000029,42.980572916667],[-70.6226562500003,42.97963541666701],[-70.61828125000031,42.97973958333367],[-70.61708333333364,42.980729166667004],[-70.61885416666696,42.982760416667],[-70.6203125000003,42.983072916667],[-70.6234375000003,42.98625000000033],[-70.6240625000003,42.99015625000033],[-70.62531250000029,42.99057291666699],[-70.62557291666695,42.991093750000324],[-70.62776041666696,42.991406250000324],[-70.62859375000029,42.992239583333664],[-70.62869791666697,42.994114583333655],[-70.62796875000029,42.99489583333366],[-70.62781250000029,42.99593750000032],[-70.62635416666696,42.99640625000032],[-70.62598958333362,42.99692708333365],[-70.61817708333363,42.998072916666985],[-70.6178125000003,42.99859375000032],[-70.61656250000031,42.99880208333366],[-70.6156250000003,42.999531250000324],[-70.61354166666698,42.999531250000324],[-70.61223958333365,42.99880208333366],[-70.61125000000031,43.000104166666986],[-70.6135937500003,43.002239583333655],[-70.61369791666698,43.004114583333646],[-70.61114583333364,43.00692708333364],[-70.60989583333365,43.00713541666698],[-70.60947916666697,43.007760416666976],[-70.60822916666699,43.007968750000316]],[[-70.60385416666698,43.00640625000031],[-70.60510416666699,43.006197916666984],[-70.60562500000032,43.00557291666698],[-70.60812500000031,43.00536458333365],[-70.60906250000032,43.004635416666986],[-70.6103125000003,43.004427083333645],[-70.61057291666698,43.00380208333365],[-70.61119791666698,43.00359375000031],[-70.61119791666698,43.00307291666698],[-70.61057291666698,43.002864583333654],[-70.60875000000031,43.000729166666986],[-70.60458333333365,43.000416666666986],[-70.59895833333366,43.001406250000315],[-70.59781250000032,43.00276041666698],[-70.59656250000033,43.00312500000032],[-70.59625000000032,43.005000000000315],[-70.59687500000032,43.00604166666698],[-70.59937500000032,43.00640625000031],[-70.59968750000031,43.00692708333364],[-70.60093750000033,43.00713541666698],[-70.60177083333366,43.00791666666698],[-70.60218750000031,43.00723958333364],[-70.60343750000033,43.00703125000032],[-70.60385416666698,43.00640625000031]],[[-70.6185937500003,42.99276041666699],[-70.61942708333363,42.991666666666994],[-70.61958333333364,42.98958333333366],[-70.61927083333364,42.985416666667],[-70.61776041666697,42.98390625000033],[-70.61557291666696,42.98359375000033],[-70.61473958333364,42.982812500000335],[-70.61442708333364,42.981354166667],[-70.61380208333364,42.98093750000034],[-70.61390625000031,42.97968750000034],[-70.61489583333365,42.978802083333676],[-70.61614583333363,42.978593750000336],[-70.61692708333364,42.97781250000034],[-70.61708333333364,42.97687500000034],[-70.61557291666698,42.97531250000034],[-70.61526041666697,42.97385416666701],[-70.61364583333363,42.97291666666701],[-70.61254402920991,42.973039089347424],[-70.61239583333364,42.97291666666701],[-70.61235272988536,42.97306034482793],[-70.61223958333363,42.97307291666701],[-70.60995323129282,42.975528628118255],[-70.6096875000003,42.975572916667005],[-70.60920492693553,42.97611843404457],[-70.60755208333364,42.97630208333368],[-70.60692708333364,42.97692708333367],[-70.6049969362748,42.97734068627486],[-70.60458333333365,42.977395833333674],[-70.60469202898582,42.977586050724966],[-70.60442708333365,42.97864583333367],[-70.60343750000033,42.97953125000034],[-70.60218750000031,42.97973958333367],[-70.60011843607337,42.98209831621038],[-70.59989583333366,42.982135416667006],[-70.59958333333365,42.982604166667],[-70.59963815789506,42.98264583333367],[-70.59958333333365,42.98270833333367],[-70.59973958333366,42.98364583333367],[-70.600729166667,42.98453125000034],[-70.60177083333366,42.98453125000034],[-70.60302083333366,42.98380208333367],[-70.60708333333365,42.984062500000334],[-70.60776041666698,42.98484375000034],[-70.60796875000031,42.987274305555836],[-70.60796875000031,42.987760416666994],[-70.60801327926241,42.987793813613564],[-70.60807291666698,42.98848958333367],[-70.60869791666698,42.98906250000033],[-70.60890625000032,42.99031250000033],[-70.60953125000032,42.990729166666995],[-70.60973958333365,42.991979166666994],[-70.61036458333365,42.99239583333366],[-70.61057291666698,42.99364583333366],[-70.61145833333364,42.994427083333655],[-70.61333333333364,42.99458333333366],[-70.61593750000031,42.993697916666996],[-70.6164062500003,42.99307291666699],[-70.6185937500003,42.99276041666699]],[[-70.62864583333362,42.968593750000345],[-70.63026041666696,42.966979166667016],[-70.63041666666696,42.96604166666702],[-70.62760416666697,42.96541666666702],[-70.62291666666697,42.96572916666702],[-70.62213541666696,42.96687500000035],[-70.62239583333364,42.96937500000035],[-70.62364583333363,42.96973958333368],[-70.62390625000029,42.97026041666701],[-70.6260937500003,42.97026041666701],[-70.62718750000029,42.968906250000344],[-70.62864583333362,42.968593750000345]],[[-70.63031250000029,42.977760416667],[-70.63072916666697,42.97713541666701],[-70.63177083333363,42.97697916666701],[-70.63192708333362,42.97572916666701],[-70.62854166666696,42.974583333333676],[-70.62770833333363,42.975260416667005],[-70.62479166666697,42.975572916667005],[-70.6239062500003,42.97635416666701],[-70.62380208333363,42.97760416666701],[-70.62458333333363,42.97843750000034],[-70.62848958333362,42.978593750000336],[-70.6290625000003,42.97796875000034],[-70.63031250000029,42.977760416667]]]}},{"type":"Feature","properties":{"min_depth":10,"max_depth":20},"geometry":{"type":"Polygon","coordinates":[[[-70.60031250000031,42.972239583333675],[-70.60119791666699,42.97354166666701],[-70.60119791666699,42.97562500000034],[-70.600104166667,42.97791666666701],[-70.59864583333365,42.97640625000034],[-70.59739583333366,42.976093750000345],[-70.59708333333366,42.97531250000034],[-70.59723958333366,42.97390625000035],[-70.59937500000032,42.97208333333368],[-70.60031250000031,42.972239583333675]]]}},{"type":"Feature","properties":{"min_depth":10,"max_depth":20},"geometry":{"type":"Polygon","coordinates":[[[-70.60453125000032,42.961562500000355],[-70.60442708333365,42.962812500000354],[-70.60192708333365,42.965260416667014],[-70.59973958333364,42.965260416667014],[-70.59796875000032,42.96328125000035],[-70.598072916667,42.96140625000036],[-70.60005208333365,42.95963541666703],[-70.60192708333365,42.959739583333686],[-70.60239583333366,42.96036458333369],[-70.60364583333364,42.96057291666702],[-70.60453125000032,42.961562500000355]]]}},{"type":"Feature","properties":{"min_depth":10,"max_depth":20},"geometry":{"type":"Polygon","coordinates":[[[-70.63614583333361,43.05859375000026],[-70.63489583333363,43.0588020833336],[-70.63427083333363,43.05953125000027],[-70.63166666666696,43.06041666666693],[-70.62979166666696,43.06026041666693],[-70.62791666666696,43.05812500000027],[-70.62807291666697,43.05718750000027],[-70.62885416666695,43.056406250000265],[-70.63197916666695,43.05526041666693],[-70.63286458333363,43.0541145833336],[-70.63276041666695,43.05223958333361],[-70.63057291666696,43.050312500000274],[-70.63041666666696,43.049375000000275],[-70.63119791666696,43.04885416666694],[-70.63432291666695,43.04859375000027],[-70.63468750000028,43.04807291666694],[-70.63614583333361,43.04760416666694],[-70.63640625000029,43.046354166666944],[-70.63718750000028,43.04557291666694],[-70.6384375000003,43.04552083333361],[-70.63869791666696,43.04677083333361],[-70.63708333333362,43.048437500000276],[-70.64020833333362,43.049062500000275],[-70.64057291666695,43.050312500000274],[-70.64119791666695,43.05072916666694],[-70.64119791666695,43.051770833333606],[-70.64031250000028,43.052760416666935],[-70.63885416666695,43.053072916666935],[-70.63723958333362,43.05479166666694],[-70.63692708333362,43.0577083333336],[-70.63614583333361,43.05859375000026]]]}},{"type":"Feature","properties":{"min_depth":10,"max_depth":20},"geometry":{"type":"Polygon","coordinates":[[[-70.65994791666694,43.001302083333655],[-70.66109375000026,43.002239583333655],[-70.66104166666693,43.004114583333646],[-70.66000000000027,43.00458333333365],[-70.65812500000027,43.00427083333365],[-70.65776041666693,43.00302083333365],[-70.65713541666693,43.00276041666698],[-70.65713541666693,43.00223958333365],[-70.65807291666692,43.001406250000315],[-70.65994791666694,43.001302083333655]]]}},{"type":"Feature","properties":{"min_depth":10,"max_depth":20},"geometry":{"type":"Polygon","coordinates":[[[-70.67536458333359,43.02427083333363],[-70.67473958333359,43.024791666666964],[-70.67447916666691,43.02729166666696],[-70.67395833333359,43.02791666666696],[-70.67156250000026,43.02692708333363],[-70.67109375000025,43.024739583333634],[-70.67057291666693,43.024479166666964],[-70.6703645833336,43.023229166666965],[-70.66947916666692,43.02223958333363],[-70.66635416666692,43.0210937500003],[-70.66364583333359,43.018072916666966],[-70.66218750000026,43.01776041666697],[-70.66213541666693,43.017239583333634],[-70.66385416666694,43.01630208333364],[-70.66760416666692,43.0164062500003],[-70.67067708333359,43.01942708333363],[-70.67458333333359,43.019895833333635],[-70.67625000000025,43.022604166666966],[-70.67557291666692,43.02302083333363],[-70.67536458333359,43.02427083333363]]]}},{"type":"Feature","properties":{"min_depth":10,"max_depth":20},"geometry":{"type":"Polygon","coordinates":[[[-70.70526041666689,42.998906250000324],[-70.70541666666689,43.00031250000032],[-70.7049479166669,43.000781250000315],[-70.7026041666669,43.00125000000032],[-70.6979166666669,43.00093750000032],[-70.69640625000024,42.99947916666699],[-70.6952604166669,42.99635416666699],[-70.69395833333357,42.99546875000033],[-70.69125000000024,42.99572916666699],[-70.69203125000024,42.99671875000032],[-70.69203125000024,42.99828125000032],[-70.69109375000023,42.99942708333365],[-70.69031250000023,42.99958333333365],[-70.68921875000024,42.999531250000324],[-70.68781250000025,42.99880208333366],[-70.68406250000024,42.99859375000032],[-70.68307291666692,42.99781250000032],[-70.68296875000024,42.99656250000032],[-70.68395833333358,42.99557291666699],[-70.68500000000024,42.99541666666699],[-70.68687500000024,42.99557291666699],[-70.68739583333358,42.99619791666699],[-70.68864583333357,42.99609375000032],[-70.68958333333357,42.99479166666699],[-70.68942708333357,42.99385416666699],[-70.68880208333357,42.99328125000032],[-70.6888541666669,42.991718750000324],[-70.69031250000023,42.991093750000324],[-70.69072916666691,42.99046875000033],[-70.69177083333358,42.99046875000033],[-70.69218750000023,42.991093750000324],[-70.69312500000024,42.99125000000033],[-70.69421875000023,42.99046875000033],[-70.69578125000024,42.99046875000033],[-70.69692708333356,42.99140625000033],[-70.6980729166669,42.99609375000033],[-70.69968750000022,42.997760416666985],[-70.70218750000024,42.99875000000032],[-70.70359375000022,42.99859375000032],[-70.70427083333357,42.99791666666699],[-70.70526041666689,42.998906250000324]]]}},{"type":"Feature","properties":{"min_depth":10,"max_depth":20},"geometry":{"type":"Polygon","coordinates":[[[-70.68786458333358,43.016510416666975],[-70.68708333333358,43.0178125000003],[-70.68692708333357,43.019635416666965],[-70.68614583333357,43.02041666666697],[-70.68473958333357,43.020260416666964],[-70.6844791666669,43.01973958333363],[-70.68322916666692,43.01942708333364],[-70.68307291666692,43.01723958333364],[-70.6852604166669,43.015312500000306],[-70.68557291666691,43.013854166666974],[-70.68802083333357,43.011406250000306],[-70.68927083333358,43.01119791666698],[-70.69005208333357,43.010468750000314],[-70.69192708333357,43.01057291666697],[-70.69359375000023,43.01218750000031],[-70.69359375000023,43.01364583333364],[-70.69098958333356,43.0160937500003],[-70.68786458333358,43.016510416666975]]]}},{"type":"Feature","properties":{"min_depth":10,"max_depth":20},"geometry":{"type":"Polygon","coordinates":[[[-70.75604166666685,42.89046875000042],[-70.75463541666684,42.89119791666709],[-70.75151041666685,42.891406250000415],[-70.75093750000019,42.89208333333375],[-70.75026041666685,42.891406250000415],[-70.74838541666685,42.89119791666709],[-70.74765625000018,42.89057291666708],[-70.74401041666685,42.89026041666708],[-70.74307291666686,42.88947916666709],[-70.74296875000019,42.88822916666709],[-70.74468750000018,42.88640625000042],[-70.74614583333351,42.88609375000042],[-70.74718750000018,42.884739583333754],[-70.74864583333351,42.884427083333755],[-70.74906250000018,42.883750000000425],[-70.75135416666684,42.88609375000042],[-70.75260416666686,42.88604166666709],[-70.75291666666685,42.88416666666709],[-70.75276041666685,42.883125000000426],[-70.75213541666685,42.88244791666709],[-70.75223958333352,42.8805729166671],[-70.75302083333351,42.87973958333376],[-70.75447916666684,42.87927083333376],[-70.75473958333352,42.878020833333764],[-70.7555208333335,42.87723958333376],[-70.7586458333335,42.87609375000043],[-70.7606770833335,42.87390625000043],[-70.7638020833335,42.87380208333377],[-70.7650520833335,42.87453125000044],[-70.7666145833335,42.87473958333377],[-70.7670833333335,42.875520833333766],[-70.76703125000017,42.87661458333376],[-70.7663020833335,42.87755208333376],[-70.76609375000017,42.879427083333766],[-70.76526041666683,42.880364583333765],[-70.76473958333351,42.880364583333765],[-70.76260416666685,42.877968750000434],[-70.76156250000018,42.878020833333764],[-70.76125000000017,42.8785416666671],[-70.76218750000017,42.88093750000043],[-70.76312500000017,42.88125000000043],[-70.7636458333335,42.88218750000043],[-70.76369791666684,42.885312500000424],[-70.76286458333351,42.88692708333375],[-70.76223958333351,42.88713541666709],[-70.76031250000017,42.88942708333375],[-70.75906250000018,42.88963541666709],[-70.75854166666684,42.89026041666708],[-70.75604166666685,42.89046875000042]]]}},{"type":"Feature","properties":{"min_depth":10,"max_depth":20},"geometry":{"type":"Polygon","coordinates":[[[-70.77609375000016,42.8705729166671],[-70.77703125000016,42.87171875000043],[-70.77692708333349,42.87359375000044],[-70.77593750000017,42.87458333333377],[-70.77385416666682,42.873125000000435],[-70.77390625000015,42.871041666667104],[-70.77468750000017,42.870416666667104],[-70.77609375000016,42.8705729166671]]]}},{"type":"Feature","properties":{"min_depth":10,"max_depth":20},"geometry":{"type":"Polygon","coordinates":[[[-70.85640625000009,43.108333333333555],[-70.85822916666675,43.10625000000022],[-70.85859375000008,43.10666666666689],[-70.85921875000008,43.11250000000022],[-70.86125000000008,43.11354166666688],[-70.86109375000008,43.11447916666688],[-70.85958333333342,43.115937500000214],[-70.85802083333341,43.11609375000021],[-70.85640625000009,43.11416666666688],[-70.85640625000009,43.108333333333555]]]}},{"type":"Feature","properties":{"min_depth":20,"max_depth":40},"geometry":{"type":"Polygon","coordinates":[[[-70.14970052083406,42.9539973958351],[-70.14989583333406,43.349583333333335],[-70.14958333333406,43.10614583333356],[-70.14970052083406,42.9539973958351]]]}},{"type":"Feature","properties":{"min_depth":20,"max_depth":40},"geometry":{"type":"Polygon","coordinates":[[[-70.2352745707562,42.69970156157548],[-70.26564377682892,42.69967677038685],[-70.1504166666674,42.699895833333926],[-70.2352745707562,42.69970156157548]]]}},{"type":"Feature","properties":{"min_depth":20,"max_depth":40},"geometry":{"type":"Polygon","coordinates":[[[-70.22109375000066,42.75781250000054],[-70.21947916666733,42.75942708333387],[-70.218020833334,42.75973958333387],[-70.21760416666734,42.760416666667204],[-70.216302083334,42.75927083333387],[-70.21640625000067,42.75802083333387],[-70.21812500000067,42.75640625000054],[-70.22104166666733,42.75656250000054],[-70.22109375000066,42.75781250000054]]]}},{"type":"Feature","properties":{"min_depth":20,"max_depth":40},"geometry":{"type":"Polygon","coordinates":[[[-70.24276041666731,42.77385416666719],[-70.24286458333398,42.77510416666719],[-70.24104166666731,42.77692708333385],[-70.23812500000065,42.77661458333385],[-70.23807291666732,42.77473958333386],[-70.23885416666731,42.77390625000052],[-70.24031250000064,42.77359375000052],[-70.24072916666732,42.77296875000053],[-70.24177083333399,42.77296875000053],[-70.24276041666731,42.77385416666719]]]}},{"type":"Feature","properties":{"min_depth":20,"max_depth":40},"geometry":{"type":"Polygon","coordinates":[[[-70.3451857728848,43.350191311279396],[-70.37791666666719,43.34979166666667],[-70.37708333333386,43.34770833333334],[-70.37859375000052,43.34604166666667],[-70.37869791666719,43.343541666666674],[-70.37781250000052,43.34223958333334],[-70.37656250000053,43.341927083333346],[-70.37625000000052,43.34052083333334],[-70.37703125000053,43.33973958333335],[-70.38015625000051,43.33942708333334],[-70.3813541666672,43.33875000000001],[-70.38276041666718,43.33937500000001],[-70.38307291666719,43.34187500000001],[-70.38359375000051,43.34218750000001],[-70.38380208333385,43.34343750000001],[-70.38468750000051,43.344427083333336],[-70.38614583333384,43.344739583333336],[-70.38656250000051,43.34541666666667],[-70.38760416666719,43.34458333333334],[-70.38802083333384,43.34526041666667],[-70.38927083333385,43.345625000000005],[-70.38942708333384,43.34854166666667],[-70.38864583333384,43.34942708333333],[-70.38739583333385,43.34963541666667],[-70.38708333333385,43.35010416666667],[-70.38792191182998,43.350140105745076],[-70.3451857728848,43.350191311279396]]]}},{"type":"Feature","properties":{"min_depth":20,"max_depth":40},"geometry":{"type":"Polygon","coordinates":[[[-70.38213541666718,43.26739583333341],[-70.38197916666718,43.268437500000076],[-70.38052083333385,43.26890625000007],[-70.3801041666672,43.26958333333341],[-70.3780729166672,43.267812500000076],[-70.37708333333386,43.26500000000008],[-70.37723958333386,43.26312500000008],[-70.37890625000051,43.26140625000008],[-70.37968750000053,43.26125000000008],[-70.38109375000052,43.26140625000008],[-70.38192708333385,43.26223958333342],[-70.38213541666718,43.26411458333341],[-70.38291666666719,43.26552083333341],[-70.38286458333386,43.26661458333341],[-70.38213541666718,43.26739583333341]]]}},{"type":"Feature","properties":{"min_depth":20,"max_depth":40},"geometry":{"type":"Polygon","coordinates":[[[-70.38614583333384,43.324739583333354],[-70.38942708333384,43.32807291666669],[-70.38953125000052,43.32994791666668],[-70.38843750000052,43.33125000000002],[-70.38770833333385,43.33057291666668],[-70.38479166666718,43.33026041666668],[-70.38390625000052,43.32947916666669],[-70.38369791666719,43.32822916666669],[-70.38291666666719,43.327395833333355],[-70.38359375000051,43.32697916666669],[-70.38380208333385,43.32572916666669],[-70.38468750000051,43.324739583333354],[-70.38614583333384,43.324739583333354]]]}},{"type":"Feature","properties":{"min_depth":20,"max_depth":40},"geometry":{"type":"Polygon","coordinates":[[[-70.60589420654817,42.69971365099415],[-70.70458333333356,42.700208333333926],[-70.70473958333356,42.701145833333925],[-70.70557291666688,42.70192708333392],[-70.71026041666688,42.70307291666725],[-70.7107291666669,42.70369791666726],[-70.71197916666688,42.703906250000585],[-70.71302083333354,42.70526041666725],[-70.71447916666688,42.70557291666725],[-70.71609375000021,42.707187500000586],[-70.71640625000022,42.70864583333392],[-70.71807291666687,42.710260416667246],[-70.72026041666687,42.710572916667246],[-70.7221875000002,42.712760416667244],[-70.72364583333353,42.713072916667244],[-70.72453125000021,42.71406250000058],[-70.72473958333354,42.71531250000058],[-70.72786458333354,42.71807291666724],[-70.7279687500002,42.71859375000057],[-70.7310937500002,42.72052083333391],[-70.73130208333353,42.721770833333906],[-70.7320312500002,42.7225520833339],[-70.73223958333354,42.72442708333391],[-70.73302083333353,42.72526041666723],[-70.73427083333354,42.72546875000057],[-70.73505208333353,42.72619791666724],[-70.73692708333353,42.726406250000565],[-70.73718750000019,42.7269270833339],[-70.73864583333352,42.7273958333339],[-70.73973958333353,42.730312500000565],[-70.74026041666686,42.730572916667235],[-70.74046875000019,42.732447916667226],[-70.74119791666686,42.73322916666723],[-70.74135416666685,42.734270833333895],[-70.74281250000018,42.73473958333389],[-70.74385416666685,42.736093750000556],[-70.74677083333353,42.73718750000056],[-70.74723958333352,42.73864583333389],[-70.74802083333351,42.73942708333389],[-70.74947916666684,42.739739583333886],[-70.75192708333351,42.742187500000554],[-70.75213541666685,42.74343750000055],[-70.75276041666685,42.74385416666722],[-70.75296875000018,42.74510416666722],[-70.75359375000018,42.74567708333389],[-70.75406250000019,42.74932291666722],[-70.75531250000017,42.74973958333388],[-70.75572916666685,42.750364583333884],[-70.75697916666684,42.75057291666721],[-70.75739583333352,42.751197916667216],[-70.7586458333335,42.75140625000054],[-70.76026041666684,42.75322916666721],[-70.76036458333351,42.75697916666721],[-70.75958333333351,42.75843750000054],[-70.7611458333335,42.758906250000535],[-70.76171875000017,42.75953125000054],[-70.76359375000017,42.75973958333387],[-70.7644270833335,42.76057291666721],[-70.76463541666683,42.7624479166672],[-70.76536458333351,42.7632291666672],[-70.76557291666684,42.7644791666672],[-70.7669270833335,42.765520833333866],[-70.7672395833335,42.7669791666672],[-70.7694270833335,42.7688541666672],[-70.77046875000016,42.77177083333386],[-70.7719270833335,42.77302083333386],[-70.7722395833335,42.77447916666719],[-70.77442708333349,42.77635416666719],[-70.77463541666683,42.77760416666719],[-70.7753645833335,42.77822916666719],[-70.77625000000016,42.78083333333385],[-70.77609375000016,42.78270833333385],[-70.77463541666683,42.78421875000051],[-70.7747395833335,42.78609375000052],[-70.77557291666682,42.78692708333384],[-70.77744791666683,42.787135416667184],[-70.77822916666683,42.78786458333385],[-70.77947916666682,42.788072916667176],[-70.78109375000015,42.78994791666718],[-70.78130208333349,42.79432291666717],[-70.78203125000016,42.79682291666717],[-70.78203125000016,42.80151041666716],[-70.78130208333349,42.80369791666716],[-70.78109375000015,42.806822916667166],[-70.77958333333349,42.808437500000494],[-70.78093750000016,42.80885416666716],[-70.78192708333349,42.81072916666716],[-70.78223958333349,42.815104166667155],[-70.78286458333349,42.815729166667154],[-70.78307291666682,42.81697916666715],[-70.78369791666682,42.81739583333382],[-70.78390625000016,42.81864583333382],[-70.78442708333348,42.81890625000049],[-70.78473958333349,42.821093750000486],[-70.78609375000015,42.82218750000048],[-70.78640625000016,42.82364583333381],[-70.78942708333348,42.826354166667144],[-70.78963541666681,42.82760416666714],[-70.79026041666681,42.828125000000476],[-70.79046875000014,42.830625000000474],[-70.79109375000014,42.831770833333806],[-70.79140625000015,42.839062500000466],[-70.79203125000015,42.840052083333795],[-70.79223958333348,42.8419270833338],[-70.79359375000014,42.84307291666713],[-70.79380208333347,42.844947916667124],[-70.79453125000015,42.84588541666712],[-70.79453125000015,42.84744791666712],[-70.79390625000015,42.84802083333379],[-70.79375000000014,42.84895833333379],[-70.7952604166668,42.851562500000455],[-70.79541666666681,42.85437500000045],[-70.7952604166668,42.85593750000045],[-70.79390625000015,42.85843750000045],[-70.79359375000014,42.86572916666711],[-70.79213541666681,42.869843750000435],[-70.79223958333348,42.87421875000044],[-70.79291666666681,42.8751041666671],[-70.79010416666682,42.8779166666671],[-70.78963541666681,42.877447916667094],[-70.78947916666681,42.875885416667096],[-70.78895833333348,42.8754166666671],[-70.78802083333348,42.8757291666671],[-70.78760416666682,42.8769791666671],[-70.78635416666681,42.87692708333376],[-70.78557291666682,42.876145833333766],[-70.78541666666682,42.87520833333377],[-70.78703125000015,42.872239583333766],[-70.78640625000016,42.8719791666671],[-70.78609375000015,42.87052083333377],[-70.78458333333349,42.86906250000044],[-70.78250000000016,42.86875000000044],[-70.78145833333349,42.86906250000044],[-70.78109375000015,42.87031250000044],[-70.78057291666683,42.870677083333774],[-70.78026041666682,42.874322916667104],[-70.77947916666682,42.875260416667096],[-70.77822916666683,42.87546875000044],[-70.77729166666683,42.87625000000043],[-70.77557291666683,42.87546875000044],[-70.77447916666682,42.87692708333376],[-70.77322916666684,42.8771354166671],[-70.7722395833335,42.878020833333764],[-70.77213541666683,42.87927083333376],[-70.77276041666683,42.87968750000043],[-70.77296875000016,42.88093750000043],[-70.77369791666683,42.88156250000043],[-70.77369791666683,42.88260416666709],[-70.77307291666683,42.883072916667096],[-70.77260416666684,42.885260416667094],[-70.77135416666682,42.88557291666709],[-70.77057291666684,42.88635416666709],[-70.77041666666683,42.88729166666709],[-70.7719270833335,42.88885416666709],[-70.7722395833335,42.89031250000042],[-70.77359375000016,42.89145833333375],[-70.77375000000016,42.89333333333375],[-70.7728645833335,42.895937500000414],[-70.7722395833335,42.896562500000414],[-70.7719270833335,42.90093750000041],[-70.77109375000016,42.90192708333374],[-70.76921875000016,42.90213541666708],[-70.76843750000018,42.902864583333745],[-70.76739583333351,42.90302083333374],[-70.7669270833335,42.90447916666707],[-70.7663020833335,42.90489583333374],[-70.76609375000017,42.90614583333374],[-70.76531250000016,42.906927083333734],[-70.76385416666683,42.907239583333734],[-70.76197916666683,42.90942708333373],[-70.75906250000018,42.910520833333734],[-70.75859375000017,42.91197916666707],[-70.75807291666685,42.9123437500004],[-70.75791666666684,42.9146875000004],[-70.7581770833335,42.91546875000039],[-70.75947916666684,42.916250000000396],[-70.7613020833335,42.916197916667066],[-70.7623958333335,42.91557291666706],[-70.7639583333335,42.91541666666706],[-70.7667708333335,42.91557291666706],[-70.7677083333335,42.916197916667066],[-70.76979166666683,42.916197916667066],[-70.77041666666683,42.91572916666706],[-70.76890625000017,42.9143750000004],[-70.76875000000017,42.9125000000004],[-70.76890625000017,42.911458333333734],[-70.7702083333335,42.9096875000004],[-70.77229166666683,42.909531250000406],[-70.77432291666683,42.90880208333374],[-70.77901041666682,42.908906250000406],[-70.78041666666682,42.9096875000004],[-70.78026041666682,42.911093750000404],[-70.77963541666682,42.9115625000004],[-70.77942708333349,42.9128125000004],[-70.77807291666683,42.913854166667065],[-70.7778645833335,42.915104166667064],[-70.77713541666682,42.91572916666706],[-70.77609375000016,42.91864583333373],[-70.77390625000017,42.92057291666706],[-70.77369791666683,42.92244791666705],[-70.77296875000016,42.923229166667056],[-70.77276041666683,42.924479166667055],[-70.76890625000017,42.92822916666705],[-70.76859375000016,42.93260416666705],[-70.76796875000016,42.93354166666705],[-70.76776041666683,42.936041666667045],[-70.7672395833335,42.936354166667044],[-70.76703125000017,42.93760416666704],[-70.7663020833335,42.93838541666704],[-70.76609375000017,42.940260416667044],[-70.76473958333351,42.94135416666704],[-70.7644270833335,42.94281250000037],[-70.76307291666684,42.94385416666704],[-70.76276041666684,42.94531250000037],[-70.7613020833335,42.946406250000365],[-70.76109375000017,42.94703125000037],[-70.76010416666685,42.947864583333704],[-70.75885416666684,42.94807291666703],[-70.75697916666684,42.95026041666703],[-70.7555208333335,42.95057291666703],[-70.75390625000018,42.95218750000036],[-70.75359375000018,42.953645833333695],[-70.75223958333352,42.95468750000036],[-70.75203125000019,42.95593750000036],[-70.75130208333351,42.95656250000036],[-70.75109375000018,42.95781250000036],[-70.75057291666685,42.95807291666703],[-70.75041666666685,42.95947916666702],[-70.74869791666686,42.960260416667026],[-70.74182291666685,42.96057291666702],[-70.73989583333353,42.96145833333369],[-70.73968750000019,42.963958333333686],[-70.7409375000002,42.96473958333369],[-70.74125000000019,42.965520833333684],[-70.74109375000019,42.96692708333369],[-70.74010416666687,42.967864583333686],[-70.7390625000002,42.967864583333686],[-70.73864583333352,42.96723958333368],[-70.73718750000019,42.96692708333368],[-70.73473958333354,42.96442708333369],[-70.73458333333353,42.96302083333369],[-70.73395833333353,42.96223958333369],[-70.7318750000002,42.962135416667024],[-70.73057291666687,42.96302083333369],[-70.7304687500002,42.964270833333686],[-70.73192708333353,42.965781250000354],[-70.73223958333354,42.970885416667016],[-70.73286458333354,42.97171875000034],[-70.7337500000002,42.97562500000034],[-70.7335937500002,42.97843750000034],[-70.7329687500002,42.97906250000034],[-70.73276041666686,42.98031250000034],[-70.73130208333353,42.98140625000033],[-70.7310937500002,42.98203125000034],[-70.73020833333354,42.982760416667],[-70.72729166666687,42.983072916667],[-70.72697916666687,42.98359375000033],[-70.72572916666688,42.98380208333367],[-70.72494791666688,42.984427083333664],[-70.71932291666688,42.98442708333367],[-70.71791666666688,42.98364583333367],[-70.71776041666688,42.98223958333367],[-70.71697916666687,42.98140625000033],[-70.71552083333354,42.98109375000033],[-70.71447916666688,42.97973958333367],[-70.71322916666689,42.97953125000034],[-70.71291666666689,42.97906250000034],[-70.70343750000023,42.978802083333676],[-70.70125000000023,42.97906250000034],[-70.70093750000024,42.97953125000034],[-70.69968750000022,42.97973958333367],[-70.69864583333356,42.98109375000033],[-70.69718750000023,42.98140625000033],[-70.69609375000023,42.98286458333367],[-70.69546875000023,42.983072916667],[-70.69552083333356,42.98359375000033],[-70.69677083333357,42.98380208333367],[-70.69723958333356,42.984427083333664],[-70.70192708333356,42.985572916666996],[-70.70255208333356,42.986197916667],[-70.70442708333356,42.98640625000033],[-70.70505208333356,42.987031250000335],[-70.70692708333355,42.98723958333366],[-70.70776041666689,42.988072916667],[-70.7080729166669,42.990260416667],[-70.70890625000021,42.991093750000324],[-70.71359375000021,42.99223958333366],[-70.71473958333354,42.99359375000032],[-70.71614583333354,42.993750000000325],[-70.71692708333354,42.993125000000326],[-70.71708333333355,42.991666666666994],[-70.71609375000021,42.98906250000033],[-70.7139062500002,42.98859375000033],[-70.71343750000023,42.987968750000334],[-70.71218750000021,42.987760416666994],[-70.71130208333355,42.986770833333665],[-70.71130208333355,42.985729166667],[-70.71276041666688,42.984479166667],[-70.71302083333354,42.983229166667],[-70.71427083333356,42.98296875000034],[-70.71526041666688,42.98395833333367],[-70.71588541666688,42.98687500000033],[-70.71776041666688,42.98723958333366],[-70.71859375000021,42.987968750000334],[-70.71880208333354,42.98859375000033],[-70.72026041666687,42.98968750000033],[-70.72046875000021,42.99093750000033],[-70.72125000000021,42.99177083333366],[-70.71890625000022,42.99390625000033],[-70.71880208333354,42.99578125000032],[-70.71953125000022,42.99656250000032],[-70.71953125000022,42.99760416666699],[-70.71692708333354,43.00026041666698],[-70.71552083333356,43.000416666666986],[-70.71411458333355,42.99973958333365],[-70.70989583333355,42.99958333333365],[-70.70755208333355,42.99973958333365],[-70.70640625000023,43.00052083333365],[-70.70630208333355,43.00177083333365],[-70.70713541666689,43.00276041666698],[-70.70776041666689,43.00296875000032],[-70.70885416666688,43.004427083333645],[-70.71031250000021,43.004739583333645],[-70.71260416666689,43.00708333333365],[-70.71291666666689,43.00968750000031],[-70.71260416666688,43.01046875000031],[-70.71104166666689,43.01125000000031],[-70.7088541666669,43.01119791666698],[-70.7055729166669,43.00963541666698],[-70.70536458333356,43.01026041666697],[-70.70375000000023,43.01156250000031],[-70.7055729166669,43.01369791666698],[-70.7061979166669,43.0139062500003],[-70.7061979166669,43.014427083333636],[-70.7055729166669,43.01463541666698],[-70.70531250000022,43.01526041666697],[-70.70406250000023,43.01546875000031],[-70.70343750000023,43.016197916666975],[-70.70218750000022,43.0164062500003],[-70.70192708333356,43.016927083333634],[-70.69973958333355,43.017239583333634],[-70.69781250000023,43.01942708333363],[-70.6963541666669,43.01973958333363],[-70.69593750000024,43.02036458333364],[-70.69489583333358,43.020468750000305],[-70.69395833333357,43.02119791666697],[-70.69145833333357,43.0214062500003],[-70.69057291666691,43.022239583333636],[-70.69057291666691,43.024427083333634],[-70.69203125000024,43.02588541666696],[-70.69192708333357,43.027760416666965],[-70.68973958333358,43.02968750000029],[-70.68953125000024,43.03093750000029],[-70.68880208333357,43.03156250000029],[-70.6877604166669,43.034479166666955],[-70.68473958333358,43.037187500000286],[-70.68453125000025,43.038437500000285],[-70.68390625000025,43.039010416666954],[-70.68359375000024,43.042656250000285],[-70.6819791666669,43.04442708333361],[-70.68052083333357,43.04473958333361],[-70.67947916666691,43.046093750000274],[-70.67802083333358,43.046406250000274],[-70.67697916666691,43.04776041666694],[-70.67406250000026,43.04885416666694],[-70.67359375000025,43.050312500000274],[-70.67296875000025,43.05072916666694],[-70.67276041666692,43.05197916666694],[-70.67145833333359,43.05291666666694],[-70.67052083333358,43.052447916666935],[-70.67010416666693,43.050572916666944],[-70.66885416666692,43.05026041666694],[-70.66859375000026,43.049635416666945],[-70.66729166666693,43.05036458333361],[-70.6652083333336,43.050312500000274],[-70.6645833333336,43.04979166666694],[-70.66442708333359,43.04885416666694],[-70.66307291666693,43.047812500000276],[-70.66276041666693,43.04656250000028],[-70.66057291666692,43.046093750000274],[-70.66010416666694,43.04546875000028],[-70.65885416666693,43.04557291666694],[-70.65791666666694,43.04677083333361],[-70.65859375000026,43.047239583333614],[-70.65890625000027,43.04942708333361],[-70.65968750000026,43.05026041666694],[-70.66260416666694,43.05135416666694],[-70.66307291666693,43.05281250000027],[-70.66375000000026,43.05343750000027],[-70.6627083333336,43.0544270833336],[-70.6608333333336,43.0545833333336],[-70.65979166666693,43.0544270833336],[-70.6591145833336,43.05380208333361],[-70.65723958333359,43.05359375000027],[-70.6563020833336,43.052968750000275],[-70.6531770833336,43.05322916666694],[-70.65213541666694,43.05526041666693],[-70.65276041666694,43.0555208333336],[-70.65307291666694,43.056979166666935],[-70.65619791666694,43.059739583333595],[-70.6559895833336,43.06026041666693],[-70.65234375000027,43.06057291666693],[-70.65177083333361,43.061250000000264],[-70.65104166666694,43.06057291666693],[-70.65000000000028,43.06041666666693],[-70.64812500000028,43.06057291666693],[-70.64713541666694,43.061197916666934],[-70.64453125000028,43.061197916666934],[-70.64307291666695,43.060260416666935],[-70.64291666666695,43.05885416666693],[-70.64229166666695,43.05807291666694],[-70.64020833333362,43.05796875000027],[-70.63875000000029,43.0592708333336],[-70.63968750000028,43.06026041666693],[-70.64114583333361,43.06072916666693],[-70.64109375000028,43.0617708333336],[-70.63718750000028,43.063072916666925],[-70.63614583333361,43.06442708333359],[-70.63302083333362,43.06557291666692],[-70.63187500000029,43.06692708333359],[-70.6293750000003,43.06703125000026],[-70.6282812500003,43.066302083333596],[-70.6267187500003,43.066302083333596],[-70.62572916666696,43.06692708333359],[-70.6184375000003,43.06723958333359],[-70.61682291666696,43.068593750000254],[-70.61552083333365,43.06875000000026],[-70.61317708333364,43.068593750000254],[-70.61229166666698,43.06796875000026],[-70.61020833333365,43.06796875000026],[-70.60927083333365,43.06869791666693],[-70.60802083333364,43.06890625000025],[-70.60776041666698,43.069427083333586],[-70.60588541666698,43.06963541666693],[-70.60510416666699,43.07036458333359],[-70.60385416666698,43.07057291666692],[-70.60223958333366,43.072187500000254],[-70.60218750000031,43.07343750000025],[-70.60364583333364,43.07390625000025],[-70.60395833333365,43.07442708333358],[-70.60708333333365,43.074895833333585],[-70.60791666666698,43.07604166666692],[-70.60776041666698,43.076979166666916],[-70.60713541666698,43.07739583333358],[-70.60723958333365,43.07864583333358],[-70.60807291666697,43.07942708333358],[-70.61026041666697,43.07973958333358],[-70.61119791666698,43.08057291666691],[-70.61119791666698,43.08109375000024],[-70.61057291666698,43.08130208333358],[-70.60864583333364,43.08359375000024],[-70.60739583333365,43.08380208333358],[-70.60677083333366,43.084531250000246],[-70.60552083333364,43.08473958333357],[-70.60526041666698,43.085260416666905],[-70.60338541666698,43.08536458333358],[-70.60276041666698,43.08473958333357],[-70.601354166667,43.084583333333576],[-70.60020833333365,43.085260416666905],[-70.59770833333366,43.085468750000246],[-70.59677083333366,43.08619791666691],[-70.595729166667,43.08630208333358],[-70.59447916666699,43.0877604166669],[-70.59302083333365,43.0880729166669],[-70.59114583333366,43.0902604166669],[-70.58989583333367,43.09046875000024],[-70.58937500000033,43.09109375000023],[-70.58687500000033,43.091302083333574],[-70.58593750000034,43.09203125000024],[-70.58468750000033,43.092239583333566],[-70.58281250000033,43.095260416666896],[-70.57968750000033,43.09640625000023],[-70.579479166667,43.09692708333356],[-70.57854166666701,43.097083333333565],[-70.57822916666701,43.09755208333357],[-70.57791666666701,43.09989583333356],[-70.578229166667,43.10458333333356],[-70.581354166667,43.107760416666885],[-70.58281250000033,43.108072916666885],[-70.58552083333366,43.111093750000215],[-70.58677083333367,43.111302083333555],[-70.58718750000033,43.11192708333355],[-70.58937500000033,43.11276041666688],[-70.59812500000032,43.11307291666688],[-70.60000000000032,43.113750000000216],[-70.60145833333365,43.11369791666689],[-70.60333333333365,43.11296875000022],[-70.60625000000032,43.112916666666884],[-70.60750000000031,43.11338541666689],[-70.60833333333365,43.11432291666688],[-70.60875000000031,43.11572916666688],[-70.60859375000031,43.11994791666688],[-70.60776041666698,43.121093750000206],[-70.60557291666697,43.121406250000206],[-70.60473958333365,43.122239583333545],[-70.60458333333365,43.12364583333354],[-70.60552083333366,43.12442708333354],[-70.60958333333365,43.12489583333354],[-70.60880208333364,43.12588541666687],[-70.60890625000032,43.127760416666874],[-70.60979166666698,43.1285937500002],[-70.61270833333364,43.1292187500002],[-70.61286458333365,43.1307812500002],[-70.61213541666697,43.131718750000196],[-70.61192708333364,43.1335937500002],[-70.61114583333364,43.13442708333353],[-70.60802083333364,43.13557291666686],[-70.60723958333365,43.1364062500002],[-70.60677083333366,43.13875000000019],[-70.60526041666698,43.137239583333525],[-70.60385416666699,43.13708333333353],[-70.60307291666697,43.137239583333525],[-70.60187500000032,43.13859375000019],[-70.59895833333366,43.13890625000019],[-70.59776041666699,43.140260416666855],[-70.59588541666699,43.140468750000196],[-70.59531250000032,43.14109375000019],[-70.59406250000033,43.141406250000195],[-70.59375000000033,43.14281250000019],[-70.59453125000033,43.144218750000185],[-70.59432291666698,43.145781250000184],[-70.590416666667,43.146562500000186],[-70.59302083333365,43.149427083333514],[-70.59447916666699,43.14973958333351],[-70.59526041666699,43.150520833333516],[-70.59541666666699,43.151458333333515],[-70.59432291666698,43.152760416666844],[-70.59067708333366,43.153072916666844],[-70.590260416667,43.15359375000018],[-70.588385416667,43.15385416666685],[-70.587916666667,43.15437500000018],[-70.588072916667,43.15531250000018],[-70.58885416666699,43.156093750000174],[-70.590104166667,43.15645833333351],[-70.590416666667,43.15750000000018],[-70.590260416667,43.159375000000175],[-70.589635416667,43.15989583333351],[-70.58942708333366,43.16114583333351],[-70.588072916667,43.16218750000017],[-70.58708333333367,43.16500000000017],[-70.58723958333367,43.16687500000017],[-70.58859375000033,43.1689583333335],[-70.58880208333366,43.1714583333335],[-70.58958333333366,43.173020833333496],[-70.58942708333366,43.1744270833335],[-70.58880208333366,43.175208333333494],[-70.58880208333366,43.177291666666825],[-70.58958333333366,43.17843750000016],[-70.58890625000033,43.17901041666683],[-70.58859375000033,43.18265625000016],[-70.588072916667,43.18307291666682],[-70.58786458333367,43.184947916666815],[-70.587135416667,43.18572916666682],[-70.58692708333366,43.186979166666816],[-70.585572916667,43.18802083333348],[-70.58536458333367,43.18927083333348],[-70.58473958333367,43.189791666666814],[-70.58453125000034,43.19229166666681],[-70.58380208333367,43.19338541666681],[-70.58359375000033,43.19526041666681],[-70.58223958333367,43.19635416666681],[-70.58192708333367,43.19781250000014],[-70.58057291666701,43.198854166666806],[-70.58036458333368,43.200104166666804],[-70.579635416667,43.2008854166668],[-70.57942708333367,43.202760416666806],[-70.57807291666701,43.2038541666668],[-70.57786458333368,43.2051041666668],[-70.577135416667,43.2057291666668],[-70.57692708333367,43.2069791666668],[-70.57640625000035,43.20723958333347],[-70.57609375000034,43.209427083333466],[-70.57473958333368,43.21052083333346],[-70.57442708333367,43.211979166666794],[-70.57375000000035,43.21239583333346],[-70.57453125000035,43.21322916666679],[-70.57453125000035,43.21427083333346],[-70.57390625000035,43.214687500000124],[-70.57369791666702,43.21593750000012],[-70.57307291666702,43.216458333333456],[-70.57286458333368,43.218958333333454],[-70.57213541666701,43.22036458333345],[-70.57213541666701,43.22296875000011],[-70.57260416666702,43.223750000000116],[-70.57286458333368,43.22609375000011],[-70.57286458333368,43.2339062500001],[-70.57213541666701,43.2382812500001],[-70.57192708333368,43.2464062500001],[-70.57140625000035,43.2473437500001],[-70.57125000000035,43.24968750000009],[-70.57031250000036,43.25098958333343],[-70.56656250000034,43.25140625000009],[-70.56458333333369,43.253229166666756],[-70.56640625000034,43.25526041666675],[-70.56859375000035,43.25557291666675],[-70.56953125000035,43.25640625000008],[-70.57036458333369,43.257552083333415],[-70.57036458333369,43.259114583333414],[-70.56963541666701,43.25989583333342],[-70.56942708333368,43.261145833333416],[-70.56807291666702,43.26218750000008],[-70.56776041666701,43.26364583333341],[-70.56557291666702,43.26552083333341],[-70.56442708333368,43.26864583333341],[-70.56260416666703,43.27036458333341],[-70.56135416666702,43.27010416666674],[-70.56026041666702,43.26718750000008],[-70.55864583333369,43.26557291666674],[-70.5573958333337,43.265364583333415],[-70.55697916666702,43.26473958333341],[-70.55572916666704,43.26453125000008],[-70.55479166666703,43.26380208333342],[-70.5533333333337,43.26375000000008],[-70.55229166666703,43.264218750000076],[-70.55213541666703,43.265781250000074],[-70.5528645833337,43.266406250000074],[-70.5528645833337,43.26692708333341],[-70.5522395833337,43.26718750000008],[-70.5519270833337,43.26864583333341],[-70.55057291666704,43.269687500000074],[-70.5503645833337,43.27093750000007],[-70.5497395833337,43.27135416666674],[-70.54953125000037,43.27260416666674],[-70.54875000000037,43.27354166666674],[-70.54890625000037,43.27447916666674],[-70.55041666666703,43.276041666666735],[-70.54963541666703,43.2778645833334],[-70.5494270833337,43.2809895833334],[-70.54875000000037,43.28218750000006],[-70.54890625000037,43.283593750000065],[-70.55026041666703,43.28468750000006],[-70.5503645833337,43.28593750000006],[-70.54963541666703,43.28656250000006],[-70.5494270833337,43.28781250000006],[-70.5472395833337,43.28979166666672],[-70.54703125000037,43.29229166666672],[-70.5463020833337,43.29385416666672],[-70.54609375000037,43.297604166666716],[-70.54546875000037,43.298229166666715],[-70.54526041666703,43.299479166666714],[-70.5411458333337,43.30359375000004],[-70.54020833333371,43.30375000000004],[-70.53927083333372,43.30296875000005],[-70.5380208333337,43.30276041666671],[-70.5361458333337,43.30057291666671],[-70.53489583333372,43.30036458333338],[-70.53437500000038,43.29973958333338],[-70.53145833333372,43.29942708333338],[-70.53093750000039,43.298802083333385],[-70.52968750000038,43.298906250000044],[-70.52947916666704,43.29942708333338],[-70.52822916666706,43.29989583333338],[-70.52791666666705,43.30145833333338],[-70.52807291666706,43.304270833333376],[-70.52859375000038,43.30473958333338],[-70.52880208333372,43.30661458333337],[-70.52953125000039,43.30770833333337],[-70.52953125000039,43.309791666666705],[-70.52880208333372,43.310729166666704],[-70.52859375000038,43.3119791666667],[-70.52796875000038,43.31239583333337],[-70.52776041666705,43.31364583333337],[-70.52697916666705,43.314427083333364],[-70.52385416666705,43.315572916666696],[-70.5234375000004,43.3161979166667],[-70.52218750000038,43.31640625000003],[-70.52177083333373,43.317031250000035],[-70.52052083333372,43.31723958333336],[-70.52010416666707,43.31786458333337],[-70.51885416666705,43.318072916666694],[-70.5184375000004,43.3186979166667],[-70.51718750000039,43.318906250000026],[-70.51531250000039,43.321093750000024],[-70.5140625000004,43.321302083333364],[-70.5134375000004,43.32203125000003],[-70.5121875000004,43.32223958333336],[-70.51192708333373,43.32276041666669],[-70.51005208333373,43.32296875000003],[-70.50864583333373,43.323750000000025],[-70.50723958333373,43.32359375000002],[-70.50661458333374,43.32296875000003],[-70.50473958333373,43.32307291666669],[-70.50390625000041,43.32385416666669],[-70.5035937500004,43.325312500000024],[-70.50260416666708,43.32625000000002],[-70.50026041666707,43.32390625000002],[-70.49807291666707,43.32390625000002],[-70.4978125000004,43.324427083333354],[-70.49656250000042,43.32473958333336],[-70.49609375000041,43.32692708333336],[-70.49442708333375,43.32859375000002],[-70.49255208333375,43.32880208333336],[-70.49145833333375,43.329531250000024],[-70.48895833333376,43.32973958333335],[-70.48843750000043,43.330364583333356],[-70.48718750000042,43.33057291666668],[-70.48677083333376,43.33125000000002],[-70.4855729166671,43.33031250000002],[-70.48536458333376,43.32906250000002],[-70.48458333333376,43.32822916666669],[-70.47911458333377,43.327760416666685],[-70.47796875000043,43.326770833333356],[-70.47817708333376,43.32572916666669],[-70.48182291666708,43.32526041666669],[-70.48276041666709,43.32447916666669],[-70.4830729166671,43.32302083333336],[-70.48442708333376,43.321927083333364],[-70.48437500000043,43.32005208333336],[-70.48145833333376,43.31942708333336],[-70.47937500000043,43.318072916666694],[-70.47645833333377,43.317760416666694],[-70.47593750000044,43.3171354166667],[-70.47468750000043,43.31692708333336],[-70.47427083333378,43.31630208333337],[-70.47302083333376,43.31609375000003],[-70.4718229166671,43.31473958333336],[-70.46869791666711,43.314635416666704],[-70.46791666666711,43.31489583333337],[-70.46869791666711,43.3163541666667],[-70.46875000000044,43.3185416666667],[-70.46828125000044,43.320104166666695],[-70.46671875000044,43.320364583333365],[-70.46593750000045,43.3196354166667],[-70.46489583333378,43.3196354166667],[-70.46427083333379,43.320364583333365],[-70.46302083333377,43.32057291666669],[-70.46109375000044,43.32276041666669],[-70.45890625000044,43.32307291666669],[-70.45807291666712,43.32385416666669],[-70.45625000000045,43.328958333333354],[-70.45703125000045,43.32989583333335],[-70.45723958333379,43.33114583333335],[-70.45786458333379,43.33156250000002],[-70.45807291666712,43.33281250000002],[-70.45953125000045,43.334062500000016],[-70.45927083333379,43.335312500000015],[-70.45822916666712,43.33536458333335],[-70.45781250000044,43.334739583333345],[-70.45635416666711,43.334427083333345],[-70.45526041666712,43.33307291666668],[-70.45307291666711,43.33276041666668],[-70.45223958333379,43.331979166666684],[-70.45192708333379,43.33052083333335],[-70.45057291666713,43.32947916666669],[-70.45010416666713,43.328020833333355],[-70.44906250000047,43.32786458333336],[-70.44828125000046,43.32713541666669],[-70.44625000000046,43.326770833333356],[-70.44776041666712,43.325260416666694],[-70.44791666666713,43.32447916666669],[-70.44776041666712,43.323072916666696],[-70.44546875000046,43.320781250000024],[-70.44572916666714,43.31890625000003],[-70.44697916666712,43.318593750000026],[-70.44791666666713,43.3176041666667],[-70.44692708333379,43.31630208333337],[-70.44531250000045,43.317083333333365],[-70.44218750000047,43.31625000000003],[-70.44098958333379,43.31692708333336],[-70.4378645833338,43.31723958333337],[-70.4370833333338,43.318020833333364],[-70.43703125000047,43.31911458333336],[-70.4363020833338,43.32036458333336],[-70.43656250000046,43.323750000000025],[-70.43906250000046,43.32526041666669],[-70.44343750000046,43.32557291666669],[-70.44531250000045,43.32656250000002],[-70.44526041666713,43.32781250000002],[-70.44447916666712,43.32859375000002],[-70.44354166666713,43.32875000000002],[-70.44197916666712,43.32723958333335],[-70.44072916666714,43.32723958333336],[-70.44046875000046,43.32911458333335],[-70.44125000000047,43.330104166666686],[-70.44057291666714,43.33057291666669],[-70.4394270833338,43.335260416666685],[-70.43890625000047,43.33552083333335],[-70.43828125000047,43.33697916666668],[-70.43640625000046,43.33677083333335],[-70.43609375000047,43.33552083333335],[-70.43500000000047,43.334739583333345],[-70.43000000000048,43.334635416666686],[-70.42739583333382,43.33546875000002],[-70.42692708333381,43.33609375000001],[-70.4247395833338,43.33640625000001],[-70.42390625000048,43.33729166666668],[-70.42354166666715,43.33979166666668],[-70.42250000000048,43.34041666666668],[-70.42062500000048,43.339947916666674],[-70.42010416666716,43.33807291666668],[-70.41885416666715,43.338072916666675],[-70.41723958333382,43.33979166666668],[-70.41708333333382,43.34083333333334],[-70.41713541666715,43.342291666666675],[-70.41791666666715,43.34416666666667],[-70.41776041666715,43.34604166666667],[-70.41713541666715,43.346875000000004],[-70.41713541666715,43.348958333333336],[-70.41791666666715,43.35010416666667],[-70.39663694197375,43.350129663580994],[-70.39802083333383,43.349635416666665],[-70.3987500000005,43.34885416666667],[-70.39890625000051,43.346510416666675],[-70.39973958333383,43.34557291666667],[-70.40161458333384,43.34546875000001],[-70.40302083333383,43.346927083333334],[-70.40427083333384,43.346822916666675],[-70.40473958333384,43.343177083333345],[-70.40536458333384,43.342604166666675],[-70.40557291666717,43.341354166666676],[-70.4060937500005,43.34109375000001],[-70.40635416666716,43.33921875000001],[-70.4084375000005,43.33791666666668],[-70.4087500000005,43.33604166666668],[-70.4084375000005,43.332916666666684],[-70.40614583333382,43.33057291666668],[-70.40468750000049,43.33026041666668],[-70.40364583333383,43.32890625000002],[-70.4021875000005,43.32859375000002],[-70.4010937500005,43.32713541666669],[-70.4004687500005,43.32692708333335],[-70.39963541666717,43.32593750000002],[-70.39942708333383,43.324687500000024],[-70.39880208333383,43.32427083333336],[-70.39890625000051,43.32302083333336],[-70.3998437500005,43.32223958333336],[-70.4029687500005,43.3221354166667],[-70.4040625000005,43.32286458333336],[-70.40531250000049,43.32307291666669],[-70.4056250000005,43.32359375000002],[-70.40854166666716,43.32390625000002],[-70.4090625000005,43.32453125000003],[-70.41031250000049,43.324739583333354],[-70.41072916666717,43.32536458333336],[-70.41177083333383,43.32536458333336],[-70.41218750000048,43.324739583333354],[-70.41364583333382,43.32427083333336],[-70.41473958333381,43.32156250000003],[-70.41692708333382,43.321093750000024],[-70.41890625000048,43.318906250000026],[-70.42031250000048,43.31875000000003],[-70.42109375000048,43.318906250000026],[-70.42192708333381,43.319739583333366],[-70.42192708333381,43.321927083333364],[-70.42109375000048,43.32276041666669],[-70.41890625000048,43.32307291666669],[-70.41796875000048,43.324062500000025],[-70.41807291666714,43.32510416666669],[-70.41994791666716,43.32536458333336],[-70.42140625000047,43.32390625000002],[-70.42359375000048,43.32359375000002],[-70.42526041666714,43.32187500000003],[-70.42541666666715,43.32000000000003],[-70.42510416666715,43.31895833333336],[-70.42385416666714,43.318593750000026],[-70.42307291666715,43.3177604166667],[-70.42296875000048,43.315885416666696],[-70.42369791666715,43.3151041666667],[-70.42390625000048,43.3138541666667],[-70.42442708333381,43.31359375000004],[-70.42463541666714,43.31171875000003],[-70.42526041666714,43.31114583333337],[-70.42541666666715,43.31020833333337],[-70.42479166666715,43.30968750000004],[-70.42270833333382,43.30932291666671],[-70.42208333333382,43.30802083333337],[-70.42192708333381,43.30567708333338],[-70.42130208333381,43.304322916666706],[-70.42125000000048,43.30177083333338],[-70.42140625000049,43.29994791666672],[-70.42203125000049,43.29927083333338],[-70.42223958333382,43.29802083333338],[-70.42385416666714,43.29640625000005],[-70.42510416666715,43.29619791666672],[-70.42557291666715,43.295468750000055],[-70.42609375000048,43.295468750000055],[-70.42718750000047,43.29692708333338],[-70.43031250000047,43.29807291666671],[-70.43119791666714,43.29906250000005],[-70.43140625000048,43.30031250000005],[-70.43359375000047,43.302187500000045],[-70.43385416666713,43.303437500000044],[-70.43479166666714,43.30375000000004],[-70.4364583333338,43.30140625000004],[-70.4383333333338,43.301250000000046],[-70.43937500000047,43.300625000000046],[-70.43989583333381,43.29812500000005],[-70.44114583333379,43.29776041666671],[-70.44151041666713,43.29723958333338],[-70.44515625000045,43.29692708333338],[-70.44703125000046,43.294947916666715],[-70.44692708333379,43.29307291666672],[-70.44593750000047,43.29208333333339],[-70.44515625000045,43.29276041666672],[-70.44151041666713,43.293072916666716],[-70.44031250000046,43.29375000000005],[-70.43890625000046,43.29359375000005],[-70.43776041666713,43.292239583333384],[-70.43635416666714,43.29208333333339],[-70.43557291666713,43.292239583333384],[-70.43401041666714,43.29359375000005],[-70.4259895833338,43.29390625000005],[-70.42447916666714,43.294583333333385],[-70.42338541666714,43.294270833333385],[-70.42276041666715,43.28989583333339],[-70.42213541666715,43.28911458333339],[-70.42192708333381,43.287239583333395],[-70.42020833333382,43.28557291666672],[-70.41729166666715,43.28526041666672],[-70.41640625000049,43.28416666666673],[-70.41619791666716,43.27916666666673],[-70.4159375000005,43.277916666666734],[-70.41546875000049,43.277604166666734],[-70.41546875000049,43.27656250000007],[-70.41609375000048,43.2761458333334],[-70.41630208333382,43.2748958333334],[-70.41718750000048,43.27390625000007],[-70.4184375000005,43.27369791666674],[-70.41942708333382,43.27281250000007],[-70.41947916666714,43.27156250000007],[-70.41822916666716,43.27130208333341],[-70.41781250000048,43.2719270833334],[-70.41687500000049,43.272083333333406],[-70.41557291666716,43.27119791666674],[-70.41463541666715,43.27010416666674],[-70.41442708333382,43.26885416666674],[-70.41291666666716,43.26729166666674],[-70.41307291666716,43.266354166666744],[-70.4145312500005,43.265104166666745],[-70.41442708333382,43.263854166666746],[-70.41260416666717,43.262083333333415],[-70.41177083333383,43.26286458333342],[-70.41052083333382,43.262760416666744],[-70.4087500000005,43.26093750000008],[-70.4106250000005,43.25890625000008],[-70.41312500000049,43.258697916666755],[-70.4140625000005,43.25796875000009],[-70.41510416666716,43.257812500000085],[-70.41557291666716,43.25635416666675],[-70.41619791666716,43.255781250000084],[-70.41640625000049,43.25390625000009],[-70.41739583333383,43.25296875000009],[-70.41864583333381,43.25307291666675],[-70.41942708333382,43.253854166666756],[-70.41989583333383,43.25531250000009],[-70.42093750000049,43.25546875000009],[-70.42140625000049,43.25619791666676],[-70.42192708333381,43.25619791666676],[-70.42286458333382,43.25494791666675],[-70.42286458333382,43.25338541666675],[-70.42057291666715,43.251145833333425],[-70.42036458333382,43.249895833333426],[-70.41973958333382,43.24932291666676],[-70.41973958333382,43.24567708333343],[-70.42109375000048,43.244479166666764],[-70.42140625000049,43.24302083333343],[-70.42270833333382,43.24213541666677],[-70.42520833333381,43.24223958333343],[-70.42572916666715,43.242864583333436],[-70.42697916666714,43.24307291666676],[-70.42739583333382,43.24369791666677],[-70.42843750000048,43.24369791666677],[-70.4294270833338,43.2428125000001],[-70.42973958333381,43.24135416666677],[-70.43119791666714,43.24010416666677],[-70.43125000000047,43.2393750000001],[-70.43062500000048,43.23885416666677],[-70.42812500000048,43.2385937500001],[-70.42760416666715,43.23796875000011],[-70.42635416666714,43.23776041666677],[-70.42307291666715,43.23447916666677],[-70.42276041666715,43.23302083333344],[-70.42125000000048,43.23145833333344],[-70.42135416666714,43.23072916666678],[-70.42281250000048,43.23026041666677],[-70.42458333333381,43.22812500000011],[-70.42442708333381,43.22718750000011],[-70.42213541666715,43.22526041666678],[-70.42213541666715,43.224739583333445],[-70.42395833333381,43.22307291666678],[-70.42708333333381,43.222604166666784],[-70.42776041666714,43.221927083333455],[-70.42796875000047,43.22005208333345],[-70.42859375000047,43.21947916666679],[-70.42890625000047,43.21822916666679],[-70.43078125000048,43.218020833333455],[-70.43140625000048,43.21947916666679],[-70.43203125000048,43.21989583333345],[-70.43203125000048,43.22093750000012],[-70.43140625000048,43.221354166666785],[-70.43119791666714,43.222604166666784],[-70.43046875000047,43.22338541666678],[-70.43046875000047,43.22494791666678],[-70.43369791666714,43.22854166666678],[-70.43375000000047,43.23000000000011],[-70.43312500000047,43.231041666666776],[-70.43062500000048,43.231406250000106],[-70.42963541666714,43.23223958333344],[-70.42963541666714,43.23276041666677],[-70.4306770833338,43.233593750000104],[-70.4338020833338,43.233802083333444],[-70.43489583333381,43.23453125000011],[-70.43593750000048,43.23442708333344],[-70.43640625000047,43.232239583333445],[-70.43869791666714,43.229947916666774],[-70.43869791666714,43.228385416666775],[-70.43796875000046,43.22760416666678],[-70.43796875000046,43.226562500000114],[-70.43885416666713,43.22557291666678],[-70.44010416666714,43.225312500000115],[-70.44041666666713,43.22479166666678],[-70.4402083333338,43.224062500000116],[-70.43916666666713,43.223750000000116],[-70.43729166666714,43.22390625000011],[-70.43677083333381,43.22453125000012],[-70.4355208333338,43.224427083333445],[-70.43307291666714,43.221927083333455],[-70.43312500000047,43.22005208333345],[-70.43416666666714,43.21958333333345],[-70.43562500000047,43.21963541666679],[-70.4369270833338,43.22046875000012],[-70.43718750000046,43.221093750000115],[-70.43812500000047,43.22125000000012],[-70.4394270833338,43.220364583333456],[-70.4397395833338,43.21963541666679],[-70.44026041666713,43.21963541666679],[-70.44052083333379,43.22026041666678],[-70.44197916666712,43.22057291666678],[-70.44276041666713,43.22140625000012],[-70.44307291666713,43.22359375000012],[-70.44526041666713,43.225625000000115],[-70.44557291666713,43.22854166666678],[-70.44859375000046,43.23140625000011],[-70.44906250000047,43.23359375000011],[-70.45031250000045,43.233593750000104],[-70.45140625000046,43.23213541666678],[-70.45192708333379,43.23213541666678],[-70.45286458333379,43.233229166666774],[-70.45307291666713,43.23447916666677],[-70.45406250000046,43.23536458333344],[-70.45531250000045,43.23557291666677],[-70.45692708333378,43.237187500000104],[-70.45713541666711,43.2384375000001],[-70.45786458333379,43.2392187500001],[-70.45807291666712,43.241093750000104],[-70.4605729166671,43.243593750000095],[-70.46244791666712,43.24369791666677],[-70.46390625000043,43.24223958333343],[-70.46578125000045,43.24213541666677],[-70.4677604166671,43.243854166666765],[-70.46812500000044,43.24510416666676],[-70.4710416666671,43.24557291666676],[-70.47156250000045,43.246197916666766],[-70.47260416666711,43.24635416666676],[-70.4730729166671,43.247812500000094],[-70.4736979166671,43.24838541666676],[-70.47390625000044,43.25026041666676],[-70.47609375000043,43.25218750000009],[-70.47640625000044,43.25364583333342],[-70.4772916666671,43.25442708333342],[-70.48020833333376,43.25442708333342],[-70.4807291666671,43.253802083333426],[-70.48197916666709,43.253593750000086],[-70.48223958333375,43.25307291666675],[-70.48692708333375,43.25192708333342],[-70.4876041666671,43.25125000000009],[-70.48875000000042,43.25270833333342],[-70.48859375000042,43.25364583333342],[-70.48796875000042,43.25406250000009],[-70.4882291666671,43.25531250000009],[-70.48927083333376,43.25546875000009],[-70.49005208333375,43.25619791666676],[-70.49192708333375,43.25640625000008],[-70.49270833333375,43.25708333333342],[-70.49442708333375,43.25630208333342],[-70.49630208333375,43.259427083333414],[-70.49692708333374,43.259635416666754],[-70.49802083333374,43.26109375000008],[-70.49947916666707,43.26156250000008],[-70.49963541666708,43.26260416666675],[-70.50026041666707,43.26322916666675],[-70.50046875000041,43.266979166666744],[-70.50125000000041,43.26916666666674],[-70.50109375000041,43.27104166666674],[-70.50026041666707,43.2719270833334],[-70.49838541666708,43.27213541666674],[-70.49760416666707,43.272760416666735],[-70.49291666666709,43.27322916666674],[-70.49479166666708,43.27526041666673],[-70.49770833333375,43.27526041666673],[-70.49875000000041,43.27406250000007],[-70.49953125000042,43.27380208333341],[-70.50213541666707,43.27380208333341],[-70.50385416666708,43.2745833333334],[-70.50526041666707,43.2744270833334],[-70.50572916666708,43.27380208333341],[-70.50697916666707,43.27359375000007],[-70.5110937500004,43.26947916666674],[-70.51130208333373,43.26822916666674],[-70.5120312500004,43.26744791666674],[-70.51208333333373,43.266354166666744],[-70.5110937500004,43.263854166666746],[-70.51010416666706,43.263072916666744],[-70.50541666666707,43.26260416666675],[-70.50390625000041,43.261093750000086],[-70.50385416666707,43.25921875000008],[-70.50635416666708,43.25791666666675],[-70.50776041666707,43.25807291666675],[-70.50822916666708,43.258697916666755],[-70.50927083333374,43.258697916666755],[-70.5096875000004,43.25807291666675],[-70.51114583333373,43.25776041666675],[-70.51140625000039,43.257239583333416],[-70.5128125000004,43.25708333333342],[-70.5135937500004,43.257239583333416],[-70.51552083333372,43.259427083333414],[-70.51677083333374,43.259635416666754],[-70.51723958333373,43.26036458333342],[-70.51776041666706,43.26036458333342],[-70.51796875000039,43.25973958333341],[-70.51859375000039,43.25947916666675],[-70.5187500000004,43.25854166666675],[-70.51723958333373,43.25697916666675],[-70.51713541666706,43.255729166666754],[-70.51807291666705,43.25473958333342],[-70.52041666666706,43.25427083333342],[-70.51963541666706,43.25343750000009],[-70.51942708333372,43.25218750000009],[-70.5184375000004,43.25130208333343],[-70.51718750000039,43.25109375000009],[-70.5164062500004,43.250208333333426],[-70.5164062500004,43.24729166666676],[-70.51791666666706,43.24572916666676],[-70.52182291666705,43.24557291666676],[-70.52395833333372,43.24776041666676],[-70.52687500000039,43.24807291666676],[-70.52718750000038,43.24859375000009],[-70.5284375000004,43.24880208333343],[-70.52885416666705,43.24942708333342],[-70.53010416666706,43.24963541666676],[-70.53104166666705,43.25036458333343],[-70.53312500000038,43.250208333333426],[-70.53375000000038,43.24916666666676],[-70.53328125000039,43.24729166666676],[-70.53140625000037,43.246927083333425],[-70.53114583333371,43.24640625000009],[-70.52989583333373,43.245937500000096],[-70.52911458333372,43.2415625000001],[-70.52723958333371,43.2410937500001],[-70.52614583333371,43.23973958333343],[-70.52468750000038,43.23942708333343],[-70.52223958333373,43.23692708333344],[-70.52213541666706,43.235052083333436],[-70.52291666666706,43.23406250000011],[-70.52114583333372,43.23223958333344],[-70.51989583333373,43.23213541666678],[-70.51958333333373,43.232604166666775],[-70.51848958333373,43.232864583333445],[-70.51411458333374,43.23276041666677],[-70.5114062500004,43.23031250000011],[-70.51119791666707,43.22906250000011],[-70.5104687500004,43.22843750000011],[-70.5104687500004,43.227395833333446],[-70.51119791666707,43.22677083333345],[-70.51223958333374,43.22385416666678],[-70.5160937500004,43.22031250000012],[-70.51619791666707,43.21906250000012],[-70.51531250000039,43.218072916666785],[-70.5140625000004,43.21786458333346],[-70.51354166666707,43.21723958333345],[-70.51041666666707,43.216770833333456],[-70.50963541666707,43.21593750000012],[-70.50942708333373,43.214687500000124],[-70.5060937500004,43.211406250000124],[-70.5042187500004,43.211354166666794],[-70.50375000000041,43.21229166666679],[-70.50406250000042,43.212812500000126],[-70.5053125000004,43.21307291666679],[-70.5060937500004,43.214010416666795],[-70.50619791666708,43.217135416666785],[-70.5054687500004,43.218697916666784],[-70.5054687500004,43.22130208333345],[-70.50630208333374,43.22276041666678],[-70.50776041666707,43.22395833333345],[-70.5079687500004,43.22645833333345],[-70.50869791666707,43.22786458333344],[-70.5085937500004,43.23098958333345],[-70.50770833333374,43.23192708333344],[-70.50666666666707,43.23208333333344],[-70.50479166666707,43.23192708333344],[-70.50130208333374,43.22843750000011],[-70.50140625000041,43.22718750000011],[-70.50369791666708,43.22510416666678],[-70.5034375000004,43.224062500000116],[-70.49604166666708,43.22281250000012],[-70.49526041666708,43.22156250000012],[-70.49447916666708,43.22125000000012],[-70.49307291666707,43.221406250000115],[-70.49260416666709,43.22203125000012],[-70.49156250000043,43.22203125000012],[-70.49114583333375,43.221406250000115],[-70.48968750000041,43.221093750000115],[-70.48890625000043,43.22026041666679],[-70.48880208333375,43.218385416666784],[-70.48953125000043,43.21729166666679],[-70.48953125000043,43.21520833333346],[-70.48890625000043,43.214322916666795],[-70.48859375000042,43.210677083333465],[-70.48666666666709,43.207395833333464],[-70.48083333333376,43.20723958333346],[-70.4801041666671,43.20786458333347],[-70.47906250000044,43.208020833333464],[-70.47859375000043,43.209479166666796],[-70.47739583333376,43.210416666666795],[-70.47697916666709,43.20973958333346],[-70.47572916666711,43.20953125000013],[-70.47531250000043,43.208906250000126],[-70.47406250000044,43.2086979166668],[-70.47343750000044,43.207968750000134],[-70.47218750000043,43.207760416666794],[-70.47192708333377,43.20723958333346],[-70.46973958333376,43.206770833333465],[-70.46890625000044,43.20505208333347],[-70.46859375000044,43.19994791666681],[-70.46791666666711,43.19864583333347],[-70.46807291666711,43.19723958333348],[-70.46906250000045,43.19630208333348],[-70.47010416666711,43.196406250000145],[-70.47057291666711,43.19859375000014],[-70.47140625000044,43.19953125000014],[-70.47192708333377,43.19953125000014],[-70.47286458333377,43.19843750000014],[-70.47286458333377,43.19739583333347],[-70.47223958333377,43.19697916666681],[-70.47208333333377,43.19604166666681],[-70.47286458333377,43.19510416666681],[-70.4730729166671,43.19385416666681],[-70.47395833333377,43.19307291666681],[-70.47645833333377,43.192812500000144],[-70.47708333333377,43.19229166666681],[-70.47677083333377,43.19135416666681],[-70.47552083333376,43.19109375000014],[-70.47364583333376,43.188906250000144],[-70.47218750000043,43.18843750000015],[-70.47203125000044,43.18739583333348],[-70.47130208333377,43.18645833333348],[-70.47140625000044,43.183958333333486],[-70.47286458333377,43.18229166666682],[-70.47286458333377,43.18020833333349],[-70.4721354166671,43.17927083333349],[-70.4721354166671,43.178229166666824],[-70.4727604166671,43.17776041666683],[-70.47296875000043,43.17588541666682],[-70.4736979166671,43.17510416666683],[-70.47390625000044,43.17385416666683],[-70.4777604166671,43.170312500000165],[-70.4780729166671,43.16885416666683],[-70.47942708333376,43.16781250000017],[-70.47989583333377,43.166354166666835],[-70.4826041666671,43.16526041666684],[-70.4830729166671,43.16307291666684],[-70.48385416666709,43.1622395833335],[-70.4851041666671,43.162031250000176],[-70.48593750000043,43.16125000000017],[-70.48635416666708,43.1619270833335],[-70.48781250000042,43.1622395833335],[-70.4882291666671,43.16286458333351],[-70.48927083333376,43.16281250000017],[-70.48953125000043,43.16156250000017],[-70.48890625000043,43.16109375000018],[-70.48875000000042,43.159687500000175],[-70.48968750000041,43.15739583333351],[-70.49114583333375,43.15692708333351],[-70.49156250000043,43.156302083333514],[-70.49281250000041,43.156093750000174],[-70.49359375000041,43.15526041666685],[-70.49390625000042,43.15307291666685],[-70.49473958333374,43.15223958333351],[-70.49692708333374,43.15192708333351],[-70.49776041666708,43.151145833333516],[-70.49796875000041,43.14989583333352],[-70.49875000000041,43.149062500000184],[-70.49760416666709,43.14791666666685],[-70.49677083333376,43.148697916666855],[-70.49552083333374,43.14890625000018],[-70.49281250000041,43.15192708333351],[-70.49135416666708,43.15223958333351],[-70.48864583333375,43.15526041666684],[-70.48552083333375,43.156406250000174],[-70.48197916666709,43.16026041666684],[-70.47885416666709,43.16140625000017],[-70.47687500000043,43.16359375000017],[-70.47395833333377,43.16343750000017],[-70.47359375000043,43.16218750000017],[-70.47296875000043,43.161770833333506],[-70.4727604166671,43.16052083333351],[-70.4721354166671,43.15994791666684],[-70.47223958333377,43.158072916666846],[-70.47302083333376,43.15723958333351],[-70.47614583333376,43.156093750000174],[-70.47718750000043,43.15473958333351],[-70.47864583333376,43.15427083333351],[-70.47973958333377,43.15135416666685],[-70.48036458333377,43.15093750000018],[-70.4805729166671,43.149687500000184],[-70.48192708333376,43.148385416666855],[-70.48223958333377,43.14328125000019],[-70.48286458333376,43.14260416666686],[-70.4830729166671,43.14135416666686],[-70.48395833333376,43.140572916666855],[-70.48687500000042,43.140260416666855],[-70.48776041666709,43.139531250000196],[-70.48796875000042,43.13890625000019],[-70.48942708333375,43.137760416666865],[-70.48973958333376,43.13557291666687],[-70.49041666666709,43.13489583333353],[-70.4863541666671,43.13463541666687],[-70.48479166666709,43.13536458333353],[-70.4822916666671,43.13557291666686],[-70.48140625000043,43.13635416666686],[-70.48109375000043,43.137812500000194],[-70.4796354166671,43.13890625000019],[-70.47942708333376,43.139531250000196],[-70.47843750000044,43.14036458333353],[-70.47718750000043,43.140572916666855],[-70.47677083333377,43.14119791666686],[-70.47552083333376,43.14140625000019],[-70.47281250000043,43.14442708333352],[-70.4713541666671,43.14473958333352],[-70.46958333333377,43.14760416666685],[-70.4669791666671,43.14791666666685],[-70.46541666666711,43.14760416666685],[-70.46406250000044,43.14625000000019],[-70.46380208333377,43.14468750000019],[-70.46380208333377,43.13947916666686],[-70.46453125000045,43.13713541666686],[-70.46442708333377,43.13401041666687],[-70.4619791666671,43.1314062500002],[-70.46052083333377,43.1310937500002],[-70.45947916666711,43.12973958333353],[-70.45802083333378,43.12942708333353],[-70.45723958333379,43.128593750000206],[-70.45703125000045,43.1267187500002],[-70.45630208333378,43.1257812500002],[-70.45609375000045,43.12390625000021],[-70.45557291666712,43.123541666666874],[-70.45536458333379,43.121041666666876],[-70.45473958333379,43.120156250000214],[-70.45453125000046,43.11703125000021],[-70.45375000000045,43.114687500000215],[-70.45380208333378,43.11286458333355],[-70.45453125000046,43.11161458333355],[-70.45473958333379,43.10973958333356],[-70.45557291666711,43.10890625000022],[-70.45744791666712,43.10869791666689],[-70.45817708333378,43.108072916666885],[-70.4618229166671,43.107760416666885],[-70.46276041666711,43.10687500000022],[-70.46291666666711,43.105000000000224],[-70.46338541666711,43.104375000000225],[-70.4657291666671,43.103750000000225],[-70.46994791666711,43.10390625000022],[-70.47109375000043,43.104635416666895],[-70.4713541666671,43.10526041666689],[-70.47260416666711,43.10546875000023],[-70.4736979166671,43.10640625000022],[-70.47359375000043,43.10692708333355],[-70.47140625000043,43.10723958333355],[-70.47114583333376,43.107760416666885],[-70.46989583333378,43.107968750000225],[-70.46890625000044,43.10885416666689],[-70.46890625000044,43.11031250000022],[-70.4704166666671,43.11177083333355],[-70.4751041666671,43.11223958333355],[-70.47635416666711,43.112864583333554],[-70.48010416666709,43.11307291666688],[-70.4813541666671,43.11369791666689],[-70.4844791666671,43.11369791666689],[-70.48697916666708,43.11276041666688],[-70.48859375000042,43.11114583333355],[-70.48880208333375,43.10989583333355],[-70.48973958333376,43.10880208333356],[-70.49057291666708,43.108072916666885],[-70.49276041666708,43.107760416666885],[-70.49322916666708,43.107083333333556],[-70.49416666666708,43.107760416666885],[-70.50000000000041,43.108072916666885],[-70.50119791666708,43.10906250000022],[-70.50109375000041,43.11031250000022],[-70.50010416666709,43.11119791666689],[-70.49885416666707,43.111406250000215],[-70.4978125000004,43.11276041666688],[-70.49635416666707,43.11307291666688],[-70.49322916666708,43.116250000000214],[-70.49296875000041,43.11734375000021],[-70.49307291666709,43.12171875000021],[-70.49375000000042,43.122604166666875],[-70.49921875000041,43.12276041666687],[-70.49973958333374,43.12223958333354],[-70.50161458333375,43.12187500000021],[-70.50239583333374,43.11875000000021],[-70.50385416666707,43.11723958333354],[-70.5053125000004,43.11692708333354],[-70.50640625000041,43.11546875000022],[-70.50703125000041,43.11526041666688],[-70.50786458333374,43.11427083333355],[-70.50807291666707,43.11302083333355],[-70.51052083333373,43.11057291666688],[-70.5159375000004,43.108645833333554],[-70.5164062500004,43.10718750000022],[-70.51718750000039,43.10640625000022],[-70.5184375000004,43.10619791666689],[-70.51895833333373,43.10557291666689],[-70.52187500000039,43.10526041666689],[-70.52223958333371,43.104739583333554],[-70.52661458333372,43.10364583333356],[-70.52723958333371,43.10239583333356],[-70.52942708333372,43.10192708333356],[-70.53057291666705,43.10046875000023],[-70.53187500000038,43.0996354166669],[-70.53437500000038,43.09973958333356],[-70.53489583333372,43.100364583333565],[-70.5361458333337,43.10057291666689],[-70.53729166666704,43.10192708333356],[-70.53979166666704,43.101979166666894],[-70.54109375000037,43.1002604166669],[-70.5413020833337,43.09838541666689],[-70.54203125000038,43.0976041666669],[-70.54223958333371,43.0963541666669],[-70.54385416666703,43.09473958333356],[-70.54510416666704,43.09453125000024],[-70.5456770833337,43.09390625000023],[-70.54932291666702,43.09359375000023],[-70.54994791666704,43.0930729166669],[-70.55541666666703,43.0926041666669],[-70.55609375000036,43.09177083333357],[-70.55640625000036,43.087395833333574],[-70.55807291666702,43.085572916666905],[-70.55994791666703,43.08536458333358],[-70.56078125000036,43.08473958333357],[-70.56588541666702,43.08442708333357],[-70.56677083333369,43.083750000000244],[-70.56718750000034,43.07901041666691],[-70.56770833333368,43.077916666666916],[-70.56864583333368,43.077604166666916],[-70.56859375000035,43.07635416666692],[-70.56776041666701,43.075572916666914],[-70.56557291666701,43.07510416666692],[-70.56526041666702,43.07385416666692],[-70.56348958333368,43.072239583333584],[-70.5603645833337,43.07192708333359],[-70.55958333333369,43.07114583333359],[-70.5598958333337,43.06973958333359],[-70.56281250000035,43.068593750000254],[-70.56307291666701,43.06807291666692],[-70.56494791666702,43.06776041666693],[-70.56541666666702,43.066979166666925],[-70.56526041666702,43.06557291666693],[-70.56390625000036,43.06447916666693],[-70.56354166666702,43.06322916666693],[-70.55807291666702,43.06192708333359],[-70.55625000000036,43.0598958333336],[-70.55718750000035,43.05890625000026],[-70.55864583333369,43.05859375000026],[-70.55953125000036,43.057604166666934],[-70.5597395833337,43.056354166666935],[-70.56026041666702,43.05609375000027],[-70.5603645833337,43.05421875000027],[-70.5597395833337,43.05354166666694],[-70.55958333333369,43.05250000000027],[-70.5598958333337,43.050625000000274],[-70.56114583333368,43.05026041666694],[-70.56151041666702,43.049739583333604],[-70.56515625000034,43.049427083333605],[-70.56635416666701,43.04807291666694],[-70.56781250000034,43.04776041666694],[-70.56885416666701,43.046406250000274],[-70.57010416666702,43.04619791666695],[-70.57052083333367,43.04557291666694],[-70.57177083333369,43.045364583333615],[-70.57239583333367,43.04473958333361],[-70.57677083333367,43.04442708333361],[-70.57760416666702,43.04375000000028],[-70.57807291666701,43.04062500000028],[-70.57869791666701,43.03963541666695],[-70.57890625000034,43.03651041666696],[-70.580416666667,43.03489583333362],[-70.585885416667,43.03473958333362],[-70.58723958333366,43.03609375000028],[-70.58802083333367,43.03625000000029],[-70.58911458333367,43.03593750000029],[-70.58942708333366,43.03531250000029],[-70.590416666667,43.028125000000294],[-70.590260416667,43.026562500000296],[-70.58895833333366,43.0246875000003],[-70.58645833333367,43.02473958333363],[-70.58593750000034,43.025364583333634],[-70.58468750000033,43.02557291666696],[-70.58281250000033,43.02776041666696],[-70.581354166667,43.02807291666696],[-70.580416666667,43.02968750000029],[-70.58057291666701,43.031093750000295],[-70.58119791666701,43.03156250000029],[-70.58119791666701,43.03260416666696],[-70.57994791666701,43.03369791666696],[-70.578385416667,43.03369791666696],[-70.577135416667,43.03276041666695],[-70.57630208333367,43.031770833333624],[-70.57609375000034,43.030520833333625],[-70.57557291666701,43.03026041666696],[-70.57541666666701,43.02885416666696],[-70.57572916666702,43.028072916666964],[-70.576979166667,43.02776041666696],[-70.57718750000033,43.027239583333625],[-70.58031250000033,43.02609375000029],[-70.58625000000033,43.02010416666697],[-70.58531250000033,43.0189062500003],[-70.583854166667,43.0185937500003],[-70.58239583333366,43.01708333333364],[-70.582135416667,43.01302083333364],[-70.58239583333366,43.01208333333364],[-70.58468750000033,43.00973958333364],[-70.58593750000034,43.009531250000315],[-70.58692708333366,43.008645833333645],[-70.58723958333367,43.00718750000031],[-70.58859375000033,43.00604166666698],[-70.58880208333366,43.00354166666698],[-70.58953125000033,43.001979166666985],[-70.58953125000033,42.99885416666699],[-70.58859375000033,42.99635416666699],[-70.587916666667,42.99572916666699],[-70.58317708333367,42.995260416666994],[-70.58208333333367,42.99447916666699],[-70.582135416667,42.99338541666699],[-70.58302083333366,42.99223958333366],[-70.58427083333368,42.99203125000033],[-70.58489583333368,42.991302083333665],[-70.58593750000034,42.991302083333665],[-70.58671875000033,42.99203125000033],[-70.58859375000033,42.99192708333366],[-70.59109375000033,42.98927083333366],[-70.59130208333366,42.985520833333666],[-70.59208333333366,42.98302083333367],[-70.59192708333366,42.980677083333674],[-70.59140625000033,42.97989583333367],[-70.59125000000033,42.975208333333676],[-70.59140625000033,42.97260416666701],[-70.59203125000033,42.97083333333368],[-70.59223958333367,42.965833333333684],[-70.59276041666699,42.965208333333685],[-70.59296875000032,42.96270833333369],[-70.593697916667,42.96177083333369],[-70.59390625000033,42.96052083333369],[-70.59635416666698,42.95807291666702],[-70.597604166667,42.957864583333695],[-70.59822916666698,42.95723958333369],[-70.60260416666698,42.95692708333369],[-70.60302083333364,42.956406250000356],[-70.60395833333365,42.95625000000036],[-70.60479166666698,42.95692708333369],[-70.60770833333365,42.95723958333369],[-70.60802083333364,42.95776041666702],[-70.60927083333365,42.95796875000036],[-70.61005208333364,42.95869791666703],[-70.61161458333365,42.95869791666703],[-70.61239583333365,42.95796875000036],[-70.61364583333363,42.95776041666702],[-70.61640625000031,42.95463541666703],[-70.61802083333365,42.95375000000036],[-70.61942708333363,42.95390625000036],[-70.62104166666697,42.95541666666703],[-70.62197916666696,42.95526041666702],[-70.62260416666697,42.954583333333694],[-70.62317708333363,42.95526041666702],[-70.62682291666695,42.95557291666702],[-70.62802083333364,42.95625000000036],[-70.62942708333362,42.956093750000356],[-70.63005208333362,42.955468750000364],[-70.63161458333363,42.955468750000364],[-70.63239583333363,42.95619791666703],[-70.63364583333362,42.956406250000356],[-70.63609375000028,42.958854166667024],[-70.63723958333362,42.96197916666702],[-70.63859375000028,42.96307291666702],[-70.63890625000029,42.96526041666702],[-70.64010416666696,42.96625000000035],[-70.64062500000028,42.965572916667014],[-70.64354166666695,42.965260416667014],[-70.64406250000029,42.96463541666702],[-70.64531250000027,42.96442708333368],[-70.64635416666694,42.963072916667016],[-70.64781250000027,42.96276041666702],[-70.6519270833336,42.95864583333369],[-70.65234375000027,42.95739583333369],[-70.65468750000028,42.95708333333369],[-70.6559895833336,42.95723958333369],[-70.65687500000027,42.957864583333695],[-70.65937500000027,42.957604166667025],[-70.6594270833336,42.956354166667026],[-70.65791666666694,42.95510416666703],[-70.65906250000026,42.95375000000036],[-70.66218750000026,42.95692708333369],[-70.66343750000027,42.95713541666703],[-70.66421875000026,42.957864583333695],[-70.66609375000026,42.95807291666702],[-70.66692708333359,42.95901041666703],[-70.66739583333359,42.96291666666702],[-70.66901041666692,42.96442708333368],[-70.67031250000025,42.964583333333685],[-70.67265625000024,42.96442708333368],[-70.67526041666692,42.962812500000354],[-70.67536458333359,42.961562500000355],[-70.67473958333359,42.96109375000036],[-70.67442708333358,42.95890625000036],[-70.67291666666692,42.95739583333369],[-70.67385416666691,42.956406250000356],[-70.67510416666693,42.95619791666703],[-70.67557291666691,42.95557291666702],[-70.67744791666692,42.955468750000364],[-70.67822916666692,42.95619791666703],[-70.67947916666691,42.956406250000356],[-70.67979166666692,42.95692708333369],[-70.68166666666691,42.95708333333369],[-70.68270833333358,42.95692708333369],[-70.68338541666691,42.956302083333696],[-70.6852604166669,42.956093750000356],[-70.6858854166669,42.955468750000364],[-70.68744791666691,42.955468750000364],[-70.6883854166669,42.956093750000356],[-70.69260416666691,42.95625000000036],[-70.6949479166669,42.956093750000356],[-70.6961979166669,42.95526041666702],[-70.69708333333357,42.953958333333695],[-70.69703125000024,42.95322916666703],[-70.69625000000023,42.95229166666703],[-70.69640625000024,42.95135416666703],[-70.69703125000024,42.95078125000036],[-70.69703125000024,42.94921875000036],[-70.69630208333356,42.94843750000037],[-70.69609375000023,42.94718750000037],[-70.69390625000024,42.94515625000037],[-70.69406250000023,42.94125000000037],[-70.69552083333357,42.94041666666704],[-70.69848958333357,42.94119791666704],[-70.70317708333356,42.94098958333371],[-70.70411458333356,42.94046875000037],[-70.70484375000022,42.937864583333706],[-70.70536458333356,42.93734375000038],[-70.70848958333355,42.93692708333371],[-70.70885416666688,42.936406250000374],[-70.70979166666689,42.93625000000038],[-70.71031250000021,42.935156250000375],[-70.71057291666689,42.930781250000386],[-70.71140625000021,42.929062500000384],[-70.71359375000021,42.92890625000038],[-70.71510416666689,42.93041666666705],[-70.71557291666689,42.924166666667055],[-70.71708333333355,42.922395833333724],[-70.71317708333355,42.92192708333372],[-70.71276041666688,42.92130208333373],[-70.71223958333356,42.92130208333373],[-70.70864583333355,42.92526041666705],[-70.70718750000022,42.92557291666705],[-70.70677083333356,42.92625000000039],[-70.7055729166669,42.92531250000039],[-70.70536458333356,42.92406250000039],[-70.70458333333356,42.923229166667056],[-70.69708333333357,42.92260416666706],[-70.6955729166669,42.92088541666706],[-70.6952604166669,42.9157812500004],[-70.69427083333358,42.913854166667065],[-70.69302083333356,42.913593750000395],[-70.69223958333357,42.91276041666707],[-70.69218750000023,42.910885416667064],[-70.69364583333356,42.910260416667064],[-70.69390625000023,42.90973958333373],[-70.69578125000024,42.90963541666707],[-70.69718750000023,42.9110937500004],[-70.69843750000024,42.91130208333374],[-70.69921875000023,42.9120312500004],[-70.70031250000022,42.91208333333373],[-70.70286458333356,42.910572916667064],[-70.71380208333355,42.910260416667064],[-70.71505208333355,42.90963541666707],[-70.71692708333354,42.90942708333373],[-70.71770833333355,42.90880208333374],[-70.71979166666688,42.90880208333374],[-70.72145833333354,42.909583333333735],[-70.72239583333355,42.90880208333374],[-70.72343750000022,42.908645833333736],[-70.72390625000021,42.907187500000404],[-70.72453125000021,42.906614583333734],[-70.72427083333355,42.90473958333374],[-70.72135416666687,42.903593750000404],[-70.72057291666688,42.90281250000041],[-70.72041666666688,42.90187500000041],[-70.71947916666689,42.901354166667076],[-70.71572916666688,42.901406250000406],[-70.71437500000022,42.90276041666707],[-70.71187500000022,42.90265625000041],[-70.71062500000022,42.89901041666708],[-70.70812500000022,42.89859375000041],[-70.70781250000022,42.898072916667076],[-70.70635416666688,42.897760416667076],[-70.70614583333355,42.89723958333374],[-70.70520833333356,42.89708333333375],[-70.70489583333357,42.89661458333375],[-70.70463541666689,42.89098958333375],[-70.70489583333355,42.88958333333375],[-70.70635416666688,42.888072916667085],[-70.7076041666669,42.88786458333376],[-70.70859375000022,42.88697916666709],[-70.70880208333355,42.88572916666709],[-70.70958333333355,42.88489583333376],[-70.71348958333354,42.884427083333755],[-70.71406250000022,42.88380208333376],[-70.71531250000021,42.88359375000042],[-70.71635416666687,42.88223958333376],[-70.71760416666689,42.88203125000043],[-70.71802083333354,42.881406250000424],[-70.72114583333354,42.88026041666709],[-70.72223958333353,42.878906250000426],[-70.72442708333354,42.87859375000043],[-70.7260937500002,42.8769791666671],[-70.72630208333354,42.8757291666671],[-70.72692708333354,42.8752604166671],[-70.72703125000021,42.8733854166671],[-70.72630208333354,42.8726041666671],[-70.7260937500002,42.8713541666671],[-70.7254687500002,42.87093750000044],[-70.7253125000002,42.86989583333377],[-70.72385416666687,42.86942708333377],[-70.72270833333354,42.8680729166671],[-70.72020833333355,42.86770833333377],[-70.71958333333355,42.865833333333775],[-70.71989583333355,42.86479166666711],[-70.72114583333354,42.86442708333377],[-70.72343750000022,42.86208333333378],[-70.72390625000021,42.85739583333378],[-70.72489583333355,42.855520833333784],[-70.72760416666688,42.85442708333379],[-70.7278125000002,42.852552083333784],[-70.72729166666687,42.85208333333379],[-70.72656250000021,42.852135416667124],[-70.72593750000021,42.85286458333379],[-70.7246875000002,42.85307291666712],[-70.72442708333354,42.85369791666712],[-70.72312500000021,42.854531250000456],[-70.72104166666688,42.854531250000456],[-70.72010416666689,42.85380208333379],[-70.71885416666687,42.85359375000045],[-70.71807291666688,42.85270833333379],[-70.71776041666688,42.84979166666712],[-70.71708333333355,42.84895833333379],[-70.71807291666688,42.846354166667126],[-70.71875000000021,42.84572916666713],[-70.71723958333355,42.8444270833338],[-70.71708333333355,42.843020833333796],[-70.71807291666688,42.8405208333338],[-70.71906250000022,42.839635416667136],[-70.7203125000002,42.839427083333796],[-70.72135416666687,42.83807291666713],[-70.72260416666688,42.837864583333804],[-70.72317708333354,42.8372395833338],[-70.72682291666686,42.8369270833338],[-70.72776041666687,42.83609375000047],[-70.72786458333354,42.83421875000047],[-70.72640625000021,42.832708333333805],[-70.7262500000002,42.83083333333381],[-70.72713541666687,42.82822916666714],[-70.72776041666687,42.82770833333381],[-70.72807291666687,42.824791666667146],[-70.72869791666687,42.82411458333381],[-70.7285937500002,42.82223958333382],[-70.7275000000002,42.82140625000048],[-70.72125000000021,42.82093750000048],[-70.71942708333354,42.81880208333382],[-70.71828125000022,42.81807291666715],[-70.71125000000022,42.81760416666715],[-70.71031250000021,42.81640625000048],[-70.70906250000023,42.81619791666716],[-70.70843750000023,42.81546875000049],[-70.70552083333355,42.81442708333382],[-70.7030729166669,42.81197916666716],[-70.70276041666689,42.810520833333825],[-70.70213541666689,42.810260416667155],[-70.70213541666689,42.80973958333382],[-70.70359375000022,42.80864583333383],[-70.70375000000023,42.80770833333383],[-70.70140625000023,42.80526041666717],[-70.70109375000023,42.80338541666716],[-70.69968750000024,42.802916666667166],[-70.69828125000024,42.80369791666717],[-70.69671875000023,42.80369791666717],[-70.69380208333357,42.80192708333383],[-70.69380208333357,42.8014062500005],[-70.69692708333356,42.79854166666717],[-70.69708333333357,42.797500000000504],[-70.69692708333356,42.795625000000506],[-70.6955729166669,42.794427083333844],[-70.6952604166669,42.792239583333846],[-70.69458333333357,42.79177083333384],[-70.69536458333357,42.79078125000051],[-70.69536458333357,42.78921875000051],[-70.6946354166669,42.78828125000051],[-70.69442708333357,42.78640625000052],[-70.69375000000024,42.78572916666718],[-70.69442708333357,42.78515625000052],[-70.69458333333357,42.78281250000052],[-70.69333333333357,42.78151041666719],[-70.6891666666669,42.78114583333385],[-70.68791666666691,42.78062500000052],[-70.68807291666691,42.77968750000052],[-70.68953125000024,42.77843750000052],[-70.68953125000024,42.777395833333856],[-70.68609375000024,42.77390625000052],[-70.68421875000024,42.77380208333386],[-70.68260416666692,42.77536458333386],[-70.68156250000025,42.77510416666719],[-70.68130208333358,42.771354166667194],[-70.68203125000025,42.76973958333386],[-70.68140625000025,42.76953125000053],[-70.68119791666692,42.768906250000526],[-70.68057291666692,42.7686979166672],[-70.68036458333358,42.768072916667194],[-70.67973958333359,42.76786458333387],[-70.67953125000025,42.76723958333386],[-70.67640625000026,42.76442708333387],[-70.67526041666692,42.759739583333875],[-70.67473958333359,42.759479166667205],[-70.67453125000026,42.758229166667206],[-70.67380208333358,42.75760416666721],[-70.67359375000025,42.75635416666721],[-70.67296875000025,42.75593750000054],[-70.67276041666692,42.75468750000054],[-70.67140625000026,42.75364583333388],[-70.67109375000025,42.752187500000545],[-70.66890625000026,42.75026041666722],[-70.66859375000026,42.74807291666722],[-70.66614583333359,42.745572916667214],[-70.66468750000026,42.745260416667215],[-70.66343750000027,42.74380208333389],[-70.66218750000026,42.74359375000055],[-70.6586458333336,42.739739583333886],[-70.65739583333361,42.73953125000056],[-70.65640625000027,42.73869791666723],[-70.6536458333336,42.73557291666722],[-70.65239583333361,42.7353645833339],[-70.65161458333361,42.73463541666723],[-70.6497395833336,42.73442708333389],[-70.64947916666694,42.73390625000056],[-70.6480208333336,42.73359375000056],[-70.64760416666695,42.732968750000566],[-70.64635416666694,42.732760416667226],[-70.64531250000027,42.73140625000056],[-70.64406250000029,42.731197916667234],[-70.64343750000029,42.73046875000057],[-70.64052083333361,42.729427083333896],[-70.63947916666694,42.72807291666723],[-70.63802083333361,42.72776041666723],[-70.63697916666695,42.726406250000565],[-70.63572916666696,42.72619791666724],[-70.63494791666696,42.72546875000057],[-70.63307291666695,42.72526041666723],[-70.6314062500003,42.723645833333904],[-70.63119791666696,42.722395833333906],[-70.63031250000029,42.72140625000057],[-70.62885416666695,42.72109375000057],[-70.62781250000029,42.719739583333904],[-70.62635416666696,42.719427083333905],[-70.62531250000029,42.71807291666724],[-70.62385416666696,42.71776041666724],[-70.62239583333363,42.71625000000058],[-70.62192708333363,42.71156250000058],[-70.62026041666697,42.70973958333391],[-70.61807291666696,42.709427083333914],[-70.6168750000003,42.70807291666725],[-70.61437500000031,42.70786458333392],[-70.61312500000031,42.707239583333916],[-70.60375000000032,42.70677083333392],[-70.60343750000033,42.706302083333924],[-70.60218750000031,42.70609375000058],[-70.60177083333366,42.70546875000059],[-70.60052083333365,42.70526041666725],[-70.60026041666698,42.70473958333392],[-70.59838541666699,42.70453125000059],[-70.59776041666699,42.703906250000585],[-70.59307291666698,42.70276041666725],[-70.59281250000032,42.70223958333392],[-70.59135416666699,42.70192708333392],[-70.59093750000034,42.70130208333393],[-70.58968750000032,42.70109375000059],[-70.58875000000033,42.699895833333926],[-70.38462828591382,42.699662994876796],[-70.60589420654817,42.69971365099415]],[[-70.43536458333381,43.25489583333342],[-70.4355208333338,43.25593750000009],[-70.4364583333338,43.25625000000009],[-70.43859375000046,43.254479166666755],[-70.4388020833338,43.253229166666756],[-70.43953125000047,43.25244791666675],[-70.4397395833338,43.25057291666676],[-70.44026041666713,43.25031250000009],[-70.44046875000046,43.24906250000009],[-70.44119791666714,43.24828125000009],[-70.44109375000046,43.2464062500001],[-70.44057291666714,43.24614583333343],[-70.4403645833338,43.24489583333343],[-70.43963541666713,43.24442708333343],[-70.43963541666713,43.243906250000094],[-70.44072916666714,43.2429687500001],[-70.44197916666712,43.24276041666676],[-70.44229166666713,43.24223958333343],[-70.4452083333338,43.24161458333343],[-70.4453645833338,43.24005208333343],[-70.4442708333338,43.23880208333344],[-70.44302083333379,43.2389062500001],[-70.44104166666713,43.2410937500001],[-70.43812500000047,43.2415625000001],[-70.43776041666713,43.2428125000001],[-70.4367708333338,43.243593750000095],[-70.4323958333338,43.243906250000094],[-70.43140625000048,43.244739583333434],[-70.43140625000048,43.24692708333343],[-70.43276041666714,43.24802083333343],[-70.43296875000047,43.249270833333426],[-70.43359375000047,43.24968750000009],[-70.4338020833338,43.25093750000009],[-70.4344270833338,43.251458333333424],[-70.43463541666713,43.25395833333342],[-70.43536458333381,43.25489583333342]],[[-70.4497395833338,43.28973958333339],[-70.44958333333379,43.29114583333339],[-70.45114583333378,43.29208333333339],[-70.45296875000045,43.29197916666672],[-70.45375000000045,43.29145833333339],[-70.45468750000045,43.28906250000006],[-70.45614583333378,43.288593750000054],[-70.45640625000046,43.28796875000006],[-70.45703125000045,43.28776041666672],[-70.45703125000045,43.28723958333339],[-70.45640625000046,43.286979166666725],[-70.45609375000045,43.28552083333339],[-70.45447916666711,43.28390625000006],[-70.45322916666713,43.28369791666673],[-70.45244791666713,43.282968750000066],[-70.45057291666711,43.282760416666726],[-70.4497395833338,43.28203125000007],[-70.44890625000046,43.28104166666673],[-70.44843750000047,43.27812500000007],[-70.4473958333338,43.27796875000007],[-70.44640625000046,43.27890625000007],[-70.44630208333379,43.28078125000006],[-70.44703125000046,43.281562500000064],[-70.4472395833338,43.28281250000006],[-70.44942708333379,43.2847395833334],[-70.44963541666712,43.28661458333339],[-70.4503645833338,43.28755208333339],[-70.4503645833338,43.28911458333339],[-70.4497395833338,43.28973958333339]],[[-70.4802604166671,43.12067708333355],[-70.47864583333376,43.118072916666875],[-70.47739583333377,43.11786458333355],[-70.47677083333376,43.11723958333354],[-70.47239583333376,43.11723958333354],[-70.46973958333378,43.119895833333544],[-70.46973958333378,43.12427083333354],[-70.4729166666671,43.12760416666687],[-70.4760416666671,43.12791666666687],[-70.4779166666671,43.12760416666687],[-70.47942708333376,43.12614583333354],[-70.4796354166671,43.12489583333354],[-70.48036458333377,43.12380208333354],[-70.4802604166671,43.12067708333355]],[[-70.4804166666671,43.30656250000004],[-70.4765104166671,43.30640625000004],[-70.47531250000043,43.3077604166667],[-70.4738541666671,43.3080729166667],[-70.47281250000043,43.30942708333337],[-70.47156250000045,43.309739583333375],[-70.47130208333377,43.311614583333366],[-70.47255208333377,43.31286458333337],[-70.47442708333377,43.3127604166667],[-70.47468750000043,43.312239583333366],[-70.47593750000044,43.31203125000004],[-70.47687500000043,43.31125000000004],[-70.47927083333377,43.3122916666667],[-70.47973958333377,43.315208333333366],[-70.48093750000044,43.31625000000003],[-70.48135416666709,43.315572916666696],[-70.4826041666671,43.31500000000003],[-70.48286458333376,43.31000000000004],[-70.4826041666671,43.30875000000004],[-70.4804166666671,43.30656250000004]],[[-70.4736979166671,43.269062500000075],[-70.47380208333377,43.27010416666674],[-70.47427083333378,43.27041666666674],[-70.47609375000043,43.26854166666674],[-70.47598958333376,43.266041666666744],[-70.47468750000044,43.265416666666745],[-70.47234375000043,43.26557291666674],[-70.47208333333377,43.26593750000008],[-70.4727604166671,43.26640625000008],[-70.47296875000043,43.26828125000007],[-70.4736979166671,43.269062500000075]],[[-70.47973958333377,43.26942708333341],[-70.48145833333376,43.27109375000007],[-70.48437500000043,43.27140625000007],[-70.48505208333376,43.272031250000076],[-70.48708333333376,43.271770833333406],[-70.48786458333376,43.27078125000007],[-70.48786458333376,43.26921875000007],[-70.48614583333375,43.26723958333341],[-70.48489583333377,43.26713541666675],[-70.48442708333376,43.26776041666674],[-70.48364583333375,43.26791666666674],[-70.48255208333376,43.26786458333341],[-70.48114583333376,43.26708333333341],[-70.47973958333375,43.267552083333406],[-70.47973958333377,43.26942708333341]],[[-70.53270833333372,43.14010416666686],[-70.53291666666705,43.13937500000019],[-70.53119791666705,43.13885416666686],[-70.5271875000004,43.13875000000019],[-70.52432291666705,43.13921875000019],[-70.52375000000039,43.13968750000019],[-70.52437500000039,43.141093750000195],[-70.52583333333372,43.14125000000019],[-70.52864583333371,43.140260416666855],[-70.52906250000038,43.139583333333526],[-70.52979166666705,43.140260416666855],[-70.53166666666705,43.14041666666686],[-70.53270833333372,43.14010416666686]],[[-70.54140625000038,43.1321875000002],[-70.54119791666704,43.1334375000002],[-70.54041666666704,43.13427083333353],[-70.54244791666704,43.13463541666687],[-70.5430208333337,43.13526041666686],[-70.5439583333337,43.13541666666686],[-70.54609375000037,43.13364583333353],[-70.54619791666704,43.13239583333353],[-70.5452083333337,43.1314062500002],[-70.54229166666704,43.1314062500002],[-70.54140625000038,43.1321875000002]],[[-70.56947916666701,43.058750000000266],[-70.57208333333368,43.059062500000266],[-70.573854166667,43.06192708333359],[-70.57541666666701,43.0617708333336],[-70.57572916666702,43.0613020833336],[-70.576979166667,43.06109375000026],[-70.57822916666701,43.059635416666936],[-70.58343750000034,43.05781250000027],[-70.58375000000034,43.05687500000027],[-70.58296875000033,43.056354166666935],[-70.58114583333366,43.05625000000027],[-70.57984375000034,43.056406250000265],[-70.57895833333367,43.05703125000027],[-70.57645833333368,43.0569270833336],[-70.574479166667,43.0547395833336],[-70.57302083333367,43.0544270833336],[-70.57109375000034,43.0522395833336],[-70.56890625000034,43.052395833333605],[-70.56796875000035,43.05468750000027],[-70.56817708333368,43.05781250000027],[-70.56947916666701,43.058750000000266]],[[-70.58473958333367,43.053906250000274],[-70.58458333333367,43.05468750000027],[-70.58473958333367,43.05609375000027],[-70.586041666667,43.05546875000027],[-70.588541666667,43.05526041666693],[-70.58942708333366,43.05447916666694],[-70.58958333333366,43.05354166666694],[-70.58802083333367,43.05291666666694],[-70.58567708333366,43.053072916666935],[-70.58473958333367,43.053906250000274]],[[-70.59598958333365,43.07572916666692],[-70.59234375000032,43.075572916666914],[-70.59046875000033,43.07723958333358],[-70.589635416667,43.07838541666691],[-70.589635416667,43.07994791666691],[-70.59093750000034,43.081250000000246],[-70.59192708333366,43.08026041666692],[-70.59223958333367,43.07807291666692],[-70.59312500000033,43.07723958333358],[-70.59604166666699,43.07677083333358],[-70.59598958333365,43.07572916666692]],[[-70.61187500000031,43.03973958333361],[-70.61322916666698,43.04119791666695],[-70.61427083333365,43.041145833333616],[-70.61442708333364,43.039687500000284],[-70.61380208333364,43.03927083333362],[-70.61380208333364,43.03822916666695],[-70.61708333333364,43.035104166666954],[-70.61557291666698,43.033489583333626],[-70.61505208333364,43.03036458333362],[-70.61432291666698,43.029843750000296],[-70.60994791666698,43.02895833333363],[-70.60942708333364,43.02645833333363],[-70.60807291666698,43.0253125000003],[-70.60776041666698,43.023854166666965],[-70.60531250000031,43.0214062500003],[-70.60406250000032,43.02119791666697],[-70.60307291666699,43.02036458333364],[-70.60286458333366,43.01973958333363],[-70.60140625000032,43.018645833333636],[-70.60109375000032,43.017187500000304],[-70.600104166667,43.01630208333364],[-70.59885416666698,43.0160937500003],[-70.59723958333366,43.01447916666697],[-70.59677083333366,43.01302083333364],[-70.595729166667,43.012864583333645],[-70.59479166666699,43.01213541666698],[-70.59208333333366,43.01239583333364],[-70.59130208333366,43.013229166666974],[-70.59130208333366,43.01427083333364],[-70.59203125000033,43.01489583333364],[-70.59223958333367,43.01614583333364],[-70.59302083333365,43.016927083333634],[-70.59427083333367,43.01734375000031],[-70.59473958333366,43.02098958333364],[-70.59536458333366,43.022343750000296],[-70.59526041666699,43.0267187500003],[-70.59380208333366,43.02822916666696],[-70.59390625000033,43.02947916666696],[-70.59442708333366,43.029531250000296],[-70.59552083333365,43.02807291666696],[-70.59677083333366,43.02786458333363],[-70.59723958333365,43.027239583333625],[-70.59942708333365,43.027239583333625],[-70.60026041666698,43.028072916666964],[-70.60088541666698,43.03026041666696],[-70.60244791666699,43.03036458333363],[-70.60343750000033,43.029583333333626],[-70.60453125000032,43.030885416666955],[-70.60442708333365,43.03276041666696],[-70.60312500000032,43.03375000000029],[-70.60218750000031,43.033593750000286],[-70.60156250000031,43.03291666666696],[-70.60125000000032,43.03395833333362],[-70.60156250000033,43.034479166666955],[-70.60260416666699,43.03463541666696],[-70.60338541666698,43.035364583333624],[-70.60526041666698,43.03557291666695],[-70.60588541666698,43.03619791666696],[-70.60776041666698,43.03640625000028],[-70.60859375000031,43.03723958333362],[-70.60875000000031,43.03864583333362],[-70.60937500000031,43.03942708333362],[-70.61187500000031,43.03973958333361]],[[-70.59223958333367,43.04057291666695],[-70.59218750000032,43.042447916666944],[-70.59364583333365,43.043072916666944],[-70.59385416666699,43.04359375000028],[-70.59479166666699,43.04375000000028],[-70.59609375000032,43.042708333333614],[-70.59604166666699,43.04020833333362],[-70.59500000000033,43.03958333333362],[-70.59312500000033,43.03973958333361],[-70.59223958333367,43.04057291666695]],[[-70.600104166667,42.99046875000033],[-70.60104166666699,42.991197916667],[-70.60312500000032,42.99109375000033],[-70.60375000000032,42.99031250000033],[-70.60359375000031,42.98890625000033],[-70.60229166666699,42.987916666667],[-70.60057291666699,42.988697916667],[-70.59776041666699,42.98546875000034],[-70.59723958333366,42.98546875000034],[-70.59640625000033,42.986406250000336],[-70.596197916667,42.98828125000033],[-70.59546875000032,42.98906250000033],[-70.59531250000032,42.990104166666995],[-70.59385416666699,42.99057291666699],[-70.59223958333367,42.992239583333664],[-70.59223958333365,42.994114583333655],[-70.59364583333365,42.99458333333366],[-70.59526041666699,42.993697916666996],[-70.59718750000032,42.991406250000324],[-70.59843750000033,42.991197916667],[-70.59906250000033,42.99046875000033],[-70.600104166667,42.99046875000033]],[[-70.60989583333365,43.00713541666698],[-70.61114583333364,43.00692708333364],[-70.61369791666698,43.004114583333646],[-70.6135937500003,43.002239583333655],[-70.61125000000031,43.000104166666986],[-70.61223958333365,42.99880208333366],[-70.61354166666698,42.999531250000324],[-70.6156250000003,42.999531250000324],[-70.61656250000031,42.99880208333366],[-70.6178125000003,42.99859375000032],[-70.61817708333363,42.998072916666985],[-70.62598958333362,42.99692708333365],[-70.62635416666696,42.99640625000032],[-70.62781250000029,42.99593750000032],[-70.62796875000029,42.99489583333366],[-70.62869791666697,42.994114583333655],[-70.62859375000029,42.992239583333664],[-70.62776041666696,42.991406250000324],[-70.62557291666695,42.991093750000324],[-70.62531250000029,42.99057291666699],[-70.6240625000003,42.99015625000033],[-70.6234375000003,42.98625000000033],[-70.6203125000003,42.983072916667],[-70.61885416666696,42.982760416667],[-70.61708333333364,42.980729166667004],[-70.61828125000031,42.97973958333367],[-70.6226562500003,42.97963541666701],[-70.62531250000029,42.980572916667],[-70.62572916666697,42.98119791666701],[-70.62697916666696,42.98140625000033],[-70.6281250000003,42.982760416667],[-70.6306250000003,42.98286458333367],[-70.63192708333362,42.98203125000034],[-70.63286458333363,42.98093750000034],[-70.63307291666696,42.97968750000034],[-70.63369791666696,42.97927083333367],[-70.6339062500003,42.97802083333367],[-70.63442708333362,42.97776041666701],[-70.63442708333362,42.97557291666701],[-70.63239583333362,42.97390625000034],[-70.62614583333364,42.97364583333368],[-70.62510416666696,42.973437500000344],[-70.62458333333363,42.97270833333368],[-70.62489583333364,42.972187500000345],[-70.62614583333362,42.971927083333675],[-70.62640625000029,42.97140625000034],[-70.63187500000029,42.970104166667014],[-70.63322916666696,42.96718750000035],[-70.63427083333363,42.96713541666702],[-70.63473958333363,42.967864583333686],[-70.63526041666695,42.96781250000035],[-70.63536458333363,42.96656250000035],[-70.63447916666695,42.965572916667014],[-70.63302083333362,42.965260416667014],[-70.63083333333363,42.963072916667016],[-70.6250000000003,42.96276041666702],[-70.62364583333363,42.96208333333369],[-70.62223958333362,42.962239583333684],[-70.6210937500003,42.96369791666702],[-70.6204687500003,42.96390625000035],[-70.6204687500003,42.96442708333368],[-70.62119791666697,42.96505208333368],[-70.62119791666697,42.96661458333368],[-70.6204687500003,42.96755208333368],[-70.62026041666697,42.969427083333684],[-70.61958333333364,42.96989583333368],[-70.6210937500003,42.971510416667016],[-70.6212500000003,42.97385416666701],[-70.6207812500003,42.975156250000346],[-70.6192187500003,42.97536458333368],[-70.61843750000031,42.97463541666701],[-70.61739583333365,42.97447916666701],[-70.61692708333364,42.97302083333368],[-70.6159375000003,42.972239583333675],[-70.61218750000032,42.972135416667015],[-70.61057291666698,42.97302083333368],[-70.61010416666699,42.97447916666701],[-70.60718750000031,42.975572916667005],[-70.60692708333364,42.97609375000034],[-70.60473958333364,42.97640625000034],[-70.60281250000031,42.978593750000336],[-70.60156250000033,42.97869791666701],[-70.60109375000032,42.97796875000034],[-70.60057291666699,42.97802083333367],[-70.59942708333365,42.98114583333367],[-70.598072916667,42.98223958333367],[-70.59802083333365,42.984114583333664],[-70.60000000000032,42.985260416666996],[-70.60375000000032,42.985416666667],[-70.60583333333365,42.986197916666995],[-70.60640625000032,42.989322916667],[-70.60776041666698,42.990677083333665],[-70.60807291666698,42.994322916666995],[-70.61041666666698,42.996770833333656],[-70.60937500000031,42.997760416666985],[-70.60687500000031,42.997968750000325],[-70.60578125000032,42.99859375000032],[-70.59875000000032,42.99906250000032],[-70.59697916666698,43.00192708333365],[-70.595729166667,43.00213541666699],[-70.59463541666699,43.00307291666698],[-70.59380208333366,43.00421875000031],[-70.59390625000033,43.00609375000032],[-70.59723958333365,43.00942708333364],[-70.59864583333365,43.009583333333644],[-70.60010416666698,43.00890625000031],[-70.60739583333364,43.00859375000031],[-70.60822916666699,43.007968750000316],[-70.60947916666697,43.007760416666976],[-70.60989583333365,43.00713541666698]],[[-70.59723958333366,42.97390625000035],[-70.59708333333366,42.97531250000034],[-70.59739583333366,42.976093750000345],[-70.59864583333365,42.97640625000034],[-70.600104166667,42.97791666666701],[-70.60119791666699,42.97562500000034],[-70.60119791666699,42.97354166666701],[-70.60031250000031,42.972239583333675],[-70.59937500000032,42.97208333333368],[-70.59723958333366,42.97390625000035]],[[-70.60239583333366,42.96036458333369],[-70.60192708333365,42.959739583333686],[-70.60005208333365,42.95963541666703],[-70.598072916667,42.96140625000036],[-70.59796875000032,42.96328125000035],[-70.59973958333364,42.965260416667014],[-70.60192708333365,42.965260416667014],[-70.60442708333365,42.962812500000354],[-70.60453125000032,42.961562500000355],[-70.60364583333364,42.96057291666702],[-70.60239583333366,42.96036458333369]],[[-70.63723958333362,43.05479166666694],[-70.63885416666695,43.053072916666935],[-70.64031250000028,43.052760416666935],[-70.64119791666695,43.051770833333606],[-70.64119791666695,43.05072916666694],[-70.64057291666695,43.050312500000274],[-70.64020833333362,43.049062500000275],[-70.63708333333362,43.048437500000276],[-70.63869791666696,43.04677083333361],[-70.6384375000003,43.04552083333361],[-70.63718750000028,43.04557291666694],[-70.63640625000029,43.046354166666944],[-70.63614583333361,43.04760416666694],[-70.63468750000028,43.04807291666694],[-70.63432291666695,43.04859375000027],[-70.63119791666696,43.04885416666694],[-70.63041666666696,43.049375000000275],[-70.63057291666696,43.050312500000274],[-70.63276041666695,43.05223958333361],[-70.63286458333363,43.0541145833336],[-70.63197916666695,43.05526041666693],[-70.62885416666695,43.056406250000265],[-70.62807291666697,43.05718750000027],[-70.62791666666696,43.05812500000027],[-70.62979166666696,43.06026041666693],[-70.63166666666696,43.06041666666693],[-70.63427083333363,43.05953125000027],[-70.63489583333363,43.0588020833336],[-70.63614583333361,43.05859375000026],[-70.63692708333362,43.0577083333336],[-70.63723958333362,43.05479166666694]],[[-70.65359375000027,42.97052083333368],[-70.65390625000028,42.97197916666701],[-70.6547395833336,42.97276041666701],[-70.6570833333336,42.97260416666701],[-70.65822916666694,42.97130208333368],[-70.65927083333361,42.971197916667016],[-70.6600520833336,42.97046875000035],[-70.6619270833336,42.97026041666701],[-70.66369791666693,42.96843750000035],[-70.66359375000026,42.96718750000035],[-70.66140625000027,42.96531250000035],[-70.66093750000027,42.96375000000035],[-70.65927083333361,42.96536458333369],[-70.65822916666694,42.965468750000355],[-70.65744791666694,42.96619791666702],[-70.65557291666693,42.96640625000035],[-70.65296875000027,42.96906250000035],[-70.65296875000027,42.970104166667014],[-70.65359375000027,42.97052083333368]],[[-70.65713541666693,43.00223958333365],[-70.65713541666693,43.00276041666698],[-70.65776041666693,43.00302083333365],[-70.65812500000027,43.00427083333365],[-70.66000000000027,43.00458333333365],[-70.66104166666693,43.004114583333646],[-70.66109375000026,43.002239583333655],[-70.65994791666694,43.001302083333655],[-70.65807291666692,43.001406250000315],[-70.65713541666693,43.00223958333365]],[[-70.67625000000025,43.022604166666966],[-70.67458333333359,43.019895833333635],[-70.67067708333359,43.01942708333363],[-70.66760416666692,43.0164062500003],[-70.66385416666694,43.01630208333364],[-70.66213541666693,43.017239583333634],[-70.66218750000026,43.01776041666697],[-70.66364583333359,43.018072916666966],[-70.66635416666692,43.0210937500003],[-70.66947916666692,43.02223958333363],[-70.6703645833336,43.023229166666965],[-70.67057291666693,43.024479166666964],[-70.67109375000025,43.024739583333634],[-70.67156250000026,43.02692708333363],[-70.67395833333359,43.02791666666696],[-70.67447916666691,43.02729166666696],[-70.67473958333359,43.024791666666964],[-70.67536458333359,43.02427083333363],[-70.67557291666692,43.02302083333363],[-70.67625000000025,43.022604166666966]],[[-70.70359375000022,42.99859375000032],[-70.70218750000024,42.99875000000032],[-70.69968750000022,42.997760416666985],[-70.6980729166669,42.99609375000033],[-70.69692708333356,42.99140625000033],[-70.69578125000024,42.99046875000033],[-70.69421875000023,42.99046875000033],[-70.69312500000024,42.99125000000033],[-70.69218750000023,42.991093750000324],[-70.69177083333358,42.99046875000033],[-70.69072916666691,42.99046875000033],[-70.69031250000023,42.991093750000324],[-70.6888541666669,42.991718750000324],[-70.68880208333357,42.99328125000032],[-70.68942708333357,42.99385416666699],[-70.68958333333357,42.99479166666699],[-70.68864583333357,42.99609375000032],[-70.68739583333358,42.99619791666699],[-70.68687500000024,42.99557291666699],[-70.68500000000024,42.99541666666699],[-70.68395833333358,42.99557291666699],[-70.68296875000024,42.99656250000032],[-70.68307291666692,42.99781250000032],[-70.68406250000024,42.99859375000032],[-70.68781250000025,42.99880208333366],[-70.68921875000024,42.999531250000324],[-70.69031250000023,42.99958333333365],[-70.69109375000023,42.99942708333365],[-70.69203125000024,42.99828125000032],[-70.69203125000024,42.99671875000032],[-70.69125000000024,42.99572916666699],[-70.69395833333357,42.99546875000033],[-70.6952604166669,42.99635416666699],[-70.69640625000024,42.99947916666699],[-70.6979166666669,43.00093750000032],[-70.7026041666669,43.00125000000032],[-70.7049479166669,43.000781250000315],[-70.70541666666689,43.00031250000032],[-70.70526041666689,42.998906250000324],[-70.70427083333357,42.99791666666699],[-70.70359375000022,42.99859375000032]],[[-70.69359375000023,43.01364583333364],[-70.69359375000023,43.01218750000031],[-70.69192708333357,43.01057291666697],[-70.69005208333357,43.010468750000314],[-70.68927083333358,43.01119791666698],[-70.68802083333357,43.011406250000306],[-70.68557291666691,43.013854166666974],[-70.6852604166669,43.015312500000306],[-70.68307291666692,43.01723958333364],[-70.68322916666692,43.01942708333364],[-70.6844791666669,43.01973958333363],[-70.68473958333357,43.020260416666964],[-70.68614583333357,43.02041666666697],[-70.68692708333357,43.019635416666965],[-70.68708333333358,43.0178125000003],[-70.68786458333358,43.016510416666975],[-70.69098958333356,43.0160937500003],[-70.69359375000023,43.01364583333364]],[[-70.75906250000018,42.88963541666709],[-70.76031250000017,42.88942708333375],[-70.76223958333351,42.88713541666709],[-70.76286458333351,42.88692708333375],[-70.76369791666684,42.885312500000424],[-70.7636458333335,42.88218750000043],[-70.76312500000017,42.88125000000043],[-70.76218750000017,42.88093750000043],[-70.76125000000017,42.8785416666671],[-70.76156250000018,42.878020833333764],[-70.76260416666685,42.877968750000434],[-70.76473958333351,42.880364583333765],[-70.76526041666683,42.880364583333765],[-70.76609375000017,42.879427083333766],[-70.7663020833335,42.87755208333376],[-70.76703125000017,42.87661458333376],[-70.7670833333335,42.875520833333766],[-70.7666145833335,42.87473958333377],[-70.7650520833335,42.87453125000044],[-70.7638020833335,42.87380208333377],[-70.7606770833335,42.87390625000043],[-70.7586458333335,42.87609375000043],[-70.7555208333335,42.87723958333376],[-70.75473958333352,42.878020833333764],[-70.75447916666684,42.87927083333376],[-70.75302083333351,42.87973958333376],[-70.75223958333352,42.8805729166671],[-70.75213541666685,42.88244791666709],[-70.75276041666685,42.883125000000426],[-70.75291666666685,42.88416666666709],[-70.75260416666686,42.88604166666709],[-70.75135416666684,42.88609375000042],[-70.74906250000018,42.883750000000425],[-70.74864583333351,42.884427083333755],[-70.74718750000018,42.884739583333754],[-70.74614583333351,42.88609375000042],[-70.74468750000018,42.88640625000042],[-70.74296875000019,42.88822916666709],[-70.74307291666686,42.88947916666709],[-70.74401041666685,42.89026041666708],[-70.74765625000018,42.89057291666708],[-70.74838541666685,42.89119791666709],[-70.75026041666685,42.891406250000415],[-70.75093750000019,42.89208333333375],[-70.75151041666685,42.891406250000415],[-70.75463541666684,42.89119791666709],[-70.75604166666685,42.89046875000042],[-70.75854166666684,42.89026041666708],[-70.75906250000018,42.88963541666709]],[[-70.77390625000015,42.871041666667104],[-70.77385416666682,42.873125000000435],[-70.77593750000017,42.87458333333377],[-70.77692708333349,42.87359375000044],[-70.77703125000016,42.87171875000043],[-70.77609375000016,42.8705729166671],[-70.77468750000017,42.870416666667104],[-70.77390625000015,42.871041666667104]]]}},{"type":"Feature","properties":{"min_depth":20,"max_depth":40},"geometry":{"type":"Polygon","coordinates":[[[-70.38885416666719,43.336250000000014],[-70.3901562500005,43.33687500000001],[-70.3901562500005,43.338958333333345],[-70.38885416666719,43.339583333333344],[-70.38651041666718,43.33942708333334],[-70.38546875000051,43.33859375000001],[-70.38651041666718,43.336562500000014],[-70.38885416666719,43.336250000000014]]]}},{"type":"Feature","properties":{"min_depth":20,"max_depth":40},"geometry":{"type":"Polygon","coordinates":[[[-70.41526041666715,43.25187500000009],[-70.41473958333383,43.25218750000009],[-70.41442708333382,43.25343750000009],[-70.41364583333382,43.25375000000009],[-70.41255208333382,43.253489583333426],[-70.41223958333381,43.252968750000086],[-70.41192708333382,43.249843750000096],[-70.41057291666716,43.2476562500001],[-70.40994791666716,43.24401041666677],[-70.4065625000005,43.242864583333436],[-70.40557291666717,43.2418750000001],[-70.40557291666717,43.238958333333436],[-70.40739583333384,43.237135416666774],[-70.4084375000005,43.237135416666774],[-70.40885416666715,43.23776041666677],[-70.40979166666716,43.23791666666677],[-70.41140625000048,43.2364062500001],[-70.41281250000048,43.236250000000105],[-70.41531250000048,43.237239583333434],[-70.41557291666714,43.23776041666677],[-70.41791666666715,43.23822916666677],[-70.41635416666715,43.2393750000001],[-70.41630208333382,43.24145833333343],[-70.41708333333382,43.24302083333343],[-70.41677083333383,43.244427083333434],[-70.41552083333382,43.24442708333343],[-70.41395833333382,43.242916666666765],[-70.41302083333382,43.24307291666676],[-70.41213541666716,43.2440625000001],[-70.41223958333383,43.2453125000001],[-70.41442708333382,43.247187500000095],[-70.41463541666715,43.248437500000094],[-70.41536458333383,43.24937500000009],[-70.41526041666715,43.25187500000009]]]}},{"type":"Feature","properties":{"min_depth":20,"max_depth":40},"geometry":{"type":"Polygon","coordinates":[[[-70.41760416666716,43.3113541666667],[-70.41776041666715,43.312812500000035],[-70.41609375000048,43.314427083333364],[-70.41390625000048,43.314427083333364],[-70.41364583333382,43.31390625000003],[-70.41239583333383,43.313697916666705],[-70.4114062500005,43.31286458333337],[-70.41119791666716,43.312239583333366],[-70.40973958333383,43.31109375000004],[-70.40984375000049,43.309218750000035],[-70.41114583333382,43.30875000000004],[-70.41348958333381,43.308906250000035],[-70.41468750000048,43.3102604166667],[-70.41760416666716,43.3113541666667]]]}},{"type":"Feature","properties":{"min_depth":20,"max_depth":40},"geometry":{"type":"Polygon","coordinates":[[[-70.4503645833338,43.21005208333346],[-70.45026041666712,43.211927083333464],[-70.44776041666712,43.214427083333455],[-70.44557291666712,43.214427083333455],[-70.44281250000046,43.211406250000124],[-70.44156250000047,43.2111979166668],[-70.44046875000046,43.21026041666679],[-70.4397395833338,43.209427083333466],[-70.4394270833338,43.20723958333347],[-70.43796875000046,43.20593750000013],[-70.43807291666714,43.204687500000134],[-70.43859375000046,43.204635416666804],[-70.4388020833338,43.205260416666796],[-70.44000000000047,43.20609375000013],[-70.4458333333338,43.20640625000013],[-70.44671875000046,43.207031250000135],[-70.44859375000046,43.20723958333346],[-70.44942708333379,43.208020833333464],[-70.44963541666712,43.20927083333346],[-70.4503645833338,43.21005208333346]]]}},{"type":"Feature","properties":{"min_depth":20,"max_depth":40},"geometry":{"type":"Polygon","coordinates":[[[-70.45286458333379,43.150260416666846],[-70.45223958333379,43.150468750000186],[-70.45109375000045,43.15192708333351],[-70.44921875000045,43.15182291666685],[-70.44875000000046,43.150520833333516],[-70.44890625000046,43.14817708333352],[-70.44953125000046,43.14760416666685],[-70.4497395833338,43.14635416666685],[-70.45145833333379,43.14473958333352],[-70.45437500000045,43.14473958333352],[-70.45536458333379,43.145729166666854],[-70.45526041666712,43.14697916666685],[-70.45390625000046,43.14802083333352],[-70.45369791666712,43.14927083333352],[-70.45286458333379,43.150260416666846]]]}},{"type":"Feature","properties":{"min_depth":20,"max_depth":40},"geometry":{"type":"Polygon","coordinates":[[[-70.45625000000045,43.13427083333353],[-70.45609375000045,43.13755208333353],[-70.45515625000044,43.13859375000019],[-70.45151041666712,43.138437500000194],[-70.45130208333379,43.13739583333353],[-70.45203125000046,43.13677083333353],[-70.45223958333379,43.13552083333353],[-70.45276041666712,43.13526041666687],[-70.45307291666713,43.13307291666687],[-70.45390625000044,43.13223958333353],[-70.45531250000045,43.13208333333353],[-70.45578125000046,43.13244791666687],[-70.45625000000045,43.13427083333353]]]}},{"type":"Feature","properties":{"min_depth":20,"max_depth":40},"geometry":{"type":"Polygon","coordinates":[[[-70.46791666666711,43.33125000000002],[-70.46791666666711,43.33208333333335],[-70.46541666666711,43.33208333333335],[-70.46541666666711,43.32791666666669],[-70.46875000000044,43.32791666666669],[-70.46875000000044,43.33125000000002],[-70.46791666666711,43.33125000000002]]]}},{"type":"Feature","properties":{"min_depth":20,"max_depth":40},"geometry":{"type":"Polygon","coordinates":[[[-70.48192708333376,43.10234375000023],[-70.48192708333376,43.10598958333356],[-70.48093750000042,43.10692708333355],[-70.47718750000044,43.10692708333356],[-70.47625000000043,43.10614583333356],[-70.4761979166671,43.105052083333554],[-70.4755729166671,43.10447916666689],[-70.4754166666671,43.10354166666689],[-70.47656250000043,43.10156250000023],[-70.48031250000044,43.101302083333564],[-70.48125000000043,43.10156250000023],[-70.48192708333376,43.10234375000023]]]}},{"type":"Feature","properties":{"min_depth":20,"max_depth":40},"geometry":{"type":"Polygon","coordinates":[[[-70.49041666666709,43.2415625000001],[-70.48864583333375,43.24442708333343],[-70.48739583333376,43.24463541666677],[-70.48645833333376,43.24541666666676],[-70.4841666666671,43.24458333333343],[-70.4822916666671,43.24473958333343],[-70.48192708333376,43.24536458333343],[-70.48140625000043,43.24536458333343],[-70.4796354166671,43.2434375000001],[-70.47953125000043,43.24239583333343],[-70.47880208333376,43.24161458333343],[-70.47880208333376,43.24005208333343],[-70.47942708333376,43.2393750000001],[-70.47973958333377,43.23645833333344],[-70.48052083333376,43.23557291666677],[-70.48177083333377,43.23536458333344],[-70.48218750000042,43.234739583333436],[-70.48343750000043,43.23453125000011],[-70.48395833333376,43.2339062500001],[-70.48645833333376,43.23343750000011],[-70.48708333333376,43.23187500000011],[-70.48739583333375,43.22875000000011],[-70.49093750000043,43.22541666666678],[-70.49119791666709,43.23083333333344],[-70.49093750000043,43.23208333333344],[-70.48973958333376,43.233177083333445],[-70.48973958333376,43.236822916666775],[-70.49156250000041,43.2387500000001],[-70.49255208333375,43.23796875000011],[-70.49442708333375,43.238072916666766],[-70.49526041666708,43.238906250000106],[-70.49541666666708,43.2403125000001],[-70.49447916666709,43.241093750000104],[-70.49041666666709,43.2415625000001]]]}},{"type":"Feature","properties":{"min_depth":20,"max_depth":40},"geometry":{"type":"Polygon","coordinates":[[[-70.53812500000038,43.05796875000027],[-70.53953125000038,43.05890625000026],[-70.53953125000038,43.059427083333595],[-70.53729166666704,43.061250000000264],[-70.53635416666704,43.06109375000026],[-70.53526041666704,43.059635416666936],[-70.53463541666704,43.059427083333595],[-70.53463541666704,43.05890625000026],[-70.53562500000038,43.05807291666693],[-70.53812500000038,43.05796875000027]]]}},{"type":"Feature","properties":{"min_depth":20,"max_depth":40},"geometry":{"type":"Polygon","coordinates":[[[-70.56979166666702,43.011302083333646],[-70.57109375000034,43.01218750000031],[-70.57109375000034,43.01364583333364],[-70.56947916666701,43.01458333333364],[-70.568072916667,43.014427083333636],[-70.56723958333369,43.01359375000031],[-70.56708333333368,43.01218750000031],[-70.56770833333368,43.01140625000031],[-70.56979166666702,43.011302083333646]]]}},{"type":"Feature","properties":{"min_depth":20,"max_depth":40},"geometry":{"type":"Polygon","coordinates":[[[-70.59005208333366,43.0996354166669],[-70.59114583333366,43.09958333333356],[-70.59192708333366,43.10005208333356],[-70.59203125000033,43.10161458333356],[-70.59140625000033,43.10218750000023],[-70.59125000000033,43.103125000000226],[-70.59156250000034,43.10364583333356],[-70.592916666667,43.104062500000225],[-70.59125000000033,43.10510416666689],[-70.589166666667,43.10541666666689],[-70.588541666667,43.10515625000023],[-70.587916666667,43.10385416666689],[-70.588072916667,43.1015104166669],[-70.59005208333366,43.0996354166669]]]}},{"type":"Feature","properties":{"min_depth":20,"max_depth":40},"geometry":{"type":"Polygon","coordinates":[[[-70.61369791666698,43.11843750000021],[-70.61369791666698,43.117395833333546],[-70.61125000000031,43.11489583333355],[-70.61239583333364,43.113750000000216],[-70.61338541666697,43.11453125000022],[-70.61526041666697,43.11427083333355],[-70.61557291666698,43.11302083333355],[-70.61619791666698,43.11244791666688],[-70.61619791666698,43.11088541666688],[-70.61473958333364,43.10937500000022],[-70.61442708333364,43.106458333333556],[-70.6128125000003,43.104739583333554],[-70.61156250000032,43.10453125000023],[-70.61057291666698,43.10364583333356],[-70.61046875000031,43.10239583333356],[-70.61177083333365,43.10125000000023],[-70.6121875000003,43.10192708333356],[-70.61343750000032,43.1021354166669],[-70.61406250000032,43.10286458333356],[-70.61510416666698,43.10286458333356],[-70.61692708333364,43.10114583333356],[-70.61723958333364,43.09968750000023],[-70.61843750000031,43.09875000000023],[-70.61869791666697,43.10145833333356],[-70.61723958333364,43.103072916666896],[-70.61713541666697,43.10494791666689],[-70.62276041666696,43.11062500000022],[-70.62276041666696,43.11354166666688],[-70.62114583333363,43.11526041666688],[-70.61989583333364,43.115572916666885],[-70.61958333333364,43.11635416666688],[-70.61973958333364,43.11776041666688],[-70.62208333333363,43.12010416666688],[-70.6207812500003,43.121093750000206],[-70.61515625000031,43.121302083333546],[-70.61307291666698,43.12203125000021],[-70.61208333333364,43.12093750000021],[-70.61286458333365,43.12010416666688],[-70.61307291666698,43.11885416666688],[-70.61369791666698,43.11843750000021]]]}},{"type":"Feature","properties":{"min_depth":20,"max_depth":40},"geometry":{"type":"Polygon","coordinates":[[[-70.62427083333364,43.10536458333356],[-70.62479166666697,43.104739583333554],[-70.62770833333363,43.10489583333356],[-70.62760416666697,43.10614583333356],[-70.6265625000003,43.10630208333356],[-70.62614583333362,43.10692708333355],[-70.62489583333364,43.10713541666689],[-70.62458333333363,43.10760416666689],[-70.62255208333363,43.10781250000022],[-70.62208333333363,43.10729166666689],[-70.62213541666696,43.10656250000022],[-70.62302083333363,43.10557291666689],[-70.62427083333364,43.10536458333356]]]}},{"type":"Feature","properties":{"min_depth":20,"max_depth":40},"geometry":{"type":"Polygon","coordinates":[[[-70.62557291666697,43.085520833333575],[-70.6262500000003,43.084895833333576],[-70.6303125000003,43.08463541666691],[-70.63187500000029,43.08536458333358],[-70.63395833333362,43.08536458333358],[-70.63505208333362,43.08463541666691],[-70.63692708333362,43.08442708333357],[-70.63729166666695,43.08390625000024],[-70.63916666666695,43.083750000000244],[-70.64020833333362,43.08406250000024],[-70.64057291666695,43.08531250000024],[-70.64125000000028,43.08572916666691],[-70.64057291666695,43.08635416666691],[-70.64010416666696,43.08781250000024],[-70.63828125000029,43.088593750000236],[-70.6326562500003,43.08869791666691],[-70.6296875000003,43.08791666666691],[-70.62890625000028,43.0883854166669],[-70.6287500000003,43.089479166666905],[-70.62781250000029,43.090416666666904],[-70.62640625000029,43.089791666666905],[-70.6260937500003,43.08729166666691],[-70.62541666666696,43.086458333333574],[-70.62557291666697,43.085520833333575]]]}},{"type":"Feature","properties":{"min_depth":20,"max_depth":40},"geometry":{"type":"Polygon","coordinates":[[[-70.71776041666688,42.829010416667145],[-70.71791666666688,42.83135416666714],[-70.71713541666688,42.832656250000475],[-70.71635416666689,42.83291666666714],[-70.71375000000022,42.83260416666714],[-70.71140625000022,42.830312500000474],[-70.71140625000022,42.82885416666714],[-70.71302083333356,42.82796875000048],[-70.71708333333355,42.82822916666714],[-70.71776041666688,42.829010416667145]]]}},{"type":"Feature","properties":{"min_depth":20,"max_depth":40},"geometry":{"type":"Polygon","coordinates":[[[-70.78125000000016,42.89614583333375],[-70.78229166666682,42.89187500000042],[-70.78333333333349,42.89125000000042],[-70.78479166666682,42.891354166667085],[-70.78541666666682,42.89187500000042],[-70.78526041666682,42.89281250000042],[-70.78291666666682,42.89489583333375],[-70.78359375000015,42.895572916667085],[-70.78343750000016,42.89776041666708],[-70.7823958333335,42.89786458333375],[-70.78140625000016,42.89692708333375],[-70.78125000000016,42.89614583333375]]]}},{"type":"Feature","properties":{"min_depth":40,"max_depth":80},"geometry":{"type":"Polygon","coordinates":[[[-70.38739583333385,43.34963541666667],[-70.38864583333384,43.34942708333333],[-70.38942708333384,43.34854166666667],[-70.38927083333385,43.345625000000005],[-70.38802083333384,43.34526041666667],[-70.38760416666719,43.34458333333334],[-70.38656250000051,43.34541666666667],[-70.38614583333384,43.344739583333336],[-70.38468750000051,43.344427083333336],[-70.38380208333385,43.34343750000001],[-70.38359375000051,43.34218750000001],[-70.38307291666719,43.34187500000001],[-70.38276041666718,43.33937500000001],[-70.3813541666672,43.33875000000001],[-70.38015625000051,43.33942708333334],[-70.37703125000053,43.33973958333335],[-70.37625000000052,43.34052083333334],[-70.37656250000053,43.341927083333346],[-70.37781250000052,43.34223958333334],[-70.37869791666719,43.343541666666674],[-70.37859375000052,43.34604166666667],[-70.37708333333386,43.34770833333334],[-70.37791666666719,43.34979166666667],[-70.3451857728848,43.350191311279396],[-70.21798631800802,43.35034371896557],[-70.219583333334,43.35010416666667],[-70.22223958333399,43.347239583333334],[-70.22442708333399,43.346927083333334],[-70.22468750000066,43.34640625],[-70.22593750000067,43.346197916666675],[-70.22635416666732,43.34557291666667],[-70.22760416666733,43.34536458333334],[-70.22843750000067,43.34458333333334],[-70.22869791666733,43.34119791666667],[-70.22760416666733,43.33885416666668],[-70.22635416666732,43.33859375000001],[-70.22593750000067,43.337968750000016],[-70.224895833334,43.337968750000016],[-70.22390625000067,43.33885416666668],[-70.22359375000066,43.34031250000001],[-70.222708333334,43.341093750000006],[-70.21979166666733,43.341406250000006],[-70.21947916666733,43.34192708333334],[-70.218020833334,43.34239583333334],[-70.217864583334,43.34343750000001],[-70.217239583334,43.343854166666674],[-70.21703125000067,43.34510416666667],[-70.21640625000067,43.34572916666667],[-70.21625000000067,43.34854166666667],[-70.21687500000067,43.35010416666667],[-70.21735561598601,43.35034447465934],[-70.21674953976112,43.350345200847],[-70.19061197916564,43.350299479166665],[-70.18368658335208,43.35026582806942],[-70.19494791666736,43.34979166666667],[-70.19791666666735,43.34916666666667],[-70.19807291666736,43.34729166666667],[-70.19880208333402,43.34640625],[-70.19942708333402,43.346197916666675],[-70.19968750000068,43.34557291666667],[-70.20093750000069,43.34536458333334],[-70.20135416666734,43.344739583333336],[-70.20281250000068,43.34427083333334],[-70.20421875000068,43.34057291666668],[-70.20578125000068,43.340468750000014],[-70.20640625000067,43.341093750000006],[-70.20781250000067,43.34125000000001],[-70.20921875000067,43.340468750000014],[-70.21109375000067,43.34026041666667],[-70.21218750000067,43.33890625000001],[-70.213645833334,43.33843750000001],[-70.21390625000068,43.33718750000001],[-70.21468750000066,43.33640625000001],[-70.21593750000068,43.336197916666684],[-70.21718750000066,43.334739583333345],[-70.218645833334,43.334427083333345],[-70.22276041666733,43.33031250000002],[-70.22307291666733,43.32885416666669],[-70.22776041666732,43.32447916666669],[-70.22802083333399,43.32322916666669],[-70.22947916666732,43.32276041666669],[-70.23093750000066,43.32125000000003],[-70.23171875000065,43.31812500000003],[-70.23359375000065,43.3182291666667],[-70.23385416666731,43.31927083333336],[-70.23531250000065,43.31973958333336],[-70.23723958333397,43.32192708333336],[-70.24192708333398,43.32307291666669],[-70.24239583333399,43.323697916666696],[-70.24364583333397,43.32390625000002],[-70.24390625000063,43.324427083333354],[-70.24578125000065,43.324635416666695],[-70.24640625000063,43.32526041666669],[-70.24828125000064,43.32546875000003],[-70.24906250000063,43.32609375000002],[-70.25343750000063,43.32609375000002],[-70.25406250000064,43.32546875000003],[-70.25531250000063,43.32526041666669],[-70.25609375000063,43.324322916666695],[-70.25640625000064,43.320677083333365],[-70.25723958333397,43.3196354166667],[-70.2582291666673,43.31880208333337],[-70.25947916666729,43.318593750000026],[-70.26302083333395,43.31473958333336],[-70.26447916666729,43.314427083333364],[-70.26635416666728,43.312239583333366],[-70.26781250000062,43.311927083333366],[-70.26885416666728,43.3105729166667],[-70.27031250000061,43.3102604166667],[-70.27135416666728,43.308906250000035],[-70.27281250000061,43.308593750000036],[-70.27442708333395,43.30697916666671],[-70.27468750000061,43.30572916666671],[-70.27614583333394,43.305260416666705],[-70.28057291666727,43.30057291666671],[-70.28276041666727,43.30026041666671],[-70.28567708333394,43.29723958333338],[-70.28880208333393,43.29703125000005],[-70.29005208333393,43.29630208333339],[-70.29192708333393,43.29609375000005],[-70.29302083333393,43.29473958333338],[-70.29614583333392,43.29359375000005],[-70.29718750000059,43.292239583333384],[-70.2984375000006,43.29203125000006],[-70.29921875000059,43.29130208333339],[-70.30109375000059,43.29109375000005],[-70.3020312500006,43.29026041666672],[-70.30192708333392,43.28963541666673],[-70.30046875000059,43.288802083333394],[-70.29734375000059,43.28890625000005],[-70.29656250000059,43.28958333333339],[-70.29614583333392,43.28890625000005],[-70.29520833333393,43.28875000000006],[-70.29406250000059,43.28958333333339],[-70.29364583333393,43.28890625000005],[-70.29239583333394,43.28864583333339],[-70.29192708333393,43.28718750000006],[-70.29130208333393,43.28661458333339],[-70.2910937500006,43.2847395833334],[-70.29057291666727,43.28447916666673],[-70.29036458333394,43.28322916666673],[-70.28963541666727,43.28260416666673],[-70.28942708333393,43.28135416666673],[-70.28880208333393,43.280937500000064],[-70.28973958333394,43.277239583333404],[-70.2920312500006,43.27494791666673],[-70.29192708333393,43.27307291666674],[-70.2914062500006,43.27281250000007],[-70.29119791666727,43.27156250000007],[-70.2904687500006,43.270625000000074],[-70.29057291666727,43.268125000000076],[-70.2910937500006,43.26796875000008],[-70.2914062500006,43.268697916666746],[-70.29270833333393,43.26953125000008],[-70.29479166666727,43.26947916666674],[-70.29541666666726,43.26895833333341],[-70.29526041666726,43.26802083333341],[-70.2943750000006,43.26723958333341],[-70.29145833333394,43.26692708333341],[-70.2903125000006,43.26557291666674],[-70.28906250000061,43.265364583333415],[-70.28807291666728,43.264479166666746],[-70.28786458333394,43.26322916666675],[-70.28713541666727,43.262135416666744],[-70.28713541666727,43.25953125000008],[-70.28786458333394,43.258437500000085],[-70.28807291666728,43.257187500000086],[-70.28885416666726,43.25640625000008],[-70.29010416666728,43.25635416666675],[-70.29057291666727,43.257812500000085],[-70.29135416666726,43.25859375000008],[-70.2928125000006,43.25890625000008],[-70.29369791666727,43.25989583333342],[-70.2939062500006,43.261145833333416],[-70.29552083333392,43.262760416666744],[-70.29677083333394,43.262968750000084],[-70.29770833333393,43.26375000000008],[-70.29942708333392,43.262968750000084],[-70.29963541666726,43.26359375000008],[-70.30109375000059,43.26468750000008],[-70.3014062500006,43.26614583333341],[-70.3020312500006,43.266406250000074],[-70.30130208333392,43.26776041666674],[-70.30270833333392,43.268750000000075],[-70.30375000000059,43.268437500000076],[-70.30307291666726,43.26765625000008],[-70.30291666666726,43.26531250000008],[-70.30307291666726,43.26401041666675],[-70.3039062500006,43.262968750000084],[-70.30442708333392,43.262968750000084],[-70.30489583333393,43.26369791666675],[-70.30614583333391,43.263906250000076],[-70.30692708333392,43.26468750000008],[-70.30713541666725,43.26593750000008],[-70.30776041666725,43.266354166666744],[-70.30822916666726,43.267812500000076],[-70.30947916666724,43.26776041666674],[-70.31026041666725,43.266927083333414],[-70.31041666666725,43.26552083333341],[-70.30973958333392,43.26427083333341],[-70.30958333333392,43.261458333333415],[-70.30895833333392,43.25989583333342],[-70.30645833333392,43.259427083333414],[-70.30447916666725,43.257239583333416],[-70.30302083333392,43.256927083333416],[-70.30223958333393,43.25609375000009],[-70.3020312500006,43.254218750000085],[-70.3014062500006,43.25364583333342],[-70.30125000000059,43.25270833333342],[-70.3020312500006,43.251770833333424],[-70.30218750000058,43.25072916666676],[-70.30270833333392,43.25041666666676],[-70.3034375000006,43.25057291666676],[-70.3039062500006,43.25276041666676],[-70.30505208333392,43.25369791666676],[-70.30692708333392,43.253593750000086],[-70.30838541666725,43.25213541666676],[-70.30994791666726,43.25229166666676],[-70.31057291666725,43.25520833333342],[-70.31119791666725,43.255729166666754],[-70.31140625000059,43.25697916666675],[-70.31239583333392,43.25786458333342],[-70.31343750000059,43.25786458333342],[-70.31432291666724,43.257239583333416],[-70.32234375000057,43.256927083333416],[-70.32447916666723,43.25625000000009],[-70.32682291666723,43.25640625000008],[-70.32859375000056,43.25802083333342],[-70.32890625000057,43.25947916666675],[-70.33052083333389,43.26109375000008],[-70.3333333333339,43.262083333333415],[-70.3352083333339,43.26192708333341],[-70.33593750000057,43.26125000000008],[-70.33635416666722,43.26192708333341],[-70.33760416666723,43.26213541666675],[-70.33802083333389,43.262760416666744],[-70.3392708333339,43.262968750000084],[-70.33968750000055,43.26359375000008],[-70.34093750000056,43.26380208333342],[-70.34156250000055,43.26442708333341],[-70.34531250000056,43.26453125000008],[-70.34760416666722,43.26369791666675],[-70.34859375000055,43.26281250000008],[-70.34880208333388,43.26156250000008],[-70.34963541666721,43.260572916666746],[-70.35026041666721,43.26036458333342],[-70.35052083333387,43.25973958333341],[-70.35177083333389,43.259375000000084],[-70.35223958333388,43.25645833333342],[-70.35286458333388,43.25593750000009],[-70.35296875000054,43.25489583333342],[-70.35369791666722,43.25427083333342],[-70.35390625000055,43.25302083333342],[-70.3552604166672,43.25197916666676],[-70.35546875000054,43.25072916666676],[-70.35625000000054,43.249895833333426],[-70.35531250000054,43.24890625000009],[-70.3538541666672,43.24859375000009],[-70.35296875000054,43.24760416666676],[-70.35276041666721,43.24635416666676],[-70.35140625000055,43.2453125000001],[-70.35109375000054,43.243854166666765],[-70.34973958333389,43.24270833333343],[-70.34973958333389,43.23979166666677],[-70.35109375000054,43.238645833333436],[-70.35140625000055,43.237187500000104],[-70.35401041666721,43.234739583333436],[-70.35791666666721,43.23489583333344],[-70.3602604166672,43.237187500000104],[-70.36057291666721,43.238645833333436],[-70.36156250000053,43.239583333333435],[-70.36296875000053,43.237239583333434],[-70.3654166666672,43.23572916666677],[-70.3638541666672,43.23526041666677],[-70.36057291666721,43.231979166666775],[-70.35953125000054,43.22906250000011],[-70.35880208333387,43.22843750000011],[-70.35890625000054,43.22718750000011],[-70.35968750000053,43.22640625000011],[-70.36125000000054,43.225937500000114],[-70.35973958333388,43.22343750000012],[-70.35927083333388,43.21875000000012],[-70.35807291666721,43.21781250000012],[-70.35760416666722,43.21635416666679],[-70.3563541666672,43.21609375000012],[-70.35140625000055,43.21093750000013],[-70.35130208333388,43.20718750000013],[-70.35203125000055,43.20562500000013],[-70.35192708333388,43.203125000000135],[-70.35057291666722,43.2019791666668],[-70.35036458333389,43.200729166666804],[-70.34958333333388,43.19989583333347],[-70.34567708333388,43.19927083333347],[-70.34526041666722,43.19802083333347],[-70.34473958333389,43.19776041666681],[-70.34463541666722,43.195885416666805],[-70.34536458333389,43.19510416666681],[-70.34557291666722,43.19385416666681],[-70.34619791666722,43.193437500000144],[-70.34640625000056,43.192187500000145],[-70.34760416666722,43.191250000000146],[-70.34807291666722,43.19437500000014],[-70.35026041666721,43.196406250000145],[-70.35057291666722,43.19859375000014],[-70.35218750000054,43.2002604166668],[-70.35364583333387,43.2005729166668],[-70.35473958333388,43.20203125000014],[-70.35536458333388,43.202239583333466],[-70.35619791666721,43.2032291666668],[-70.35640625000055,43.2044791666668],[-70.3580729166672,43.20609375000013],[-70.3602604166672,43.20640625000013],[-70.36140625000054,43.20786458333347],[-70.36203125000054,43.208072916666794],[-70.3627604166672,43.20890625000013],[-70.3630729166672,43.21109375000013],[-70.36359375000053,43.211354166666794],[-70.3640104166672,43.21260416666679],[-70.3671354166672,43.21286458333346],[-70.3683854166672,43.2121354166668],[-70.3702604166672,43.21192708333346],[-70.37109375000053,43.21109375000013],[-70.3711979166672,43.209218750000126],[-70.36973958333387,43.20781250000013],[-70.36953125000053,43.20656250000013],[-70.36890625000053,43.20598958333347],[-70.36859375000053,43.20234375000014],[-70.3679166666672,43.20145833333347],[-70.3680729166672,43.20052083333347],[-70.36921875000053,43.19963541666681],[-70.37078125000053,43.199739583333475],[-70.37140625000053,43.20192708333347],[-70.3726041666672,43.2029166666668],[-70.3730729166672,43.198229166666806],[-70.37385416666719,43.19723958333347],[-70.3751041666672,43.19713541666681],[-70.37588541666719,43.19786458333348],[-70.3774479166672,43.19786458333348],[-70.37890625000051,43.19640625000014],[-70.38109375000052,43.19609375000014],[-70.38192708333385,43.19526041666681],[-70.38223958333386,43.193072916666814],[-70.38276041666718,43.192812500000144],[-70.38385416666718,43.18989583333348],[-70.38531250000051,43.18942708333348],[-70.38562500000052,43.188906250000144],[-70.38750000000051,43.18875000000015],[-70.38854166666718,43.187968750000145],[-70.38890625000052,43.184843750000155],[-70.38953125000052,43.18411458333348],[-70.38973958333385,43.18223958333349],[-70.39026041666718,43.18197916666682],[-70.39057291666718,43.18052083333349],[-70.39177083333385,43.17958333333349],[-70.39203125000051,43.17864583333349],[-70.39177083333385,43.174583333333494],[-70.39062500000051,43.1738020833335],[-70.38812500000051,43.17390625000016],[-70.38723958333385,43.17468750000016],[-70.38692708333384,43.17614583333349],[-70.38609375000051,43.17692708333349],[-70.3839062500005,43.17723958333349],[-70.38364583333384,43.17776041666682],[-70.38218750000051,43.178229166666824],[-70.38109375000052,43.18114583333349],[-70.37937500000052,43.18276041666682],[-70.37312500000053,43.18390625000015],[-70.37223958333387,43.18468750000015],[-70.37197916666719,43.18593750000015],[-70.37052083333386,43.18640625000015],[-70.3701041666672,43.18703125000015],[-70.36906250000054,43.18703125000015],[-70.3680729166672,43.18619791666682],[-70.3671354166672,43.18510416666682],[-70.36718750000053,43.18406250000015],[-70.36864583333386,43.18359375000015],[-70.36906250000054,43.18296875000016],[-70.37031250000052,43.18276041666682],[-70.37093750000054,43.18208333333349],[-70.37140625000053,43.17739583333349],[-70.37239583333387,43.17552083333349],[-70.37343750000053,43.1753645833335],[-70.37401041666719,43.17473958333349],[-70.37765625000051,43.17442708333349],[-70.37979166666719,43.17223958333349],[-70.38604166666718,43.17109375000016],[-70.38692708333384,43.1702083333335],[-70.38692708333384,43.167291666666834],[-70.38432291666717,43.1647395833335],[-70.38197916666718,43.1645833333335],[-70.38041666666719,43.1652083333335],[-70.38088541666718,43.1661458333335],[-70.38276041666718,43.166718750000165],[-70.38276041666718,43.16828125000016],[-70.38197916666718,43.168750000000166],[-70.38057291666718,43.16859375000016],[-70.3801041666672,43.167916666666834],[-70.37927083333386,43.16869791666684],[-70.3782291666672,43.16869791666684],[-70.37770833333386,43.16807291666683],[-70.37520833333386,43.167552083333504],[-70.37458333333386,43.165729166666836],[-70.37489583333385,43.162083333333506],[-70.37807291666718,43.15890625000017],[-70.38026041666718,43.15859375000017],[-70.38140625000051,43.15723958333351],[-70.38359375000051,43.15692708333351],[-70.38406250000051,43.15625000000018],[-70.38489583333386,43.15703125000018],[-70.38614583333384,43.15692708333351],[-70.38708333333385,43.15593750000018],[-70.38630208333385,43.154791666666846],[-70.38630208333385,43.152708333333514],[-70.38734375000051,43.15140625000018],[-70.38968750000052,43.15125000000018],[-70.39125000000051,43.15187500000018],[-70.39119791666718,43.15260416666685],[-70.39057291666718,43.153020833333514],[-70.39036458333385,43.15427083333351],[-70.38963541666718,43.15520833333351],[-70.38989583333385,43.15770833333351],[-70.39093750000052,43.15786458333351],[-70.39187500000051,43.15713541666685],[-70.39437500000051,43.15723958333351],[-70.39739583333385,43.16036458333351],[-70.39864583333383,43.16026041666684],[-70.39942708333383,43.15947916666684],[-70.39989583333384,43.15802083333351],[-70.4028125000005,43.15692708333351],[-70.40369791666717,43.155781250000175],[-70.4034375000005,43.15390625000018],[-70.40052083333383,43.152760416666844],[-70.39973958333384,43.15166666666685],[-70.39942708333383,43.14583333333352],[-70.39890625000051,43.14515625000019],[-70.3987500000005,43.143854166666856],[-70.39890625000051,43.14151041666686],[-70.3995312500005,43.14015625000019],[-70.3995312500005,43.13651041666686],[-70.39869791666717,43.1340625000002],[-70.39776041666717,43.1329687500002],[-70.39723958333384,43.1329687500002],[-70.39703125000051,43.133593750000195],[-70.39458333333384,43.13572916666686],[-70.3946875000005,43.13609375000019],[-70.39593750000051,43.13630208333353],[-70.39635416666717,43.136927083333525],[-70.3978125000005,43.13739583333353],[-70.39776041666717,43.13864583333353],[-70.39645833333384,43.139583333333526],[-70.39385416666717,43.13859375000019],[-70.39307291666718,43.137760416666865],[-70.3926562500005,43.13588541666686],[-70.39213541666717,43.13557291666687],[-70.38953125000052,43.1354687500002],[-70.38822916666717,43.136250000000196],[-70.3878125000005,43.13557291666686],[-70.38635416666718,43.13526041666686],[-70.38526041666718,43.133906250000194],[-70.38385416666719,43.1337500000002],[-70.38307291666717,43.13484375000019],[-70.38260416666719,43.139583333333526],[-70.38130208333385,43.14036458333353],[-70.37869791666719,43.14031250000019],[-70.37723958333386,43.13864583333353],[-70.37703125000053,43.13739583333353],[-70.37630208333385,43.136614583333525],[-70.37625000000052,43.13552083333353],[-70.37640625000053,43.134739583333534],[-70.37729166666719,43.133906250000194],[-70.38041666666719,43.1334375000002],[-70.38473958333384,43.1289062500002],[-70.38661458333385,43.12869791666687],[-70.38770833333385,43.12796875000021],[-70.39020833333385,43.12776041666687],[-70.39072916666719,43.127135416666874],[-70.39197916666717,43.126927083333534],[-70.39526041666717,43.12364583333354],[-70.39557291666718,43.12218750000021],[-70.3964062500005,43.121406250000206],[-70.3985937500005,43.121093750000206],[-70.39885416666716,43.12057291666687],[-70.40010416666718,43.12036458333355],[-70.40072916666718,43.11963541666688],[-70.40197916666716,43.11942708333354],[-70.40442708333383,43.11687500000021],[-70.40489583333384,43.11395833333355],[-70.40614583333382,43.11359375000021],[-70.4064062500005,43.11296875000022],[-70.4070312500005,43.11276041666688],[-70.4070312500005,43.11223958333355],[-70.40515625000049,43.11057291666688],[-70.40151041666716,43.11026041666688],[-70.40072916666716,43.10958333333355],[-70.39942708333383,43.10390625000023],[-70.39843750000051,43.10296875000023],[-70.3971875000005,43.10307291666689],[-70.3951562500005,43.10526041666689],[-70.39203125000051,43.10536458333356],[-70.39062500000051,43.104635416666895],[-70.38812500000051,43.104427083333555],[-70.3878125000005,43.10390625000022],[-70.38656250000052,43.103697916666896],[-70.38614583333384,43.10307291666689],[-70.38489583333386,43.10286458333356],[-70.38432291666717,43.10223958333356],[-70.38067708333385,43.10177083333356],[-70.37963541666718,43.09973958333356],[-70.38151041666718,43.098072916666894],[-70.3851562500005,43.098072916666894],[-70.38609375000051,43.09895833333356],[-70.3864062500005,43.10145833333356],[-70.38718750000052,43.10208333333356],[-70.38828125000052,43.10203125000023],[-70.38968750000052,43.10125000000023],[-70.39109375000051,43.101406250000224],[-70.39187500000051,43.10203125000023],[-70.39395833333384,43.10203125000023],[-70.39541666666717,43.100729166666895],[-70.39697916666718,43.10046875000023],[-70.40322916666716,43.10057291666689],[-70.40536458333384,43.10239583333356],[-70.40536458333384,43.103437500000226],[-70.40458333333383,43.104062500000225],[-70.40520833333383,43.10453125000023],[-70.40729166666716,43.10453125000023],[-70.40822916666717,43.10380208333356],[-70.40947916666715,43.10359375000022],[-70.40979166666716,43.10307291666689],[-70.41229166666716,43.1027604166669],[-70.41291666666716,43.101979166666894],[-70.41255208333382,43.10088541666689],[-70.40708333333383,43.100104166666895],[-70.40630208333383,43.09911458333356],[-70.40640625000049,43.09755208333356],[-70.4071875000005,43.097083333333565],[-70.4082812500005,43.0971354166669],[-70.40927083333384,43.0979166666669],[-70.40968750000049,43.09723958333356],[-70.4109375000005,43.097031250000235],[-70.41145833333383,43.09640625000023],[-70.41333333333382,43.09625000000023],[-70.41437500000049,43.09640625000023],[-70.41468750000048,43.09692708333356],[-70.4159375000005,43.0971354166669],[-70.41687500000049,43.09786458333357],[-70.41937500000049,43.0976041666669],[-70.41973958333382,43.0963541666669],[-70.42119791666715,43.0949479166669],[-70.42109375000048,43.093072916666905],[-70.42031250000048,43.092239583333566],[-70.41906250000049,43.0919791666669],[-70.41875000000049,43.091041666666904],[-70.42026041666715,43.08833333333357],[-70.42057291666715,43.082500000000245],[-70.42156250000049,43.08052083333358],[-70.42281250000048,43.08026041666691],[-70.42322916666716,43.07963541666692],[-70.42427083333382,43.079739583333584],[-70.42473958333382,43.08192708333358],[-70.42536458333382,43.08239583333358],[-70.42557291666715,43.08364583333358],[-70.42656250000047,43.084583333333576],[-70.42739583333382,43.08380208333358],[-70.4286458333338,43.08359375000024],[-70.42906250000048,43.08296875000025],[-70.43031250000047,43.08276041666691],[-70.43156250000047,43.08140625000024],[-70.43531250000048,43.08130208333358],[-70.43718750000048,43.08203125000025],[-70.44093750000046,43.081927083333575],[-70.44552083333379,43.07723958333358],[-70.4467708333338,43.07703125000025],[-70.44776041666712,43.076145833333584],[-70.44796875000046,43.074895833333585],[-70.44859375000046,43.07447916666692],[-70.44880208333379,43.07322916666692],[-70.44958333333379,43.07239583333359],[-70.45229166666712,43.072135416666924],[-70.45395833333379,43.07291666666692],[-70.4548958333338,43.072135416666924],[-70.45593750000046,43.07197916666692],[-70.45640625000046,43.07052083333359],[-70.45692708333378,43.070260416666926],[-70.45718750000044,43.06838541666692],[-70.45875000000045,43.06739583333359],[-70.46500000000044,43.06723958333359],[-70.4663541666671,43.068593750000254],[-70.46729166666711,43.06875000000026],[-70.46781250000043,43.06843750000026],[-70.46807291666711,43.06718750000026],[-70.4697916666671,43.06557291666692],[-70.47270833333377,43.06526041666692],[-70.47302083333376,43.06473958333359],[-70.47427083333378,43.064531250000265],[-70.47468750000043,43.06390625000026],[-70.47593750000044,43.06369791666693],[-70.47656250000043,43.063072916666925],[-70.48093750000042,43.062760416666926],[-70.48192708333376,43.06197916666693],[-70.48213541666709,43.06072916666693],[-70.48276041666709,43.06010416666693],[-70.4830729166671,43.055729166666936],[-70.48442708333376,43.05447916666694],[-70.48473958333376,43.053020833333605],[-70.48552083333375,43.0522395833336],[-70.48645833333376,43.052083333333606],[-70.48697916666708,43.05083333333361],[-70.48692708333375,43.04583333333361],[-70.48473958333376,43.043593750000284],[-70.48473958333376,43.041406250000286],[-70.48635416666708,43.03973958333361],[-70.48994791666709,43.03854166666695],[-70.49057291666709,43.03562500000029],[-70.49276041666708,43.03364583333362],[-70.49307291666709,43.03218750000029],[-70.49442708333375,43.031093750000295],[-70.49458333333375,43.02968750000029],[-70.49427083333376,43.0289062500003],[-70.49302083333374,43.02859375000029],[-70.49281250000041,43.02807291666696],[-70.49135416666708,43.02744791666696],[-70.49140625000042,43.02557291666697],[-70.49291666666709,43.0240625000003],[-70.48901041666709,43.023593750000295],[-70.48796875000042,43.02276041666696],[-70.48796875000042,43.02223958333363],[-70.48859375000042,43.0220312500003],[-70.48885416666708,43.0214062500003],[-70.49031250000041,43.0210937500003],[-70.49036458333376,43.020572916666964],[-70.48973958333376,43.02036458333364],[-70.48770833333376,43.018072916666966],[-70.48458333333376,43.01760416666697],[-70.48541666666709,43.01614583333364],[-70.48479166666709,43.01473958333364],[-70.48270833333376,43.01463541666698],[-70.48140625000043,43.01536458333364],[-70.47973958333377,43.013541666666974],[-70.47973958333375,43.011041666666976],[-70.4824479166671,43.00973958333364],[-70.48755208333375,43.009270833333645],[-70.4880729166671,43.008020833333646],[-70.48906250000043,43.00713541666698],[-70.4901041666671,43.00713541666698],[-70.49135416666708,43.00859375000031],[-70.49260416666709,43.00869791666698],[-70.49442708333375,43.00697916666698],[-70.49473958333375,43.00552083333365],[-70.49552083333374,43.004739583333645],[-70.49645833333375,43.00458333333365],[-70.49875000000041,43.006562500000314],[-70.49723958333375,43.008020833333646],[-70.49713541666708,43.009270833333645],[-70.49802083333374,43.01026041666697],[-70.49927083333375,43.01057291666698],[-70.49958333333375,43.011354166666976],[-70.49942708333374,43.01276041666698],[-70.49869791666708,43.013593750000304],[-70.49807291666708,43.013802083333644],[-70.4978125000004,43.014427083333636],[-70.49635416666707,43.01489583333364],[-70.49625000000042,43.015625000000306],[-70.49687500000041,43.01614583333364],[-70.49895833333375,43.016197916666975],[-70.49994791666708,43.01557291666697],[-70.50541666666707,43.01510416666697],[-70.50843750000041,43.01208333333364],[-70.50890625000041,43.007395833333646],[-70.51005208333373,43.00630208333365],[-70.51192708333373,43.00640625000031],[-70.51276041666706,43.00723958333365],[-70.51286458333374,43.00911458333364],[-70.51208333333373,43.01052083333364],[-70.51255208333373,43.011927083333646],[-70.51411458333374,43.01203125000031],[-70.51526041666706,43.01109375000031],[-70.51536458333374,43.00921875000031],[-70.5139062500004,43.007708333333646],[-70.51380208333373,43.00520833333365],[-70.51468750000039,43.00390625000031],[-70.5159375000004,43.00369791666699],[-70.5162500000004,43.00322916666698],[-70.51531250000039,43.00223958333365],[-70.51385416666706,43.00192708333365],[-70.51307291666707,43.001041666666985],[-70.51291666666707,43.00000000000032],[-70.51307291666707,42.99812500000032],[-70.51536458333374,42.99593750000032],[-70.51536458333374,42.99489583333366],[-70.51463541666706,42.994114583333655],[-70.51473958333374,42.992239583333664],[-70.5156250000004,42.991406250000324],[-70.51854166666706,42.991093750000324],[-70.5190625000004,42.99046875000033],[-70.52031250000039,42.99026041666699],[-70.52072916666707,42.989635416667],[-70.52197916666705,42.98942708333366],[-70.52239583333373,42.98880208333367],[-70.52364583333372,42.98859375000033],[-70.52718750000038,42.98473958333366],[-70.52864583333371,42.984427083333664],[-70.53026041666705,42.982760416667006],[-70.53041666666705,42.981354166667],[-70.52979166666705,42.980416666667004],[-70.52812500000039,42.98119791666701],[-70.52562500000039,42.98140625000033],[-70.52494791666706,42.98203125000034],[-70.52338541666705,42.98203125000034],[-70.5214062500004,42.98031250000034],[-70.52130208333372,42.97906250000034],[-70.52192708333372,42.97859375000034],[-70.52223958333373,42.976406250000345],[-70.52369791666706,42.97510416666701],[-70.5239062500004,42.97385416666701],[-70.52625000000039,42.971562500000346],[-70.53234375000038,42.97098958333368],[-70.53375000000038,42.96968750000035],[-70.53359375000038,42.96734375000035],[-70.53114583333371,42.96473958333368],[-70.52989583333373,42.964531250000356],[-70.52895833333372,42.96375000000035],[-70.52697916666706,42.964531250000356],[-70.52385416666706,42.964531250000356],[-70.52223958333373,42.963593750000356],[-70.52223958333373,42.96140625000036],[-70.52286458333373,42.960937500000355],[-70.52307291666706,42.959687500000356],[-70.5245312500004,42.958593750000354],[-70.52473958333373,42.95796875000036],[-70.52572916666705,42.95723958333369],[-70.53010416666704,42.95677083333369],[-70.53036458333372,42.95572916666703],[-70.52947916666704,42.95473958333369],[-70.52802083333371,42.95442708333369],[-70.52661458333372,42.95218750000036],[-70.52473958333371,42.95192708333369],[-70.52447916666705,42.95140625000036],[-70.52322916666706,42.951197916667034],[-70.52244791666706,42.95046875000037],[-70.52057291666705,42.95026041666703],[-70.51963541666706,42.9492708333337],[-70.51963541666706,42.94822916666703],[-70.52052083333372,42.9472395833337],[-70.52411458333373,42.945989583333706],[-70.52520833333372,42.942343750000376],[-70.52729166666705,42.94213541666704],[-70.52822916666706,42.94286458333371],[-70.52947916666704,42.942760416667035],[-70.52953125000039,42.9422395833337],[-70.52890625000039,42.94182291666704],[-70.52875000000039,42.93947916666704],[-70.52973958333372,42.936354166667044],[-70.53062500000038,42.93557291666704],[-70.53354166666705,42.935104166667045],[-70.53390625000038,42.93385416666705],[-70.53453125000038,42.93343750000038],[-70.53473958333372,42.93218750000038],[-70.53536458333372,42.931770833333715],[-70.53557291666705,42.930520833333716],[-70.54026041666704,42.92614583333372],[-70.54072916666705,42.92468750000039],[-70.54177083333371,42.92453125000039],[-70.5425520833337,42.923802083333726],[-70.5444270833337,42.923593750000386],[-70.5450520833337,42.92296875000039],[-70.5469270833337,42.92276041666705],[-70.54859375000036,42.921145833333725],[-70.54979166666703,42.917552083333725],[-70.5527083333337,42.916927083333725],[-70.55385416666702,42.91557291666706],[-70.55510416666704,42.915364583333734],[-70.55552083333369,42.91473958333373],[-70.5570833333337,42.91427083333373],[-70.5567708333337,42.913802083333735],[-70.55552083333369,42.913593750000395],[-70.55390625000037,42.91197916666707],[-70.55276041666703,42.90885416666707],[-70.5517708333337,42.90791666666707],[-70.55057291666704,42.90885416666707],[-70.55026041666703,42.9103125000004],[-70.54848958333369,42.91192708333373],[-70.54536458333371,42.9120312500004],[-70.5445833333337,42.91177083333373],[-70.54354166666704,42.910572916667064],[-70.54062500000038,42.910572916667064],[-70.53973958333371,42.91135416666707],[-70.53859375000037,42.914479166667064],[-70.53713541666704,42.91572916666706],[-70.53723958333372,42.91697916666706],[-70.53869791666705,42.91822916666706],[-70.53859375000037,42.91947916666706],[-70.53760416666705,42.92036458333373],[-70.53635416666704,42.920572916667055],[-70.53593750000039,42.92119791666706],[-70.53489583333372,42.92119791666706],[-70.53307291666705,42.91947916666706],[-70.53276041666705,42.91822916666706],[-70.53057291666704,42.91776041666706],[-70.52973958333372,42.916822916667066],[-70.52963541666705,42.91369791666706],[-70.53041666666705,42.9118750000004],[-70.52963541666705,42.9109375000004],[-70.52958333333372,42.910208333333735],[-70.53036458333372,42.909270833333736],[-70.53057291666705,42.90802083333374],[-70.53109375000038,42.907760416667074],[-70.53125000000038,42.90635416666707],[-70.53109375000038,42.905572916667076],[-70.52890625000039,42.90364583333374],[-70.52890625000038,42.90239583333374],[-70.53078125000039,42.90218750000041],[-70.53140625000037,42.90343750000041],[-70.53218750000039,42.90375000000041],[-70.53359375000038,42.903593750000404],[-70.53406250000037,42.902916666667075],[-70.5348958333337,42.903593750000404],[-70.53770833333371,42.90375000000041],[-70.5392708333337,42.903593750000404],[-70.5398958333337,42.90307291666707],[-70.5427083333337,42.902916666667075],[-70.5469270833337,42.903906250000404],[-70.54739583333371,42.90453125000041],[-70.54843750000038,42.90447916666707],[-70.54859375000036,42.90302083333374],[-70.54640625000037,42.901041666667076],[-70.54656250000038,42.89812500000041],[-70.54854166666703,42.89708333333375],[-70.55093750000037,42.89807291666708],[-70.55140625000037,42.90026041666708],[-70.5519270833337,42.900520833333744],[-70.55213541666703,42.90177083333374],[-70.55260416666704,42.90208333333374],[-70.55307291666703,42.89817708333375],[-70.55468750000036,42.89640625000041],[-70.55593750000037,42.896197916667084],[-70.5567708333337,42.89541666666708],[-70.5572395833337,42.89151041666709],[-70.55807291666702,42.89057291666708],[-70.55994791666703,42.89046875000042],[-70.56072916666703,42.89119791666709],[-70.5617708333337,42.89119791666709],[-70.56468750000035,42.888072916667085],[-70.56614583333368,42.887760416667085],[-70.56718750000034,42.88640625000042],[-70.56843750000036,42.88619791666709],[-70.56937500000035,42.88546875000043],[-70.57187500000035,42.88526041666709],[-70.575260416667,42.881927083333764],[-70.57536458333368,42.88005208333376],[-70.57463541666701,42.87942708333376],[-70.57463541666701,42.878906250000426],[-70.577760416667,42.877031250000435],[-70.57796875000034,42.87640625000043],[-70.57942708333367,42.87531250000043],[-70.57989583333368,42.8738541666671],[-70.58093750000035,42.873697916667105],[-70.581354166667,42.8730729166671],[-70.58260416666701,42.87286458333377],[-70.58302083333366,42.872239583333766],[-70.58427083333368,42.87203125000044],[-70.58468750000033,42.87140625000043],[-70.58593750000034,42.87119791666711],[-70.58656250000033,42.8705729166671],[-70.59031250000034,42.87046875000044],[-70.59281250000032,42.87140625000043],[-70.593697916667,42.87239583333377],[-70.59390625000033,42.87364583333377],[-70.59526041666699,42.874687500000434],[-70.595572916667,42.876145833333766],[-70.59776041666699,42.878020833333764],[-70.598072916667,42.879479166667096],[-70.59906250000033,42.880364583333765],[-70.60031250000031,42.88057291666709],[-70.60135416666698,42.88192708333376],[-70.60281250000031,42.88223958333376],[-70.60322916666699,42.88286458333376],[-70.60447916666698,42.88276041666709],[-70.60692708333364,42.8802604166671],[-70.60703125000032,42.87838541666709],[-70.60640625000032,42.87781250000043],[-70.60541666666698,42.87520833333377],[-70.60619791666699,42.87427083333377],[-70.60640625000032,42.87302083333377],[-70.60692708333364,42.87270833333377],[-70.60723958333365,42.869791666667105],[-70.61026041666697,42.86692708333378],[-70.61046875000031,42.86505208333377],[-70.61109375000031,42.86442708333378],[-70.61130208333364,42.862552083333775],[-70.61203125000031,42.86177083333378],[-70.61223958333365,42.86052083333378],[-70.61442708333364,42.85864583333378],[-70.61463541666697,42.85739583333378],[-70.61536458333364,42.85677083333378],[-70.6154687500003,42.85572916666712],[-70.6160937500003,42.85510416666712],[-70.61640625000031,42.85072916666712],[-70.61703125000031,42.85010416666712],[-70.61723958333364,42.848854166667124],[-70.6185937500003,42.84776041666713],[-70.61880208333363,42.84588541666712],[-70.6195312500003,42.84510416666713],[-70.61973958333364,42.84385416666713],[-70.62072916666698,42.842968750000466],[-70.62197916666696,42.842760416667126],[-70.62239583333364,42.84213541666713],[-70.62364583333363,42.84192708333379],[-70.62526041666696,42.840260416667135],[-70.6254687500003,42.83838541666713],[-70.62619791666697,42.83713541666713],[-70.6264062500003,42.83401041666714],[-70.6270312500003,42.83343750000047],[-70.62723958333363,42.83218750000047],[-70.62786458333363,42.831770833333806],[-70.62807291666697,42.83052083333381],[-70.62942708333362,42.82947916666714],[-70.62973958333363,42.82802083333381],[-70.63041666666696,42.82760416666714],[-70.62973958333363,42.826979166667144],[-70.62927083333363,42.82552083333381],[-70.62635416666696,42.82442708333381],[-70.62473958333364,42.82260416666715],[-70.6248437500003,42.81885416666715],[-70.62614583333362,42.81791666666715],[-70.62848958333362,42.81776041666715],[-70.62942708333362,42.81697916666715],[-70.62958333333363,42.816041666667154],[-70.62723958333363,42.813489583333826],[-70.6270312500003,42.81036458333382],[-70.6264062500003,42.80937500000049],[-70.6262500000003,42.807500000000495],[-70.6264062500003,42.80645833333383],[-70.62776041666696,42.8053125000005],[-70.62791666666696,42.8043750000005],[-70.6264062500003,42.80276041666717],[-70.6260937500003,42.80057291666717],[-70.62557291666697,42.8003125000005],[-70.62536458333363,42.7990625000005],[-70.62473958333364,42.7984375000005],[-70.62442708333363,42.79406250000051],[-70.62380208333363,42.79343750000051],[-70.6235937500003,42.79218750000051],[-70.62307291666697,42.791927083333846],[-70.62276041666696,42.78973958333385],[-70.62223958333364,42.78947916666718],[-70.6220312500003,42.78822916666718],[-70.62130208333363,42.78760416666718],[-70.6210937500003,42.78635416666718],[-70.6204687500003,42.785937500000514],[-70.62026041666697,42.784687500000516],[-70.61963541666697,42.78427083333385],[-70.61942708333363,42.78302083333385],[-70.61640625000031,42.78020833333385],[-70.6160937500003,42.77729166666719],[-70.6153125000003,42.77640625000052],[-70.61385416666697,42.77609375000052],[-70.61140625000031,42.77364583333386],[-70.61109375000031,42.77218750000053],[-70.60796875000031,42.76942708333386],[-70.60776041666698,42.76880208333387],[-70.60677083333366,42.767968750000534],[-70.60552083333364,42.767760416667194],[-70.60510416666699,42.7671354166672],[-70.60385416666698,42.76692708333386],[-70.59781250000032,42.7605729166672],[-70.59656250000033,42.760364583333875],[-70.59614583333365,42.75973958333387],[-70.593229166667,42.75859375000054],[-70.59276041666699,42.756406250000545],[-70.59197916666699,42.755572916667205],[-70.59052083333366,42.755260416667205],[-70.58947916666699,42.75390625000054],[-70.58802083333366,42.75359375000054],[-70.58614583333366,42.75140625000054],[-70.58489583333368,42.75114583333388],[-70.58442708333367,42.74968750000055],[-70.58130208333367,42.74692708333388],[-70.58109375000033,42.74630208333389],[-70.58010416666701,42.745468750000555],[-70.578854166667,42.745260416667215],[-70.57557291666701,42.74197916666722],[-70.57536458333368,42.74072916666722],[-70.574479166667,42.739739583333886],[-70.57302083333367,42.73942708333389],[-70.571979166667,42.73807291666722],[-70.57052083333367,42.73776041666722],[-70.57010416666702,42.73713541666723],[-70.56885416666701,42.73692708333389],[-70.56796875000035,42.73593750000056],[-70.56776041666701,42.73468750000056],[-70.56723958333369,42.7344270833339],[-70.56609375000035,42.7297395833339],[-70.56281250000035,42.726406250000565],[-70.56156250000036,42.72619791666724],[-70.56114583333368,42.72557291666723],[-70.5598958333337,42.725364583333906],[-70.5592708333337,42.72463541666724],[-70.55802083333369,42.7244270833339],[-70.55776041666702,42.72390625000057],[-70.55307291666702,42.722760416667235],[-70.5522395833337,42.72197916666724],[-70.5519270833337,42.72052083333391],[-70.55093750000037,42.719635416667245],[-70.54968750000036,42.719427083333905],[-70.5494270833337,42.71890625000057],[-70.5447395833337,42.71776041666724],[-70.54390625000038,42.716979166667244],[-70.54375000000037,42.716041666667245],[-70.54463541666703,42.71473958333391],[-70.54619791666704,42.71359375000058],[-70.54619791666704,42.713072916667244],[-70.54557291666704,42.71286458333392],[-70.54526041666703,42.71213541666725],[-70.54473958333371,42.71213541666725],[-70.54432291666703,42.712760416667244],[-70.5406770833337,42.713072916667244],[-70.54010416666705,42.71369791666725],[-70.53906250000038,42.71385416666725],[-70.53854166666704,42.715104166667246],[-70.53666666666705,42.715416666667245],[-70.53500000000038,42.71473958333391],[-70.53000000000038,42.71453125000058],[-70.52812500000039,42.71380208333392],[-70.52562500000039,42.71359375000058],[-70.52510416666706,42.712968750000584],[-70.52385416666705,42.712760416667244],[-70.52260416666707,42.71130208333392],[-70.5176562500004,42.709635416667254],[-70.5132812500004,42.70973958333391],[-70.51265625000039,42.710260416667246],[-70.5095312500004,42.71046875000059],[-70.50848958333373,42.71109375000058],[-70.50536458333374,42.71130208333392],[-70.50364583333375,42.712031250000585],[-70.49989583333374,42.71223958333391],[-70.49942708333374,42.712760416667244],[-70.49802083333375,42.71291666666725],[-70.49661458333375,42.71213541666725],[-70.49473958333374,42.71192708333391],[-70.49281250000041,42.70973958333391],[-70.49156250000043,42.709635416667254],[-70.49057291666709,42.71062500000058],[-70.49057291666709,42.71354166666725],[-70.49109375000042,42.71390625000058],[-70.49130208333375,42.715781250000575],[-70.49203125000042,42.71656250000058],[-70.49223958333376,42.717812500000576],[-70.49359375000041,42.71885416666724],[-70.49380208333375,42.72010416666724],[-70.49458333333375,42.72104166666724],[-70.49442708333375,42.72197916666724],[-70.49380208333375,42.7222395833339],[-70.49359375000041,42.72286458333391],[-70.49125000000042,42.72437500000057],[-70.49223958333376,42.726979166667235],[-70.49359375000041,42.7280208333339],[-70.49390625000042,42.72947916666723],[-70.49453125000042,42.729739583333895],[-70.49536458333375,42.73104166666723],[-70.49526041666708,42.73354166666723],[-70.49442708333375,42.73442708333389],[-70.49364583333374,42.734583333333894],[-70.48973958333374,42.73359375000056],[-70.48927083333376,42.732968750000566],[-70.48802083333375,42.732760416667226],[-70.48609375000042,42.73057291666723],[-70.48390625000042,42.73026041666723],[-70.48140625000043,42.72781250000057],[-70.48109375000043,42.726354166667235],[-70.47947916666709,42.7247395833339],[-70.4738541666671,42.722760416667235],[-70.47281250000043,42.72140625000057],[-70.46968750000043,42.72026041666724],[-70.46854166666711,42.71890625000057],[-70.46562500000044,42.71890625000057],[-70.46276041666711,42.7219270833339],[-70.46088541666711,42.72213541666724],[-70.45989583333377,42.722760416667235],[-70.45260416666711,42.722760416667235],[-70.44796875000046,42.72046875000058],[-70.4453645833338,42.72046875000058],[-70.4439583333338,42.72119791666724],[-70.4414583333338,42.72109375000057],[-70.44031250000046,42.719739583333904],[-70.43718750000046,42.71859375000057],[-70.43557291666714,42.716979166667244],[-70.43526041666713,42.71552083333391],[-70.43437500000047,42.71473958333391],[-70.43145833333381,42.71473958333391],[-70.42890625000048,42.71718750000058],[-70.4288020833338,42.718437500000576],[-70.4297395833338,42.719427083333905],[-70.4319270833338,42.719739583333904],[-70.43291666666714,42.72093750000057],[-70.43057291666715,42.72312500000057],[-70.43036458333381,42.72562500000057],[-70.42963541666714,42.72656250000057],[-70.42947916666714,42.727604166667234],[-70.4280208333338,42.72807291666723],[-70.42776041666714,42.72859375000056],[-70.42588541666714,42.7288020833339],[-70.42479166666715,42.72953125000057],[-70.42229166666715,42.729739583333895],[-70.42197916666714,42.73026041666723],[-70.42072916666716,42.73046875000057],[-70.41989583333381,42.731250000000564],[-70.41947916666714,42.73057291666723],[-70.41822916666716,42.7303645833339],[-70.41760416666715,42.729739583333895],[-70.41322916666715,42.729427083333896],[-70.41098958333382,42.72807291666723],[-70.40734375000049,42.72776041666723],[-70.4068750000005,42.7272395833339],[-70.4043750000005,42.72703125000057],[-70.4029687500005,42.726302083333906],[-70.40036458333384,42.726302083333906],[-70.39911458333384,42.72703125000057],[-70.39723958333383,42.7272395833339],[-70.39489583333383,42.7295833333339],[-70.39442708333384,42.734270833333895],[-70.3928125000005,42.736093750000556],[-70.39156250000052,42.7363020833339],[-70.39062500000051,42.73703125000056],[-70.38812500000051,42.73723958333389],[-70.38760416666719,42.737864583333895],[-70.38635416666718,42.73807291666722],[-70.38593750000052,42.73869791666723],[-70.38468750000051,42.738906250000554],[-70.38427083333386,42.73953125000056],[-70.38302083333384,42.739739583333886],[-70.38197916666718,42.74109375000055],[-70.38052083333385,42.74140625000055],[-70.37723958333386,42.74468750000055],[-70.37703125000053,42.74593750000055],[-70.37640625000053,42.74635416666722],[-70.3761979166672,42.747604166667216],[-70.37531250000052,42.748593750000545],[-70.37406250000053,42.748802083333885],[-70.37328125000053,42.74953125000055],[-70.37140625000052,42.74973958333388],[-70.36859375000053,42.75286458333388],[-70.36796875000053,42.75307291666721],[-70.3677604166672,42.753697916667214],[-70.3671354166672,42.75390625000054],[-70.36692708333386,42.75453125000055],[-70.36630208333386,42.75473958333387],[-70.36609375000053,42.75536458333388],[-70.36546875000053,42.755572916667205],[-70.3652604166672,42.75619791666721],[-70.3646354166672,42.75640625000054],[-70.36442708333387,42.757031250000544],[-70.36380208333387,42.75723958333387],[-70.36359375000053,42.75786458333388],[-70.36296875000053,42.7580729166672],[-70.3627604166672,42.75869791666721],[-70.3621354166672,42.758906250000535],[-70.36192708333387,42.75953125000054],[-70.36130208333387,42.75973958333387],[-70.36109375000053,42.760364583333875],[-70.36046875000054,42.7605729166672],[-70.35973958333388,42.76151041666721],[-70.35953125000054,42.7646354166672],[-70.35880208333387,42.7660416666672],[-70.35859375000054,42.7685416666672],[-70.35781250000053,42.76942708333386],[-70.3563541666672,42.76973958333386],[-70.35427083333387,42.77192708333386],[-70.34989583333387,42.77223958333386],[-70.34927083333389,42.77286458333386],[-70.34802083333388,42.77307291666719],[-70.34390625000056,42.77718750000052],[-70.34276041666722,42.78031250000052],[-70.34041666666722,42.782604166667184],[-70.33572916666722,42.78307291666718],[-70.33447916666722,42.784427083333846],[-70.33302083333389,42.78489583333385],[-70.3328645833339,42.785937500000514],[-70.3322395833339,42.78635416666718],[-70.33203125000057,42.78760416666718],[-70.33140625000057,42.788020833333846],[-70.33119791666724,42.789270833333845],[-70.33057291666724,42.78979166666718],[-70.3303645833339,42.792291666667175],[-70.3297395833339,42.793489583333844],[-70.32963541666723,42.80036458333383],[-70.33057291666724,42.804427083333835],[-70.33369791666723,42.807239583333825],[-70.33390625000057,42.80786458333383],[-70.33453125000057,42.80807291666716],[-70.3347395833339,42.808697916667164],[-70.3353645833339,42.80890625000049],[-70.33557291666723,42.8095312500005],[-70.33619791666723,42.80973958333382],[-70.33640625000056,42.81036458333383],[-70.33703125000056,42.810572916667155],[-70.3372395833339,42.81119791666716],[-70.3378645833339,42.81140625000049],[-70.33807291666723,42.812031250000494],[-70.33869791666723,42.81223958333382],[-70.33890625000056,42.81286458333383],[-70.33953125000056,42.81307291666715],[-70.3397395833339,42.81369791666716],[-70.3403645833339,42.813906250000485],[-70.34057291666723,42.81453125000049],[-70.34119791666723,42.81473958333382],[-70.34140625000056,42.815364583333825],[-70.34203125000056,42.81557291666715],[-70.34223958333389,42.81619791666716],[-70.34322916666723,42.81703125000049],[-70.34447916666721,42.817239583333816],[-70.34640625000054,42.819427083333814],[-70.34828125000055,42.819635416667154],[-70.34953125000055,42.82036458333382],[-70.35265625000054,42.820572916667146],[-70.35322916666722,42.82119791666715],[-70.3544791666672,42.82140625000048],[-70.35489583333388,42.822031250000485],[-70.35614583333387,42.82223958333381],[-70.35656250000055,42.82286458333382],[-70.35781250000053,42.823072916667144],[-70.3588541666672,42.82442708333381],[-70.36031250000053,42.82473958333381],[-70.36218750000053,42.82692708333381],[-70.36364583333386,42.82723958333381],[-70.3638541666672,42.82776041666714],[-70.36531250000053,42.82807291666714],[-70.36572916666721,42.828697916667146],[-70.36677083333387,42.82880208333381],[-70.36718750000053,42.829427083333805],[-70.36864583333386,42.829739583333804],[-70.36885416666719,42.83026041666714],[-70.37031250000052,42.83057291666714],[-70.3707291666672,42.83119791666714],[-70.37197916666719,42.83140625000047],[-70.37385416666719,42.83359375000047],[-70.37697916666718,42.8347395833338],[-70.37802083333385,42.836093750000465],[-70.37947916666718,42.836406250000465],[-70.38135416666718,42.83859375000046],[-70.38281250000051,42.83890625000046],[-70.38406250000052,42.8403645833338],[-70.38531250000051,42.84057291666713],[-70.38692708333384,42.84234375000047],[-70.38723958333385,42.8459895833338],[-70.38786458333385,42.846718750000456],[-70.38807291666718,42.84859375000046],[-70.38869791666718,42.84921875000045],[-70.38890625000052,42.85109375000046],[-70.3896875000005,42.851927083333784],[-70.39093750000052,42.852135416667124],[-70.39145833333384,42.85276041666712],[-70.39437500000051,42.85307291666712],[-70.3960937500005,42.85468750000045],[-70.3979687500005,42.860104166667114],[-70.39942708333383,42.86135416666711],[-70.39963541666717,42.86260416666711],[-70.40036458333384,42.86322916666711],[-70.40057291666717,42.86447916666711],[-70.4010937500005,42.86473958333378],[-70.40119791666717,42.86661458333377],[-70.40041666666717,42.86760416666711],[-70.39494791666718,42.8677604166671],[-70.39411458333385,42.86713541666711],[-70.39223958333383,42.86692708333377],[-70.39177083333385,42.86630208333378],[-70.39052083333384,42.86609375000044],[-70.39026041666718,42.865572916667105],[-70.38807291666717,42.865260416667105],[-70.3876562500005,42.86473958333377],[-70.38401041666718,42.86442708333377],[-70.38328125000052,42.86380208333378],[-70.38140625000051,42.86359375000044],[-70.38031250000051,42.862239583333775],[-70.37906250000053,42.86203125000045],[-70.37843750000053,42.86130208333378],[-70.37552083333385,42.86026041666711],[-70.37531250000052,42.85973958333378],[-70.37385416666719,42.85942708333378],[-70.37140625000053,42.85697916666712],[-70.3711979166672,42.85572916666712],[-70.36973958333387,42.85447916666712],[-70.36942708333386,42.85302083333379],[-70.36531250000053,42.848906250000454],[-70.36406250000054,42.84869791666713],[-70.36296875000053,42.84776041666712],[-70.3621354166672,42.84677083333379],[-70.36192708333387,42.845520833333794],[-70.36130208333387,42.84510416666713],[-70.36109375000053,42.84385416666713],[-70.35692708333387,42.839739583333795],[-70.35614583333387,42.8395833333338],[-70.35505208333387,42.839635416667136],[-70.35427083333389,42.8403645833338],[-70.35322916666722,42.8405208333338],[-70.35276041666721,42.84197916666713],[-70.35213541666721,42.842395833333796],[-70.35192708333388,42.843645833333795],[-70.35156250000054,42.84375000000046],[-70.35140625000055,42.85234375000046],[-70.35203125000055,42.853385416667116],[-70.35223958333388,42.85526041666712],[-70.35286458333388,42.855885416667114],[-70.35307291666722,42.85776041666712],[-70.35968750000053,42.86442708333377],[-70.36114583333386,42.86473958333377],[-70.36218750000053,42.86609375000044],[-70.36364583333386,42.86640625000044],[-70.36453125000054,42.867395833333774],[-70.36453125000054,42.86843750000044],[-70.3635416666672,42.86942708333377],[-70.3610416666672,42.86963541666711],[-70.35994791666721,42.8702604166671],[-70.35338541666721,42.8702604166671],[-70.35229166666721,42.86963541666711],[-70.34979166666722,42.86942708333377],[-70.34927083333388,42.868906250000435],[-70.3455208333339,42.86869791666711],[-70.34395833333389,42.86796875000044],[-70.34145833333389,42.8677604166671],[-70.34093750000056,42.86713541666711],[-70.33968750000055,42.86692708333377],[-70.3392708333339,42.86630208333378],[-70.33802083333389,42.86609375000044],[-70.33776041666722,42.865572916667105],[-70.33557291666722,42.865260416667105],[-70.33531250000055,42.86473958333377],[-70.33385416666722,42.86442708333377],[-70.33343750000057,42.86380208333378],[-70.33218750000056,42.86359375000044],[-70.33057291666724,42.86197916666711],[-70.32947916666723,42.85906250000045],[-70.32729166666724,42.857916666667116],[-70.32635416666723,42.85807291666711],[-70.32557291666724,42.85895833333378],[-70.32526041666723,42.861875000000445],[-70.3239583333339,42.86364583333378],[-70.32187500000057,42.863697916667114],[-70.32088541666724,42.86307291666711],[-70.31760416666725,42.86291666666711],[-70.31578125000058,42.86307291666711],[-70.31447916666725,42.863697916667114],[-70.31229166666725,42.863750000000444],[-70.31072916666724,42.86359375000044],[-70.30979166666725,42.86296875000045],[-70.30729166666725,42.86276041666711],[-70.30677083333393,42.862135416667115],[-70.30552083333392,42.861927083333775],[-70.30510416666726,42.86130208333378],[-70.30385416666725,42.86109375000044],[-70.3034375000006,42.86046875000045],[-70.30218750000058,42.86026041666711],[-70.30177083333393,42.85963541666712],[-70.30052083333392,42.85942708333378],[-70.30026041666726,42.858906250000445],[-70.29838541666726,42.85869791666712],[-70.29755208333393,42.85807291666711],[-70.29317708333393,42.85796875000045],[-70.29208333333393,42.858229166667115],[-70.29177083333394,42.85869791666712],[-70.29072916666728,42.85869791666712],[-70.2884375000006,42.85640625000045],[-70.2840625000006,42.85609375000045],[-70.28328125000061,42.855468750000455],[-70.2817187500006,42.855468750000455],[-70.28078125000062,42.85619791666712],[-70.27656250000061,42.85708333333378],[-70.27328125000062,42.85692708333378],[-70.27276041666728,42.85640625000045],[-70.27088541666728,42.85619791666712],[-70.27000000000062,42.855572916667114],[-70.26500000000063,42.85536458333379],[-70.26333333333396,42.85473958333378],[-70.26125000000063,42.854583333333785],[-70.25750000000063,42.85473958333378],[-70.25552083333397,42.85536458333379],[-70.24927083333397,42.855572916667114],[-70.24796875000064,42.85619791666712],[-70.24536458333398,42.85630208333379],[-70.2443229166673,42.85692708333378],[-70.24067708333398,42.85723958333378],[-70.24020833333398,42.85776041666711],[-70.23770833333398,42.85796875000045],[-70.23661458333399,42.85869791666712],[-70.23473958333398,42.858906250000445],[-70.234270833334,42.85953125000045],[-70.23302083333398,42.85973958333378],[-70.23197916666732,42.86109375000044],[-70.22885416666732,42.862239583333775],[-70.22557291666733,42.86557291666711],[-70.225364583334,42.8674479166671],[-70.22463541666733,42.868541666667106],[-70.22442708333399,42.871041666667104],[-70.22359375000066,42.87203125000044],[-70.22260416666734,42.87286458333377],[-70.22135416666733,42.8730729166671],[-70.22093750000067,42.873697916667105],[-70.21968750000066,42.87390625000043],[-70.21927083333401,42.87453125000044],[-70.218020833334,42.87473958333376],[-70.21776041666733,42.875260416667096],[-70.21557291666733,42.875572916667096],[-70.21447916666733,42.87692708333376],[-70.213020833334,42.87723958333376],[-70.21213541666734,42.8782291666671],[-70.211927083334,42.879479166667096],[-70.211302083334,42.87989583333376],[-70.21109375000067,42.88114583333376],[-70.21046875000067,42.88156250000043],[-70.21026041666734,42.882812500000426],[-70.20875000000068,42.88427083333376],[-70.20484375000068,42.884739583333754],[-70.20031250000068,42.88942708333375],[-70.1990625000007,42.88963541666709],[-70.19854166666735,42.89026041666708],[-70.19604166666736,42.89046875000042],[-70.19510416666736,42.89119791666709],[-70.19385416666735,42.891406250000415],[-70.19057291666736,42.894687500000416],[-70.19026041666736,42.89614583333375],[-70.1889062500007,42.89718750000041],[-70.18869791666737,42.89843750000041],[-70.18796875000069,42.89921875000041],[-70.18776041666736,42.90109375000041],[-70.18697916666736,42.90192708333374],[-70.18572916666737,42.90213541666708],[-70.18494791666737,42.902864583333745],[-70.18307291666736,42.90307291666707],[-70.18244791666737,42.90369791666708],[-70.18057291666736,42.903906250000404],[-70.1803125000007,42.90442708333374],[-70.17885416666736,42.904739583333736],[-70.17843750000071,42.90536458333374],[-70.1771875000007,42.90557291666707],[-70.17677083333405,42.906197916667075],[-70.17552083333403,42.9064062500004],[-70.17510416666738,42.90703125000041],[-70.17385416666737,42.907239583333734],[-70.17114583333404,42.910260416667064],[-70.16989583333405,42.910468750000405],[-70.16942708333404,42.9110937500004],[-70.16755208333404,42.91130208333374],[-70.16661458333405,42.9120312500004],[-70.16473958333404,42.91223958333373],[-70.16411458333405,42.912864583333736],[-70.16223958333404,42.91307291666706],[-70.16187500000072,42.913593750000395],[-70.15562500000073,42.91473958333373],[-70.15479166666739,42.915364583333734],[-70.15270833333406,42.915364583333734],[-70.15192708333406,42.91473958333373],[-70.15052083333407,42.91458333333373],[-70.14973958333405,42.99614583333366],[-70.14972507098814,43.003721277902805],[-70.14970052083406,42.9539973958351],[-70.14978157539805,42.84876155358169],[-70.15020833333406,42.85708333333378],[-70.15156250000074,42.85630208333379],[-70.15281250000072,42.85609375000045],[-70.15385416666739,42.85473958333378],[-70.1551041666674,42.854531250000456],[-70.15552083333405,42.85390625000045],[-70.15864583333405,42.85276041666712],[-70.16052083333405,42.85057291666712],[-70.16197916666738,42.85026041666712],[-70.16307291666737,42.848906250000454],[-70.16494791666739,42.84869791666713],[-70.16583333333405,42.84807291666712],[-70.17166666666738,42.84776041666712],[-70.17255208333404,42.84713541666713],[-70.17442708333404,42.84692708333379],[-70.17505208333404,42.846302083333796],[-70.17692708333404,42.846093750000456],[-70.1771875000007,42.84557291666712],[-70.17843750000071,42.8453645833338],[-70.17906250000071,42.84463541666713],[-70.1803125000007,42.84442708333379],[-70.18057291666736,42.84390625000046],[-70.18526041666736,42.842760416667126],[-70.18718750000069,42.84057291666713],[-70.18864583333402,42.84026041666713],[-70.18968750000069,42.83890625000046],[-70.19114583333402,42.83859375000046],[-70.19218750000068,42.8372395833338],[-70.19364583333402,42.8369270833338],[-70.19552083333402,42.8347395833338],[-70.19697916666735,42.8344270833338],[-70.19885416666735,42.8322395833338],[-70.20031250000068,42.8319270833338],[-70.20119791666735,42.83093750000047],[-70.20140625000069,42.829687500000475],[-70.20192708333401,42.82942708333381],[-70.20192708333401,42.827239583333814],[-70.20031250000068,42.82557291666714],[-70.1990625000007,42.825364583333815],[-70.19859375000068,42.82473958333381],[-70.19390625000068,42.82359375000048],[-70.18947916666735,42.81890625000048],[-70.18635416666736,42.81776041666715],[-70.18541666666736,42.81656250000049],[-70.17526041666737,42.81609375000048],[-70.17411458333405,42.81546875000049],[-70.17223958333403,42.81526041666715],[-70.17197916666737,42.81473958333382],[-70.17052083333404,42.81442708333382],[-70.17010416666739,42.813802083333826],[-70.16885416666737,42.813593750000486],[-70.16723958333405,42.81197916666716],[-70.16703125000072,42.81072916666716],[-70.16614583333404,42.80973958333382],[-70.16489583333406,42.80963541666716],[-70.16411458333405,42.81036458333383],[-70.16223958333404,42.810260416667155],[-70.16114583333405,42.80890625000049],[-70.15968750000071,42.80859375000049],[-70.15781250000072,42.80640625000049],[-70.15656250000073,42.806197916667166],[-70.15562500000073,42.8054687500005],[-70.15312500000073,42.80526041666716],[-70.15197916666739,42.803906250000495],[-70.1507291666674,42.80369791666717],[-70.14989583333406,42.802916666667166],[-70.14980154433444,42.82283521783572],[-70.14984505765453,42.766340423923495],[-70.14989583333406,42.77875000000052],[-70.15276041666739,42.77609375000053],[-70.15296875000072,42.77421875000052],[-70.1536979166674,42.773437500000526],[-70.15390625000073,42.77218750000053],[-70.15552083333405,42.77057291666719],[-70.15697916666738,42.77026041666719],[-70.15791666666739,42.76906250000053],[-70.16651041666738,42.768906250000526],[-70.16911458333405,42.77026041666719],[-70.17093750000072,42.770416666667195],[-70.1742187500007,42.77026041666719],[-70.17489583333405,42.7696354166672],[-70.17593750000071,42.769479166667196],[-70.17708333333404,42.7666666666672],[-70.17692708333404,42.7647916666672],[-70.17630208333404,42.764114583333864],[-70.17635416666737,42.762552083333865],[-70.1768750000007,42.76208333333387],[-70.17760416666738,42.762135416667206],[-70.17885416666736,42.76359375000053],[-70.1803125000007,42.76390625000053],[-70.1820312500007,42.765885416667196],[-70.18192708333403,42.7677604166672],[-70.1790625000007,42.770416666667195],[-70.17880208333403,42.771979166667194],[-70.17890625000071,42.77822916666719],[-70.17953125000071,42.77921875000052],[-70.17973958333404,42.78109375000052],[-70.1810937500007,42.78218750000052],[-70.1814062500007,42.78364583333385],[-70.18479166666737,42.78692708333384],[-70.18729166666736,42.787135416667184],[-70.18885416666737,42.78786458333385],[-70.19260416666735,42.788072916667176],[-70.19322916666736,42.78869791666718],[-70.19447916666735,42.78890625000051],[-70.19609375000068,42.790520833333844],[-70.19640625000069,42.791979166667176],[-70.20026041666735,42.795572916667176],[-70.20057291666735,42.797760416667174],[-70.20192708333401,42.79885416666717],[-70.20223958333402,42.8003125000005],[-70.20369791666735,42.8014062500005],[-70.20390625000068,42.8020312500005],[-70.20489583333402,42.802864583333836],[-70.206145833334,42.80307291666716],[-70.208020833334,42.80526041666716],[-70.20947916666734,42.80557291666716],[-70.210520833334,42.806927083333825],[-70.21197916666733,42.807239583333825],[-70.213020833334,42.80859375000049],[-70.21447916666733,42.80890625000049],[-70.214895833334,42.809583333333826],[-70.21619791666734,42.808437500000494],[-70.21640625000067,42.807187500000495],[-70.216927083334,42.80692708333383],[-70.217083333334,42.80552083333383],[-70.21640625000067,42.8043750000005],[-70.21609375000067,42.801458333333834],[-70.21557291666734,42.801093750000504],[-70.21536458333401,42.7992187500005],[-70.21473958333401,42.79817708333384],[-70.21453125000068,42.79130208333384],[-70.213802083334,42.78880208333384],[-70.21375000000067,42.78697916666718],[-70.21390625000068,42.78567708333385],[-70.21473958333401,42.784635416667186],[-70.21572916666734,42.78380208333385],[-70.21697916666733,42.78359375000051],[-70.218020833334,42.78223958333385],[-70.22114583333399,42.781093750000515],[-70.22218750000066,42.77973958333385],[-70.22364583333399,42.77942708333385],[-70.22526041666733,42.77781250000052],[-70.22557291666733,42.77635416666719],[-70.22776041666732,42.77447916666719],[-70.22802083333399,42.77322916666719],[-70.22947916666732,42.77276041666719],[-70.23223958333398,42.76973958333386],[-70.23411458333399,42.76953125000053],[-70.23494791666732,42.768906250000526],[-70.24005208333398,42.76859375000053],[-70.2405729166673,42.768072916667194],[-70.24276041666731,42.767760416667194],[-70.24322916666732,42.7671354166672],[-70.2444791666673,42.76692708333386],[-70.24473958333397,42.76640625000053],[-70.24661458333398,42.7661979166672],[-70.24744791666731,42.765572916667196],[-70.25255208333397,42.765260416667196],[-70.2533854166673,42.764635416667204],[-70.2552604166673,42.764427083333864],[-70.2558854166673,42.76380208333387],[-70.2577604166673,42.76359375000053],[-70.25822916666729,42.7630729166672],[-70.2619791666673,42.76286458333387],[-70.2635416666673,42.762135416667206],[-70.26604166666729,42.761927083333866],[-70.26656250000063,42.761302083333874],[-70.26781250000062,42.76109375000053],[-70.2682291666673,42.76046875000054],[-70.26947916666728,42.7602604166672],[-70.27192708333395,42.75781250000054],[-70.27213541666728,42.75656250000054],[-70.27286458333396,42.75578125000054],[-70.27307291666729,42.75390625000055],[-70.27375000000062,42.753437500000544],[-70.27307291666729,42.752760416667215],[-70.27276041666728,42.75057291666722],[-70.26947916666728,42.74723958333388],[-70.26635416666728,42.74609375000055],[-70.26447916666729,42.74390625000055],[-70.26302083333395,42.74359375000055],[-70.26031250000062,42.74057291666722],[-70.25885416666729,42.74026041666722],[-70.25614583333396,42.73723958333389],[-70.25468750000063,42.73692708333389],[-70.25380208333397,42.73593750000056],[-70.25359375000063,42.73468750000056],[-70.25223958333397,42.733645833333895],[-70.25203125000064,42.7323958333339],[-70.25119791666731,42.73140625000056],[-70.25057291666731,42.731197916667234],[-70.2494791666673,42.729739583333895],[-70.24802083333397,42.729427083333896],[-70.2469791666673,42.72807291666723],[-70.24572916666732,42.727864583333904],[-70.24489583333397,42.7270833333339],[-70.24463541666731,42.723020833333905],[-70.24557291666731,42.72052083333391],[-70.24619791666731,42.71994791666724],[-70.24609375000064,42.71838541666724],[-70.24390625000063,42.71776041666724],[-70.24364583333397,42.71723958333391],[-70.24239583333399,42.71703125000058],[-70.2418229166673,42.716406250000574],[-70.23791666666732,42.71593750000058],[-70.23609375000065,42.71380208333392],[-70.23546875000065,42.71359375000058],[-70.23546875000065,42.713072916667244],[-70.23609375000065,42.71286458333392],[-70.23640625000066,42.71213541666725],[-70.23744791666732,42.71140625000058],[-70.23927083333399,42.71125000000058],[-70.24255208333398,42.71140625000058],[-70.24369791666732,42.712031250000585],[-70.24630208333397,42.712031250000585],[-70.24750000000064,42.71140625000058],[-70.25333333333397,42.71109375000058],[-70.25406250000063,42.71041666666725],[-70.25536458333397,42.71119791666725],[-70.25796875000063,42.71119791666725],[-70.25890625000062,42.710572916667246],[-70.26078125000063,42.71036458333392],[-70.26140625000062,42.70973958333391],[-70.26328125000063,42.70953125000059],[-70.26395833333396,42.70890625000058],[-70.26500000000063,42.708750000000585],[-70.26687500000062,42.70890625000058],[-70.26718750000062,42.709427083333914],[-70.26843750000063,42.709635416667254],[-70.26927083333396,42.71041666666725],[-70.27026041666728,42.70947916666725],[-70.27057291666729,42.70802083333392],[-70.27218750000061,42.70640625000058],[-70.27343750000063,42.70619791666726],[-70.27427083333396,42.705416666667254],[-70.27468750000061,42.70609375000058],[-70.27593750000062,42.706302083333924],[-70.2764062500006,42.706927083333916],[-70.27828125000062,42.70697916666725],[-70.27890625000062,42.70552083333392],[-70.27942708333394,42.70526041666726],[-70.27973958333395,42.70307291666726],[-70.28057291666727,42.70223958333392],[-70.28244791666728,42.702031250000594],[-70.28307291666727,42.70140625000059],[-70.28494791666728,42.70119791666726],[-70.28651041666727,42.700468750000596],[-70.29088541666727,42.700572916667255],[-70.29156250000061,42.70119791666726],[-70.2928125000006,42.70140625000059],[-70.29307291666726,42.70192708333392],[-70.29526041666726,42.70223958333392],[-70.29552083333392,42.70276041666725],[-70.29677083333394,42.70296875000059],[-70.29744791666727,42.703593750000586],[-70.30255208333392,42.703906250000585],[-70.30317708333392,42.70442708333392],[-70.30630208333392,42.70463541666726],[-70.30781250000058,42.70526041666725],[-70.31437500000058,42.705416666667254],[-70.32348958333391,42.70453125000059],[-70.3250520833339,42.703802083333926],[-70.3266145833339,42.70369791666726],[-70.32723958333389,42.70307291666725],[-70.3291145833339,42.70286458333393],[-70.32989583333391,42.70213541666726],[-70.33093750000057,42.70197916666726],[-70.33140625000057,42.700520833333925],[-70.3320833333339,42.699895833333926],[-70.25786419290428,42.699691560470356],[-70.26564377682892,42.69967677038685],[-70.30488318731395,42.69964473821503],[-70.38462828591382,42.699662994876796],[-70.58875000000033,42.699895833333926],[-70.58968750000032,42.70109375000059],[-70.59093750000034,42.70130208333393],[-70.59135416666699,42.70192708333392],[-70.59281250000032,42.70223958333392],[-70.59307291666698,42.70276041666725],[-70.59776041666699,42.703906250000585],[-70.59838541666699,42.70453125000059],[-70.60026041666698,42.70473958333392],[-70.60052083333365,42.70526041666725],[-70.60177083333366,42.70546875000059],[-70.60218750000031,42.70609375000058],[-70.60343750000033,42.706302083333924],[-70.60375000000032,42.70677083333392],[-70.61312500000031,42.707239583333916],[-70.61437500000031,42.70786458333392],[-70.6168750000003,42.70807291666725],[-70.61807291666696,42.709427083333914],[-70.62026041666697,42.70973958333391],[-70.62192708333363,42.71156250000058],[-70.62239583333363,42.71625000000058],[-70.62385416666696,42.71776041666724],[-70.62531250000029,42.71807291666724],[-70.62635416666696,42.719427083333905],[-70.62781250000029,42.719739583333904],[-70.62885416666695,42.72109375000057],[-70.63031250000029,42.72140625000057],[-70.63119791666696,42.722395833333906],[-70.6314062500003,42.723645833333904],[-70.63307291666695,42.72526041666723],[-70.63494791666696,42.72546875000057],[-70.63572916666696,42.72619791666724],[-70.63697916666695,42.726406250000565],[-70.63802083333361,42.72776041666723],[-70.63947916666694,42.72807291666723],[-70.64052083333361,42.729427083333896],[-70.64343750000029,42.73046875000057],[-70.64406250000029,42.731197916667234],[-70.64531250000027,42.73140625000056],[-70.64635416666694,42.732760416667226],[-70.64760416666695,42.732968750000566],[-70.6480208333336,42.73359375000056],[-70.64947916666694,42.73390625000056],[-70.6497395833336,42.73442708333389],[-70.65161458333361,42.73463541666723],[-70.65239583333361,42.7353645833339],[-70.6536458333336,42.73557291666722],[-70.65640625000027,42.73869791666723],[-70.65739583333361,42.73953125000056],[-70.6586458333336,42.739739583333886],[-70.66218750000026,42.74359375000055],[-70.66343750000027,42.74380208333389],[-70.66468750000026,42.745260416667215],[-70.66614583333359,42.745572916667214],[-70.66859375000026,42.74807291666722],[-70.66890625000026,42.75026041666722],[-70.67109375000025,42.752187500000545],[-70.67140625000026,42.75364583333388],[-70.67276041666692,42.75468750000054],[-70.67296875000025,42.75593750000054],[-70.67359375000025,42.75635416666721],[-70.67380208333358,42.75760416666721],[-70.67453125000026,42.758229166667206],[-70.67473958333359,42.759479166667205],[-70.67526041666692,42.759739583333875],[-70.67640625000026,42.76442708333387],[-70.67953125000025,42.76723958333386],[-70.67973958333359,42.76786458333387],[-70.68036458333358,42.768072916667194],[-70.68057291666692,42.7686979166672],[-70.68119791666692,42.768906250000526],[-70.68140625000025,42.76953125000053],[-70.68203125000025,42.76973958333386],[-70.68130208333358,42.771354166667194],[-70.68156250000025,42.77510416666719],[-70.68260416666692,42.77536458333386],[-70.68421875000024,42.77380208333386],[-70.68609375000024,42.77390625000052],[-70.68953125000024,42.777395833333856],[-70.68953125000024,42.77843750000052],[-70.68807291666691,42.77968750000052],[-70.68791666666691,42.78062500000052],[-70.6891666666669,42.78114583333385],[-70.69333333333357,42.78151041666719],[-70.69458333333357,42.78281250000052],[-70.69442708333357,42.78515625000052],[-70.69375000000024,42.78572916666718],[-70.69442708333357,42.78640625000052],[-70.6946354166669,42.78828125000051],[-70.69536458333357,42.78921875000051],[-70.69536458333357,42.79078125000051],[-70.69458333333357,42.79177083333384],[-70.6952604166669,42.792239583333846],[-70.6955729166669,42.794427083333844],[-70.69692708333356,42.795625000000506],[-70.69708333333357,42.797500000000504],[-70.69692708333356,42.79854166666717],[-70.69380208333357,42.8014062500005],[-70.69380208333357,42.80192708333383],[-70.69671875000023,42.80369791666717],[-70.69828125000024,42.80369791666717],[-70.69968750000024,42.802916666667166],[-70.70109375000023,42.80338541666716],[-70.70140625000023,42.80526041666717],[-70.70375000000023,42.80770833333383],[-70.70359375000022,42.80864583333383],[-70.70213541666689,42.80973958333382],[-70.70213541666689,42.810260416667155],[-70.70276041666689,42.810520833333825],[-70.7030729166669,42.81197916666716],[-70.70552083333355,42.81442708333382],[-70.70843750000023,42.81546875000049],[-70.70906250000023,42.81619791666716],[-70.71031250000021,42.81640625000048],[-70.71125000000022,42.81760416666715],[-70.71828125000022,42.81807291666715],[-70.71942708333354,42.81880208333382],[-70.72125000000021,42.82093750000048],[-70.7275000000002,42.82140625000048],[-70.7285937500002,42.82223958333382],[-70.72869791666687,42.82411458333381],[-70.72807291666687,42.824791666667146],[-70.72776041666687,42.82770833333381],[-70.72713541666687,42.82822916666714],[-70.7262500000002,42.83083333333381],[-70.72640625000021,42.832708333333805],[-70.72786458333354,42.83421875000047],[-70.72776041666687,42.83609375000047],[-70.72682291666686,42.8369270833338],[-70.72317708333354,42.8372395833338],[-70.72260416666688,42.837864583333804],[-70.72135416666687,42.83807291666713],[-70.7203125000002,42.839427083333796],[-70.71906250000022,42.839635416667136],[-70.71807291666688,42.8405208333338],[-70.71708333333355,42.843020833333796],[-70.71723958333355,42.8444270833338],[-70.71875000000021,42.84572916666713],[-70.71807291666688,42.846354166667126],[-70.71708333333355,42.84895833333379],[-70.71776041666688,42.84979166666712],[-70.71807291666688,42.85270833333379],[-70.71885416666687,42.85359375000045],[-70.72010416666689,42.85380208333379],[-70.72104166666688,42.854531250000456],[-70.72312500000021,42.854531250000456],[-70.72442708333354,42.85369791666712],[-70.7246875000002,42.85307291666712],[-70.72593750000021,42.85286458333379],[-70.72656250000021,42.852135416667124],[-70.72729166666687,42.85208333333379],[-70.7278125000002,42.852552083333784],[-70.72760416666688,42.85442708333379],[-70.72489583333355,42.855520833333784],[-70.72390625000021,42.85739583333378],[-70.72343750000022,42.86208333333378],[-70.72114583333354,42.86442708333377],[-70.71989583333355,42.86479166666711],[-70.71958333333355,42.865833333333775],[-70.72020833333355,42.86770833333377],[-70.72270833333354,42.8680729166671],[-70.72385416666687,42.86942708333377],[-70.7253125000002,42.86989583333377],[-70.7254687500002,42.87093750000044],[-70.7260937500002,42.8713541666671],[-70.72630208333354,42.8726041666671],[-70.72703125000021,42.8733854166671],[-70.72692708333354,42.8752604166671],[-70.72630208333354,42.8757291666671],[-70.7260937500002,42.8769791666671],[-70.72442708333354,42.87859375000043],[-70.72223958333353,42.878906250000426],[-70.72114583333354,42.88026041666709],[-70.71802083333354,42.881406250000424],[-70.71760416666689,42.88203125000043],[-70.71635416666687,42.88223958333376],[-70.71531250000021,42.88359375000042],[-70.71406250000022,42.88380208333376],[-70.71348958333354,42.884427083333755],[-70.70958333333355,42.88489583333376],[-70.70880208333355,42.88572916666709],[-70.70859375000022,42.88697916666709],[-70.7076041666669,42.88786458333376],[-70.70635416666688,42.888072916667085],[-70.70489583333355,42.88958333333375],[-70.70463541666689,42.89098958333375],[-70.70489583333357,42.89661458333375],[-70.70520833333356,42.89708333333375],[-70.70614583333355,42.89723958333374],[-70.70635416666688,42.897760416667076],[-70.70781250000022,42.898072916667076],[-70.70812500000022,42.89859375000041],[-70.71062500000022,42.89901041666708],[-70.71187500000022,42.90265625000041],[-70.71437500000022,42.90276041666707],[-70.71572916666688,42.901406250000406],[-70.71947916666689,42.901354166667076],[-70.72041666666688,42.90187500000041],[-70.72057291666688,42.90281250000041],[-70.72135416666687,42.903593750000404],[-70.72427083333355,42.90473958333374],[-70.72453125000021,42.906614583333734],[-70.72390625000021,42.907187500000404],[-70.72343750000022,42.908645833333736],[-70.72239583333355,42.90880208333374],[-70.72145833333354,42.909583333333735],[-70.71979166666688,42.90880208333374],[-70.71770833333355,42.90880208333374],[-70.71692708333354,42.90942708333373],[-70.71505208333355,42.90963541666707],[-70.71380208333355,42.910260416667064],[-70.70286458333356,42.910572916667064],[-70.70031250000022,42.91208333333373],[-70.69921875000023,42.9120312500004],[-70.69843750000024,42.91130208333374],[-70.69718750000023,42.9110937500004],[-70.69578125000024,42.90963541666707],[-70.69390625000023,42.90973958333373],[-70.69364583333356,42.910260416667064],[-70.69218750000023,42.910885416667064],[-70.69223958333357,42.91276041666707],[-70.69302083333356,42.913593750000395],[-70.69427083333358,42.913854166667065],[-70.6952604166669,42.9157812500004],[-70.6955729166669,42.92088541666706],[-70.69708333333357,42.92260416666706],[-70.70458333333356,42.923229166667056],[-70.70536458333356,42.92406250000039],[-70.7055729166669,42.92531250000039],[-70.70677083333356,42.92625000000039],[-70.70718750000022,42.92557291666705],[-70.70864583333355,42.92526041666705],[-70.71223958333356,42.92130208333373],[-70.71276041666688,42.92130208333373],[-70.71317708333355,42.92192708333372],[-70.71708333333355,42.922395833333724],[-70.71557291666689,42.924166666667055],[-70.71510416666689,42.93041666666705],[-70.71359375000021,42.92890625000038],[-70.71140625000021,42.929062500000384],[-70.71057291666689,42.930781250000386],[-70.71031250000021,42.935156250000375],[-70.70979166666689,42.93625000000038],[-70.70885416666688,42.936406250000374],[-70.70848958333355,42.93692708333371],[-70.70536458333356,42.93734375000038],[-70.70484375000022,42.937864583333706],[-70.70411458333356,42.94046875000037],[-70.70317708333356,42.94098958333371],[-70.69848958333357,42.94119791666704],[-70.69552083333357,42.94041666666704],[-70.69406250000023,42.94125000000037],[-70.69390625000024,42.94515625000037],[-70.69609375000023,42.94718750000037],[-70.69630208333356,42.94843750000037],[-70.69703125000024,42.94921875000036],[-70.69703125000024,42.95078125000036],[-70.69640625000024,42.95135416666703],[-70.69625000000023,42.95229166666703],[-70.69703125000024,42.95322916666703],[-70.69708333333357,42.953958333333695],[-70.6961979166669,42.95526041666702],[-70.6949479166669,42.956093750000356],[-70.69260416666691,42.95625000000036],[-70.6883854166669,42.956093750000356],[-70.68744791666691,42.955468750000364],[-70.6858854166669,42.955468750000364],[-70.6852604166669,42.956093750000356],[-70.68338541666691,42.956302083333696],[-70.68270833333358,42.95692708333369],[-70.68166666666691,42.95708333333369],[-70.67979166666692,42.95692708333369],[-70.67947916666691,42.956406250000356],[-70.67822916666692,42.95619791666703],[-70.67744791666692,42.955468750000364],[-70.67557291666691,42.95557291666702],[-70.67510416666693,42.95619791666703],[-70.67385416666691,42.956406250000356],[-70.67291666666692,42.95739583333369],[-70.67442708333358,42.95890625000036],[-70.67473958333359,42.96109375000036],[-70.67536458333359,42.961562500000355],[-70.67526041666692,42.962812500000354],[-70.67265625000024,42.96442708333368],[-70.67031250000025,42.964583333333685],[-70.66901041666692,42.96442708333368],[-70.66739583333359,42.96291666666702],[-70.66692708333359,42.95901041666703],[-70.66609375000026,42.95807291666702],[-70.66421875000026,42.957864583333695],[-70.66343750000027,42.95713541666703],[-70.66218750000026,42.95692708333369],[-70.65906250000026,42.95375000000036],[-70.65791666666694,42.95510416666703],[-70.6594270833336,42.956354166667026],[-70.65937500000027,42.957604166667025],[-70.65687500000027,42.957864583333695],[-70.6559895833336,42.95723958333369],[-70.65468750000028,42.95708333333369],[-70.65234375000027,42.95739583333369],[-70.6519270833336,42.95864583333369],[-70.64781250000027,42.96276041666702],[-70.64635416666694,42.963072916667016],[-70.64531250000027,42.96442708333368],[-70.64406250000029,42.96463541666702],[-70.64354166666695,42.965260416667014],[-70.64062500000028,42.965572916667014],[-70.64010416666696,42.96625000000035],[-70.63890625000029,42.96526041666702],[-70.63859375000028,42.96307291666702],[-70.63723958333362,42.96197916666702],[-70.63609375000028,42.958854166667024],[-70.63364583333362,42.956406250000356],[-70.63239583333363,42.95619791666703],[-70.63161458333363,42.955468750000364],[-70.63005208333362,42.955468750000364],[-70.62942708333362,42.956093750000356],[-70.62802083333364,42.95625000000036],[-70.62682291666695,42.95557291666702],[-70.62317708333363,42.95526041666702],[-70.62260416666697,42.954583333333694],[-70.62197916666696,42.95526041666702],[-70.62104166666697,42.95541666666703],[-70.61942708333363,42.95390625000036],[-70.61802083333365,42.95375000000036],[-70.61640625000031,42.95463541666703],[-70.61364583333363,42.95776041666702],[-70.61239583333365,42.95796875000036],[-70.61161458333365,42.95869791666703],[-70.61005208333364,42.95869791666703],[-70.60927083333365,42.95796875000036],[-70.60802083333364,42.95776041666702],[-70.60770833333365,42.95723958333369],[-70.60479166666698,42.95692708333369],[-70.60395833333365,42.95625000000036],[-70.60302083333364,42.956406250000356],[-70.60260416666698,42.95692708333369],[-70.59822916666698,42.95723958333369],[-70.597604166667,42.957864583333695],[-70.59635416666698,42.95807291666702],[-70.59390625000033,42.96052083333369],[-70.593697916667,42.96177083333369],[-70.59296875000032,42.96270833333369],[-70.59276041666699,42.965208333333685],[-70.59223958333367,42.965833333333684],[-70.59203125000033,42.97083333333368],[-70.59140625000033,42.97260416666701],[-70.59125000000033,42.975208333333676],[-70.59140625000033,42.97989583333367],[-70.59192708333366,42.980677083333674],[-70.59208333333366,42.98302083333367],[-70.59130208333366,42.985520833333666],[-70.59109375000033,42.98927083333366],[-70.58859375000033,42.99192708333366],[-70.58671875000033,42.99203125000033],[-70.58593750000034,42.991302083333665],[-70.58489583333368,42.991302083333665],[-70.58427083333368,42.99203125000033],[-70.58302083333366,42.99223958333366],[-70.582135416667,42.99338541666699],[-70.58208333333367,42.99447916666699],[-70.58317708333367,42.995260416666994],[-70.587916666667,42.99572916666699],[-70.58859375000033,42.99635416666699],[-70.58953125000033,42.99885416666699],[-70.58953125000033,43.001979166666985],[-70.58880208333366,43.00354166666698],[-70.58859375000033,43.00604166666698],[-70.58723958333367,43.00718750000031],[-70.58692708333366,43.008645833333645],[-70.58593750000034,43.009531250000315],[-70.58468750000033,43.00973958333364],[-70.58239583333366,43.01208333333364],[-70.582135416667,43.01302083333364],[-70.58239583333366,43.01708333333364],[-70.583854166667,43.0185937500003],[-70.58531250000033,43.0189062500003],[-70.58625000000033,43.02010416666697],[-70.58031250000033,43.02609375000029],[-70.57718750000033,43.027239583333625],[-70.576979166667,43.02776041666696],[-70.57572916666702,43.028072916666964],[-70.57541666666701,43.02885416666696],[-70.57557291666701,43.03026041666696],[-70.57609375000034,43.030520833333625],[-70.57630208333367,43.031770833333624],[-70.577135416667,43.03276041666695],[-70.578385416667,43.03369791666696],[-70.57994791666701,43.03369791666696],[-70.58119791666701,43.03260416666696],[-70.58119791666701,43.03156250000029],[-70.58057291666701,43.031093750000295],[-70.580416666667,43.02968750000029],[-70.581354166667,43.02807291666696],[-70.58281250000033,43.02776041666696],[-70.58468750000033,43.02557291666696],[-70.58593750000034,43.025364583333634],[-70.58645833333367,43.02473958333363],[-70.58895833333366,43.0246875000003],[-70.590260416667,43.026562500000296],[-70.590416666667,43.028125000000294],[-70.58942708333366,43.03531250000029],[-70.58911458333367,43.03593750000029],[-70.58802083333367,43.03625000000029],[-70.58723958333366,43.03609375000028],[-70.585885416667,43.03473958333362],[-70.580416666667,43.03489583333362],[-70.57890625000034,43.03651041666696],[-70.57869791666701,43.03963541666695],[-70.57807291666701,43.04062500000028],[-70.57760416666702,43.04375000000028],[-70.57677083333367,43.04442708333361],[-70.57239583333367,43.04473958333361],[-70.57177083333369,43.045364583333615],[-70.57052083333367,43.04557291666694],[-70.57010416666702,43.04619791666695],[-70.56885416666701,43.046406250000274],[-70.56781250000034,43.04776041666694],[-70.56635416666701,43.04807291666694],[-70.56515625000034,43.049427083333605],[-70.56151041666702,43.049739583333604],[-70.56114583333368,43.05026041666694],[-70.5598958333337,43.050625000000274],[-70.55958333333369,43.05250000000027],[-70.5597395833337,43.05354166666694],[-70.5603645833337,43.05421875000027],[-70.56026041666702,43.05609375000027],[-70.5597395833337,43.056354166666935],[-70.55953125000036,43.057604166666934],[-70.55864583333369,43.05859375000026],[-70.55718750000035,43.05890625000026],[-70.55625000000036,43.0598958333336],[-70.55807291666702,43.06192708333359],[-70.56354166666702,43.06322916666693],[-70.56390625000036,43.06447916666693],[-70.56526041666702,43.06557291666693],[-70.56541666666702,43.066979166666925],[-70.56494791666702,43.06776041666693],[-70.56307291666701,43.06807291666692],[-70.56281250000035,43.068593750000254],[-70.5598958333337,43.06973958333359],[-70.55958333333369,43.07114583333359],[-70.5603645833337,43.07192708333359],[-70.56348958333368,43.072239583333584],[-70.56526041666702,43.07385416666692],[-70.56557291666701,43.07510416666692],[-70.56776041666701,43.075572916666914],[-70.56859375000035,43.07635416666692],[-70.56864583333368,43.077604166666916],[-70.56770833333368,43.077916666666916],[-70.56718750000034,43.07901041666691],[-70.56677083333369,43.083750000000244],[-70.56588541666702,43.08442708333357],[-70.56078125000036,43.08473958333357],[-70.55994791666703,43.08536458333358],[-70.55807291666702,43.085572916666905],[-70.55640625000036,43.087395833333574],[-70.55609375000036,43.09177083333357],[-70.55541666666703,43.0926041666669],[-70.54994791666704,43.0930729166669],[-70.54932291666702,43.09359375000023],[-70.5456770833337,43.09390625000023],[-70.54510416666704,43.09453125000024],[-70.54385416666703,43.09473958333356],[-70.54223958333371,43.0963541666669],[-70.54203125000038,43.0976041666669],[-70.5413020833337,43.09838541666689],[-70.54109375000037,43.1002604166669],[-70.53979166666704,43.101979166666894],[-70.53729166666704,43.10192708333356],[-70.5361458333337,43.10057291666689],[-70.53489583333372,43.100364583333565],[-70.53437500000038,43.09973958333356],[-70.53187500000038,43.0996354166669],[-70.53057291666705,43.10046875000023],[-70.52942708333372,43.10192708333356],[-70.52723958333371,43.10239583333356],[-70.52661458333372,43.10364583333356],[-70.52223958333371,43.104739583333554],[-70.52187500000039,43.10526041666689],[-70.51895833333373,43.10557291666689],[-70.5184375000004,43.10619791666689],[-70.51718750000039,43.10640625000022],[-70.5164062500004,43.10718750000022],[-70.5159375000004,43.108645833333554],[-70.51052083333373,43.11057291666688],[-70.50807291666707,43.11302083333355],[-70.50786458333374,43.11427083333355],[-70.50703125000041,43.11526041666688],[-70.50640625000041,43.11546875000022],[-70.5053125000004,43.11692708333354],[-70.50385416666707,43.11723958333354],[-70.50239583333374,43.11875000000021],[-70.50161458333375,43.12187500000021],[-70.49973958333374,43.12223958333354],[-70.49921875000041,43.12276041666687],[-70.49375000000042,43.122604166666875],[-70.49307291666709,43.12171875000021],[-70.49296875000041,43.11734375000021],[-70.49322916666708,43.116250000000214],[-70.49635416666707,43.11307291666688],[-70.4978125000004,43.11276041666688],[-70.49885416666707,43.111406250000215],[-70.50010416666709,43.11119791666689],[-70.50109375000041,43.11031250000022],[-70.50119791666708,43.10906250000022],[-70.50000000000041,43.108072916666885],[-70.49416666666708,43.107760416666885],[-70.49322916666708,43.107083333333556],[-70.49276041666708,43.107760416666885],[-70.49057291666708,43.108072916666885],[-70.48973958333376,43.10880208333356],[-70.48880208333375,43.10989583333355],[-70.48859375000042,43.11114583333355],[-70.48697916666708,43.11276041666688],[-70.4844791666671,43.11369791666689],[-70.4813541666671,43.11369791666689],[-70.48010416666709,43.11307291666688],[-70.47635416666711,43.112864583333554],[-70.4751041666671,43.11223958333355],[-70.4704166666671,43.11177083333355],[-70.46890625000044,43.11031250000022],[-70.46890625000044,43.10885416666689],[-70.46989583333378,43.107968750000225],[-70.47114583333376,43.107760416666885],[-70.47140625000043,43.10723958333355],[-70.47359375000043,43.10692708333355],[-70.4736979166671,43.10640625000022],[-70.47260416666711,43.10546875000023],[-70.4713541666671,43.10526041666689],[-70.47109375000043,43.104635416666895],[-70.46994791666711,43.10390625000022],[-70.4657291666671,43.103750000000225],[-70.46338541666711,43.104375000000225],[-70.46291666666711,43.105000000000224],[-70.46276041666711,43.10687500000022],[-70.4618229166671,43.107760416666885],[-70.45817708333378,43.108072916666885],[-70.45744791666712,43.10869791666689],[-70.45557291666711,43.10890625000022],[-70.45473958333379,43.10973958333356],[-70.45453125000046,43.11161458333355],[-70.45380208333378,43.11286458333355],[-70.45375000000045,43.114687500000215],[-70.45453125000046,43.11703125000021],[-70.45473958333379,43.120156250000214],[-70.45536458333379,43.121041666666876],[-70.45557291666712,43.123541666666874],[-70.45609375000045,43.12390625000021],[-70.45630208333378,43.1257812500002],[-70.45703125000045,43.1267187500002],[-70.45723958333379,43.128593750000206],[-70.45802083333378,43.12942708333353],[-70.45947916666711,43.12973958333353],[-70.46052083333377,43.1310937500002],[-70.4619791666671,43.1314062500002],[-70.46442708333377,43.13401041666687],[-70.46453125000045,43.13713541666686],[-70.46380208333377,43.13947916666686],[-70.46380208333377,43.14468750000019],[-70.46406250000044,43.14625000000019],[-70.46541666666711,43.14760416666685],[-70.4669791666671,43.14791666666685],[-70.46958333333377,43.14760416666685],[-70.4713541666671,43.14473958333352],[-70.47281250000043,43.14442708333352],[-70.47552083333376,43.14140625000019],[-70.47677083333377,43.14119791666686],[-70.47718750000043,43.140572916666855],[-70.47843750000044,43.14036458333353],[-70.47942708333376,43.139531250000196],[-70.4796354166671,43.13890625000019],[-70.48109375000043,43.137812500000194],[-70.48140625000043,43.13635416666686],[-70.4822916666671,43.13557291666686],[-70.48479166666709,43.13536458333353],[-70.4863541666671,43.13463541666687],[-70.49041666666709,43.13489583333353],[-70.48973958333376,43.13557291666687],[-70.48942708333375,43.137760416666865],[-70.48796875000042,43.13890625000019],[-70.48776041666709,43.139531250000196],[-70.48687500000042,43.140260416666855],[-70.48395833333376,43.140572916666855],[-70.4830729166671,43.14135416666686],[-70.48286458333376,43.14260416666686],[-70.48223958333377,43.14328125000019],[-70.48192708333376,43.148385416666855],[-70.4805729166671,43.149687500000184],[-70.48036458333377,43.15093750000018],[-70.47973958333377,43.15135416666685],[-70.47864583333376,43.15427083333351],[-70.47718750000043,43.15473958333351],[-70.47614583333376,43.156093750000174],[-70.47302083333376,43.15723958333351],[-70.47223958333377,43.158072916666846],[-70.4721354166671,43.15994791666684],[-70.4727604166671,43.16052083333351],[-70.47296875000043,43.161770833333506],[-70.47359375000043,43.16218750000017],[-70.47395833333377,43.16343750000017],[-70.47687500000043,43.16359375000017],[-70.47885416666709,43.16140625000017],[-70.48197916666709,43.16026041666684],[-70.48552083333375,43.156406250000174],[-70.48864583333375,43.15526041666684],[-70.49135416666708,43.15223958333351],[-70.49281250000041,43.15192708333351],[-70.49552083333374,43.14890625000018],[-70.49677083333376,43.148697916666855],[-70.49760416666709,43.14791666666685],[-70.49875000000041,43.149062500000184],[-70.49796875000041,43.14989583333352],[-70.49776041666708,43.151145833333516],[-70.49692708333374,43.15192708333351],[-70.49473958333374,43.15223958333351],[-70.49390625000042,43.15307291666685],[-70.49359375000041,43.15526041666685],[-70.49281250000041,43.156093750000174],[-70.49156250000043,43.156302083333514],[-70.49114583333375,43.15692708333351],[-70.48968750000041,43.15739583333351],[-70.48875000000042,43.159687500000175],[-70.48890625000043,43.16109375000018],[-70.48953125000043,43.16156250000017],[-70.48927083333376,43.16281250000017],[-70.4882291666671,43.16286458333351],[-70.48781250000042,43.1622395833335],[-70.48635416666708,43.1619270833335],[-70.48593750000043,43.16125000000017],[-70.4851041666671,43.162031250000176],[-70.48385416666709,43.1622395833335],[-70.4830729166671,43.16307291666684],[-70.4826041666671,43.16526041666684],[-70.47989583333377,43.166354166666835],[-70.47942708333376,43.16781250000017],[-70.4780729166671,43.16885416666683],[-70.4777604166671,43.170312500000165],[-70.47390625000044,43.17385416666683],[-70.4736979166671,43.17510416666683],[-70.47296875000043,43.17588541666682],[-70.4727604166671,43.17776041666683],[-70.4721354166671,43.178229166666824],[-70.4721354166671,43.17927083333349],[-70.47286458333377,43.18020833333349],[-70.47286458333377,43.18229166666682],[-70.47140625000044,43.183958333333486],[-70.47130208333377,43.18645833333348],[-70.47203125000044,43.18739583333348],[-70.47218750000043,43.18843750000015],[-70.47364583333376,43.188906250000144],[-70.47552083333376,43.19109375000014],[-70.47677083333377,43.19135416666681],[-70.47708333333377,43.19229166666681],[-70.47645833333377,43.192812500000144],[-70.47395833333377,43.19307291666681],[-70.4730729166671,43.19385416666681],[-70.47286458333377,43.19510416666681],[-70.47208333333377,43.19604166666681],[-70.47223958333377,43.19697916666681],[-70.47286458333377,43.19739583333347],[-70.47286458333377,43.19843750000014],[-70.47192708333377,43.19953125000014],[-70.47140625000044,43.19953125000014],[-70.47057291666711,43.19859375000014],[-70.47010416666711,43.196406250000145],[-70.46906250000045,43.19630208333348],[-70.46807291666711,43.19723958333348],[-70.46791666666711,43.19864583333347],[-70.46859375000044,43.19994791666681],[-70.46890625000044,43.20505208333347],[-70.46973958333376,43.206770833333465],[-70.47192708333377,43.20723958333346],[-70.47218750000043,43.207760416666794],[-70.47343750000044,43.207968750000134],[-70.47406250000044,43.2086979166668],[-70.47531250000043,43.208906250000126],[-70.47572916666711,43.20953125000013],[-70.47697916666709,43.20973958333346],[-70.47739583333376,43.210416666666795],[-70.47859375000043,43.209479166666796],[-70.47906250000044,43.208020833333464],[-70.4801041666671,43.20786458333347],[-70.48083333333376,43.20723958333346],[-70.48666666666709,43.207395833333464],[-70.48859375000042,43.210677083333465],[-70.48890625000043,43.214322916666795],[-70.48953125000043,43.21520833333346],[-70.48953125000043,43.21729166666679],[-70.48880208333375,43.218385416666784],[-70.48890625000043,43.22026041666679],[-70.48968750000041,43.221093750000115],[-70.49114583333375,43.221406250000115],[-70.49156250000043,43.22203125000012],[-70.49260416666709,43.22203125000012],[-70.49307291666707,43.221406250000115],[-70.49447916666708,43.22125000000012],[-70.49526041666708,43.22156250000012],[-70.49604166666708,43.22281250000012],[-70.5034375000004,43.224062500000116],[-70.50369791666708,43.22510416666678],[-70.50140625000041,43.22718750000011],[-70.50130208333374,43.22843750000011],[-70.50479166666707,43.23192708333344],[-70.50666666666707,43.23208333333344],[-70.50770833333374,43.23192708333344],[-70.5085937500004,43.23098958333345],[-70.50869791666707,43.22786458333344],[-70.5079687500004,43.22645833333345],[-70.50776041666707,43.22395833333345],[-70.50630208333374,43.22276041666678],[-70.5054687500004,43.22130208333345],[-70.5054687500004,43.218697916666784],[-70.50619791666708,43.217135416666785],[-70.5060937500004,43.214010416666795],[-70.5053125000004,43.21307291666679],[-70.50406250000042,43.212812500000126],[-70.50375000000041,43.21229166666679],[-70.5042187500004,43.211354166666794],[-70.5060937500004,43.211406250000124],[-70.50942708333373,43.214687500000124],[-70.50963541666707,43.21593750000012],[-70.51041666666707,43.216770833333456],[-70.51354166666707,43.21723958333345],[-70.5140625000004,43.21786458333346],[-70.51531250000039,43.218072916666785],[-70.51619791666707,43.21906250000012],[-70.5160937500004,43.22031250000012],[-70.51223958333374,43.22385416666678],[-70.51119791666707,43.22677083333345],[-70.5104687500004,43.227395833333446],[-70.5104687500004,43.22843750000011],[-70.51119791666707,43.22906250000011],[-70.5114062500004,43.23031250000011],[-70.51411458333374,43.23276041666677],[-70.51848958333373,43.232864583333445],[-70.51958333333373,43.232604166666775],[-70.51989583333373,43.23213541666678],[-70.52114583333372,43.23223958333344],[-70.52291666666706,43.23406250000011],[-70.52213541666706,43.235052083333436],[-70.52223958333373,43.23692708333344],[-70.52468750000038,43.23942708333343],[-70.52614583333371,43.23973958333343],[-70.52723958333371,43.2410937500001],[-70.52911458333372,43.2415625000001],[-70.52989583333373,43.245937500000096],[-70.53114583333371,43.24640625000009],[-70.53140625000037,43.246927083333425],[-70.53328125000039,43.24729166666676],[-70.53375000000038,43.24916666666676],[-70.53312500000038,43.250208333333426],[-70.53104166666705,43.25036458333343],[-70.53010416666706,43.24963541666676],[-70.52885416666705,43.24942708333342],[-70.5284375000004,43.24880208333343],[-70.52718750000038,43.24859375000009],[-70.52687500000039,43.24807291666676],[-70.52395833333372,43.24776041666676],[-70.52182291666705,43.24557291666676],[-70.51791666666706,43.24572916666676],[-70.5164062500004,43.24729166666676],[-70.5164062500004,43.250208333333426],[-70.51718750000039,43.25109375000009],[-70.5184375000004,43.25130208333343],[-70.51942708333372,43.25218750000009],[-70.51963541666706,43.25343750000009],[-70.52041666666706,43.25427083333342],[-70.51807291666705,43.25473958333342],[-70.51713541666706,43.255729166666754],[-70.51723958333373,43.25697916666675],[-70.5187500000004,43.25854166666675],[-70.51859375000039,43.25947916666675],[-70.51796875000039,43.25973958333341],[-70.51776041666706,43.26036458333342],[-70.51723958333373,43.26036458333342],[-70.51677083333374,43.259635416666754],[-70.51552083333372,43.259427083333414],[-70.5135937500004,43.257239583333416],[-70.5128125000004,43.25708333333342],[-70.51140625000039,43.257239583333416],[-70.51114583333373,43.25776041666675],[-70.5096875000004,43.25807291666675],[-70.50927083333374,43.258697916666755],[-70.50822916666708,43.258697916666755],[-70.50776041666707,43.25807291666675],[-70.50635416666708,43.25791666666675],[-70.50385416666707,43.25921875000008],[-70.50390625000041,43.261093750000086],[-70.50541666666707,43.26260416666675],[-70.51010416666706,43.263072916666744],[-70.5110937500004,43.263854166666746],[-70.51208333333373,43.266354166666744],[-70.5120312500004,43.26744791666674],[-70.51130208333373,43.26822916666674],[-70.5110937500004,43.26947916666674],[-70.50697916666707,43.27359375000007],[-70.50572916666708,43.27380208333341],[-70.50526041666707,43.2744270833334],[-70.50385416666708,43.2745833333334],[-70.50213541666707,43.27380208333341],[-70.49953125000042,43.27380208333341],[-70.49875000000041,43.27406250000007],[-70.49770833333375,43.27526041666673],[-70.49479166666708,43.27526041666673],[-70.49291666666709,43.27322916666674],[-70.49760416666707,43.272760416666735],[-70.49838541666708,43.27213541666674],[-70.50026041666707,43.2719270833334],[-70.50109375000041,43.27104166666674],[-70.50125000000041,43.26916666666674],[-70.50046875000041,43.266979166666744],[-70.50026041666707,43.26322916666675],[-70.49963541666708,43.26260416666675],[-70.49947916666707,43.26156250000008],[-70.49802083333374,43.26109375000008],[-70.49692708333374,43.259635416666754],[-70.49630208333375,43.259427083333414],[-70.49442708333375,43.25630208333342],[-70.49270833333375,43.25708333333342],[-70.49192708333375,43.25640625000008],[-70.49005208333375,43.25619791666676],[-70.48927083333376,43.25546875000009],[-70.4882291666671,43.25531250000009],[-70.48796875000042,43.25406250000009],[-70.48859375000042,43.25364583333342],[-70.48875000000042,43.25270833333342],[-70.4876041666671,43.25125000000009],[-70.48692708333375,43.25192708333342],[-70.48223958333375,43.25307291666675],[-70.48197916666709,43.253593750000086],[-70.4807291666671,43.253802083333426],[-70.48020833333376,43.25442708333342],[-70.4772916666671,43.25442708333342],[-70.47640625000044,43.25364583333342],[-70.47609375000043,43.25218750000009],[-70.47390625000044,43.25026041666676],[-70.4736979166671,43.24838541666676],[-70.4730729166671,43.247812500000094],[-70.47260416666711,43.24635416666676],[-70.47156250000045,43.246197916666766],[-70.4710416666671,43.24557291666676],[-70.46812500000044,43.24510416666676],[-70.4677604166671,43.243854166666765],[-70.46578125000045,43.24213541666677],[-70.46390625000043,43.24223958333343],[-70.46244791666712,43.24369791666677],[-70.4605729166671,43.243593750000095],[-70.45807291666712,43.241093750000104],[-70.45786458333379,43.2392187500001],[-70.45713541666711,43.2384375000001],[-70.45692708333378,43.237187500000104],[-70.45531250000045,43.23557291666677],[-70.45406250000046,43.23536458333344],[-70.45307291666713,43.23447916666677],[-70.45286458333379,43.233229166666774],[-70.45192708333379,43.23213541666678],[-70.45140625000046,43.23213541666678],[-70.45031250000045,43.233593750000104],[-70.44906250000047,43.23359375000011],[-70.44859375000046,43.23140625000011],[-70.44557291666713,43.22854166666678],[-70.44526041666713,43.225625000000115],[-70.44307291666713,43.22359375000012],[-70.44276041666713,43.22140625000012],[-70.44197916666712,43.22057291666678],[-70.44052083333379,43.22026041666678],[-70.44026041666713,43.21963541666679],[-70.4397395833338,43.21963541666679],[-70.4394270833338,43.220364583333456],[-70.43812500000047,43.22125000000012],[-70.43718750000046,43.221093750000115],[-70.4369270833338,43.22046875000012],[-70.43562500000047,43.21963541666679],[-70.43416666666714,43.21958333333345],[-70.43312500000047,43.22005208333345],[-70.43307291666714,43.221927083333455],[-70.4355208333338,43.224427083333445],[-70.43677083333381,43.22453125000012],[-70.43729166666714,43.22390625000011],[-70.43916666666713,43.223750000000116],[-70.4402083333338,43.224062500000116],[-70.44041666666713,43.22479166666678],[-70.44010416666714,43.225312500000115],[-70.43885416666713,43.22557291666678],[-70.43796875000046,43.226562500000114],[-70.43796875000046,43.22760416666678],[-70.43869791666714,43.228385416666775],[-70.43869791666714,43.229947916666774],[-70.43640625000047,43.232239583333445],[-70.43593750000048,43.23442708333344],[-70.43489583333381,43.23453125000011],[-70.4338020833338,43.233802083333444],[-70.4306770833338,43.233593750000104],[-70.42963541666714,43.23276041666677],[-70.42963541666714,43.23223958333344],[-70.43062500000048,43.231406250000106],[-70.43312500000047,43.231041666666776],[-70.43375000000047,43.23000000000011],[-70.43369791666714,43.22854166666678],[-70.43046875000047,43.22494791666678],[-70.43046875000047,43.22338541666678],[-70.43119791666714,43.222604166666784],[-70.43140625000048,43.221354166666785],[-70.43203125000048,43.22093750000012],[-70.43203125000048,43.21989583333345],[-70.43140625000048,43.21947916666679],[-70.43078125000048,43.218020833333455],[-70.42890625000047,43.21822916666679],[-70.42859375000047,43.21947916666679],[-70.42796875000047,43.22005208333345],[-70.42776041666714,43.221927083333455],[-70.42708333333381,43.222604166666784],[-70.42395833333381,43.22307291666678],[-70.42213541666715,43.224739583333445],[-70.42213541666715,43.22526041666678],[-70.42442708333381,43.22718750000011],[-70.42458333333381,43.22812500000011],[-70.42281250000048,43.23026041666677],[-70.42135416666714,43.23072916666678],[-70.42125000000048,43.23145833333344],[-70.42276041666715,43.23302083333344],[-70.42307291666715,43.23447916666677],[-70.42635416666714,43.23776041666677],[-70.42760416666715,43.23796875000011],[-70.42812500000048,43.2385937500001],[-70.43062500000048,43.23885416666677],[-70.43125000000047,43.2393750000001],[-70.43119791666714,43.24010416666677],[-70.42973958333381,43.24135416666677],[-70.4294270833338,43.2428125000001],[-70.42843750000048,43.24369791666677],[-70.42739583333382,43.24369791666677],[-70.42697916666714,43.24307291666676],[-70.42572916666715,43.242864583333436],[-70.42520833333381,43.24223958333343],[-70.42270833333382,43.24213541666677],[-70.42140625000049,43.24302083333343],[-70.42109375000048,43.244479166666764],[-70.41973958333382,43.24567708333343],[-70.41973958333382,43.24932291666676],[-70.42036458333382,43.249895833333426],[-70.42057291666715,43.251145833333425],[-70.42286458333382,43.25338541666675],[-70.42286458333382,43.25494791666675],[-70.42192708333381,43.25619791666676],[-70.42140625000049,43.25619791666676],[-70.42093750000049,43.25546875000009],[-70.41989583333383,43.25531250000009],[-70.41942708333382,43.253854166666756],[-70.41864583333381,43.25307291666675],[-70.41739583333383,43.25296875000009],[-70.41640625000049,43.25390625000009],[-70.41619791666716,43.255781250000084],[-70.41557291666716,43.25635416666675],[-70.41510416666716,43.257812500000085],[-70.4140625000005,43.25796875000009],[-70.41312500000049,43.258697916666755],[-70.4106250000005,43.25890625000008],[-70.4087500000005,43.26093750000008],[-70.41052083333382,43.262760416666744],[-70.41177083333383,43.26286458333342],[-70.41260416666717,43.262083333333415],[-70.41442708333382,43.263854166666746],[-70.4145312500005,43.265104166666745],[-70.41307291666716,43.266354166666744],[-70.41291666666716,43.26729166666674],[-70.41442708333382,43.26885416666674],[-70.41463541666715,43.27010416666674],[-70.41557291666716,43.27119791666674],[-70.41687500000049,43.272083333333406],[-70.41781250000048,43.2719270833334],[-70.41822916666716,43.27130208333341],[-70.41947916666714,43.27156250000007],[-70.41942708333382,43.27281250000007],[-70.4184375000005,43.27369791666674],[-70.41718750000048,43.27390625000007],[-70.41630208333382,43.2748958333334],[-70.41609375000048,43.2761458333334],[-70.41546875000049,43.27656250000007],[-70.41546875000049,43.277604166666734],[-70.4159375000005,43.277916666666734],[-70.41619791666716,43.27916666666673],[-70.41640625000049,43.28416666666673],[-70.41729166666715,43.28526041666672],[-70.42020833333382,43.28557291666672],[-70.42192708333381,43.287239583333395],[-70.42213541666715,43.28911458333339],[-70.42276041666715,43.28989583333339],[-70.42338541666714,43.294270833333385],[-70.42447916666714,43.294583333333385],[-70.4259895833338,43.29390625000005],[-70.43401041666714,43.29359375000005],[-70.43557291666713,43.292239583333384],[-70.43635416666714,43.29208333333339],[-70.43776041666713,43.292239583333384],[-70.43890625000046,43.29359375000005],[-70.44031250000046,43.29375000000005],[-70.44151041666713,43.293072916666716],[-70.44515625000045,43.29276041666672],[-70.44593750000047,43.29208333333339],[-70.44692708333379,43.29307291666672],[-70.44703125000046,43.294947916666715],[-70.44515625000045,43.29692708333338],[-70.44151041666713,43.29723958333338],[-70.44114583333379,43.29776041666671],[-70.43989583333381,43.29812500000005],[-70.43937500000047,43.300625000000046],[-70.4383333333338,43.301250000000046],[-70.4364583333338,43.30140625000004],[-70.43479166666714,43.30375000000004],[-70.43385416666713,43.303437500000044],[-70.43359375000047,43.302187500000045],[-70.43140625000048,43.30031250000005],[-70.43119791666714,43.29906250000005],[-70.43031250000047,43.29807291666671],[-70.42718750000047,43.29692708333338],[-70.42609375000048,43.295468750000055],[-70.42557291666715,43.295468750000055],[-70.42510416666715,43.29619791666672],[-70.42385416666714,43.29640625000005],[-70.42223958333382,43.29802083333338],[-70.42203125000049,43.29927083333338],[-70.42140625000049,43.29994791666672],[-70.42125000000048,43.30177083333338],[-70.42130208333381,43.304322916666706],[-70.42192708333381,43.30567708333338],[-70.42208333333382,43.30802083333337],[-70.42270833333382,43.30932291666671],[-70.42479166666715,43.30968750000004],[-70.42541666666715,43.31020833333337],[-70.42526041666714,43.31114583333337],[-70.42463541666714,43.31171875000003],[-70.42442708333381,43.31359375000004],[-70.42390625000048,43.3138541666667],[-70.42369791666715,43.3151041666667],[-70.42296875000048,43.315885416666696],[-70.42307291666715,43.3177604166667],[-70.42385416666714,43.318593750000026],[-70.42510416666715,43.31895833333336],[-70.42541666666715,43.32000000000003],[-70.42526041666714,43.32187500000003],[-70.42359375000048,43.32359375000002],[-70.42140625000047,43.32390625000002],[-70.41994791666716,43.32536458333336],[-70.41807291666714,43.32510416666669],[-70.41796875000048,43.324062500000025],[-70.41890625000048,43.32307291666669],[-70.42109375000048,43.32276041666669],[-70.42192708333381,43.321927083333364],[-70.42192708333381,43.319739583333366],[-70.42109375000048,43.318906250000026],[-70.42031250000048,43.31875000000003],[-70.41890625000048,43.318906250000026],[-70.41692708333382,43.321093750000024],[-70.41473958333381,43.32156250000003],[-70.41364583333382,43.32427083333336],[-70.41218750000048,43.324739583333354],[-70.41177083333383,43.32536458333336],[-70.41072916666717,43.32536458333336],[-70.41031250000049,43.324739583333354],[-70.4090625000005,43.32453125000003],[-70.40854166666716,43.32390625000002],[-70.4056250000005,43.32359375000002],[-70.40531250000049,43.32307291666669],[-70.4040625000005,43.32286458333336],[-70.4029687500005,43.3221354166667],[-70.3998437500005,43.32223958333336],[-70.39890625000051,43.32302083333336],[-70.39880208333383,43.32427083333336],[-70.39942708333383,43.324687500000024],[-70.39963541666717,43.32593750000002],[-70.4004687500005,43.32692708333335],[-70.4010937500005,43.32713541666669],[-70.4021875000005,43.32859375000002],[-70.40364583333383,43.32890625000002],[-70.40468750000049,43.33026041666668],[-70.40614583333382,43.33057291666668],[-70.4084375000005,43.332916666666684],[-70.4087500000005,43.33604166666668],[-70.4084375000005,43.33791666666668],[-70.40635416666716,43.33921875000001],[-70.4060937500005,43.34109375000001],[-70.40557291666717,43.341354166666676],[-70.40536458333384,43.342604166666675],[-70.40473958333384,43.343177083333345],[-70.40427083333384,43.346822916666675],[-70.40302083333383,43.346927083333334],[-70.40161458333384,43.34546875000001],[-70.39973958333383,43.34557291666667],[-70.39890625000051,43.346510416666675],[-70.3987500000005,43.34885416666667],[-70.39802083333383,43.349635416666665],[-70.39663694197375,43.350129663580994],[-70.38792191182998,43.350140105745076],[-70.38708333333385,43.35010416666667],[-70.38739583333385,43.34963541666667]],[[-70.24072916666732,42.77296875000053],[-70.24031250000064,42.77359375000052],[-70.23885416666731,42.77390625000052],[-70.23807291666732,42.77473958333386],[-70.23812500000065,42.77661458333385],[-70.24104166666731,42.77692708333385],[-70.24286458333398,42.77510416666719],[-70.24276041666731,42.77385416666719],[-70.24177083333399,42.77296875000053],[-70.24072916666732,42.77296875000053]],[[-70.30609375000058,43.28234375000007],[-70.3065625000006,43.2859895833334],[-70.30729166666725,43.28625000000006],[-70.30802083333391,43.28557291666672],[-70.30947916666724,43.28510416666673],[-70.30973958333392,43.28385416666673],[-70.31125000000058,43.282395833333396],[-70.31026041666725,43.28140625000006],[-70.30807291666724,43.28109375000006],[-70.30656250000058,43.2795833333334],[-70.30546875000059,43.28072916666673],[-70.30546875000059,43.2817708333334],[-70.30609375000058,43.28234375000007]],[[-70.31630208333391,43.27656250000007],[-70.31625000000058,43.277291666666734],[-70.31703125000058,43.27781250000007],[-70.32041666666724,43.277604166666734],[-70.32109375000057,43.276979166666734],[-70.32125000000057,43.276041666666735],[-70.32020833333391,43.2747395833334],[-70.31770833333391,43.27468750000007],[-70.31630208333391,43.27656250000007]],[[-70.38291666666719,43.26552083333341],[-70.38213541666718,43.26411458333341],[-70.38192708333385,43.26223958333342],[-70.38109375000052,43.26140625000008],[-70.37968750000053,43.26125000000008],[-70.37890625000051,43.26140625000008],[-70.37723958333386,43.26312500000008],[-70.37708333333386,43.26500000000008],[-70.3780729166672,43.267812500000076],[-70.3801041666672,43.26958333333341],[-70.38052083333385,43.26890625000007],[-70.38197916666718,43.268437500000076],[-70.38213541666718,43.26739583333341],[-70.38286458333386,43.26661458333341],[-70.38291666666719,43.26552083333341]],[[-70.38380208333385,43.32572916666669],[-70.38359375000051,43.32697916666669],[-70.38291666666719,43.327395833333355],[-70.38369791666719,43.32822916666669],[-70.38390625000052,43.32947916666669],[-70.38479166666718,43.33026041666668],[-70.38770833333385,43.33057291666668],[-70.38843750000052,43.33125000000002],[-70.38953125000052,43.32994791666668],[-70.38942708333384,43.32807291666669],[-70.38614583333384,43.324739583333354],[-70.38468750000051,43.324739583333354],[-70.38380208333385,43.32572916666669]],[[-70.38546875000051,43.33859375000001],[-70.38651041666718,43.33942708333334],[-70.38885416666719,43.339583333333344],[-70.3901562500005,43.338958333333345],[-70.3901562500005,43.33687500000001],[-70.38885416666719,43.336250000000014],[-70.38651041666718,43.336562500000014],[-70.38546875000051,43.33859375000001]],[[-70.41463541666715,43.248437500000094],[-70.41442708333382,43.247187500000095],[-70.41223958333383,43.2453125000001],[-70.41213541666716,43.2440625000001],[-70.41302083333382,43.24307291666676],[-70.41395833333382,43.242916666666765],[-70.41552083333382,43.24442708333343],[-70.41677083333383,43.244427083333434],[-70.41708333333382,43.24302083333343],[-70.41630208333382,43.24145833333343],[-70.41635416666715,43.2393750000001],[-70.41791666666715,43.23822916666677],[-70.41557291666714,43.23776041666677],[-70.41531250000048,43.237239583333434],[-70.41281250000048,43.236250000000105],[-70.41140625000048,43.2364062500001],[-70.40979166666716,43.23791666666677],[-70.40885416666715,43.23776041666677],[-70.4084375000005,43.237135416666774],[-70.40739583333384,43.237135416666774],[-70.40557291666717,43.238958333333436],[-70.40557291666717,43.2418750000001],[-70.4065625000005,43.242864583333436],[-70.40994791666716,43.24401041666677],[-70.41057291666716,43.2476562500001],[-70.41192708333382,43.249843750000096],[-70.41223958333381,43.252968750000086],[-70.41255208333382,43.253489583333426],[-70.41364583333382,43.25375000000009],[-70.41442708333382,43.25343750000009],[-70.41473958333383,43.25218750000009],[-70.41526041666715,43.25187500000009],[-70.41536458333383,43.24937500000009],[-70.41463541666715,43.248437500000094]],[[-70.41348958333381,43.308906250000035],[-70.41114583333382,43.30875000000004],[-70.40984375000049,43.309218750000035],[-70.40973958333383,43.31109375000004],[-70.41119791666716,43.312239583333366],[-70.4114062500005,43.31286458333337],[-70.41239583333383,43.313697916666705],[-70.41364583333382,43.31390625000003],[-70.41390625000048,43.314427083333364],[-70.41609375000048,43.314427083333364],[-70.41776041666715,43.312812500000035],[-70.41760416666716,43.3113541666667],[-70.41468750000048,43.3102604166667],[-70.41348958333381,43.308906250000035]],[[-70.41276041666715,43.11302083333355],[-70.41307291666715,43.11427083333355],[-70.41447916666715,43.11458333333355],[-70.41541666666716,43.11427083333355],[-70.41692708333382,43.11281250000022],[-70.41713541666715,43.11156250000022],[-70.41791666666715,43.11062500000022],[-70.41776041666715,43.10968750000022],[-70.41713541666715,43.10911458333355],[-70.41697916666715,43.10755208333355],[-70.41645833333382,43.107083333333556],[-70.41552083333382,43.10723958333355],[-70.41515625000048,43.107760416666885],[-70.4120312500005,43.10807291666689],[-70.41125000000049,43.10885416666689],[-70.41223958333383,43.11276041666689],[-70.41276041666715,43.11302083333355]],[[-70.44942708333379,43.208020833333464],[-70.44859375000046,43.20723958333346],[-70.44671875000046,43.207031250000135],[-70.4458333333338,43.20640625000013],[-70.44000000000047,43.20609375000013],[-70.4388020833338,43.205260416666796],[-70.43859375000046,43.204635416666804],[-70.43807291666714,43.204687500000134],[-70.43796875000046,43.20593750000013],[-70.4394270833338,43.20723958333347],[-70.4397395833338,43.209427083333466],[-70.44046875000046,43.21026041666679],[-70.44156250000047,43.2111979166668],[-70.44281250000046,43.211406250000124],[-70.44557291666712,43.214427083333455],[-70.44776041666712,43.214427083333455],[-70.45026041666712,43.211927083333464],[-70.4503645833338,43.21005208333346],[-70.44963541666712,43.20927083333346],[-70.44942708333379,43.208020833333464]],[[-70.45390625000046,43.14802083333352],[-70.45526041666712,43.14697916666685],[-70.45536458333379,43.145729166666854],[-70.45437500000045,43.14473958333352],[-70.45145833333379,43.14473958333352],[-70.4497395833338,43.14635416666685],[-70.44953125000046,43.14760416666685],[-70.44890625000046,43.14817708333352],[-70.44875000000046,43.150520833333516],[-70.44921875000045,43.15182291666685],[-70.45109375000045,43.15192708333351],[-70.45223958333379,43.150468750000186],[-70.45286458333379,43.150260416666846],[-70.45369791666712,43.14927083333352],[-70.45390625000046,43.14802083333352]],[[-70.45531250000045,43.13208333333353],[-70.45390625000044,43.13223958333353],[-70.45307291666713,43.13307291666687],[-70.45276041666712,43.13526041666687],[-70.45223958333379,43.13552083333353],[-70.45203125000046,43.13677083333353],[-70.45130208333379,43.13739583333353],[-70.45151041666712,43.138437500000194],[-70.45515625000044,43.13859375000019],[-70.45609375000045,43.13755208333353],[-70.45625000000045,43.13427083333353],[-70.45578125000046,43.13244791666687],[-70.45531250000045,43.13208333333353]],[[-70.48031250000044,43.101302083333564],[-70.47656250000043,43.10156250000023],[-70.4754166666671,43.10354166666689],[-70.4755729166671,43.10447916666689],[-70.4761979166671,43.105052083333554],[-70.47625000000043,43.10614583333356],[-70.47718750000044,43.10692708333356],[-70.48093750000042,43.10692708333355],[-70.48192708333376,43.10598958333356],[-70.48192708333376,43.10234375000023],[-70.48125000000043,43.10156250000023],[-70.48031250000044,43.101302083333564]],[[-70.49541666666708,43.2403125000001],[-70.49526041666708,43.238906250000106],[-70.49442708333375,43.238072916666766],[-70.49255208333375,43.23796875000011],[-70.49156250000041,43.2387500000001],[-70.48973958333376,43.236822916666775],[-70.48973958333376,43.233177083333445],[-70.49093750000043,43.23208333333344],[-70.49119791666709,43.23083333333344],[-70.49093750000043,43.22541666666678],[-70.48739583333375,43.22875000000011],[-70.48708333333376,43.23187500000011],[-70.48645833333376,43.23343750000011],[-70.48395833333376,43.2339062500001],[-70.48343750000043,43.23453125000011],[-70.48218750000042,43.234739583333436],[-70.48177083333377,43.23536458333344],[-70.48052083333376,43.23557291666677],[-70.47973958333377,43.23645833333344],[-70.47942708333376,43.2393750000001],[-70.47880208333376,43.24005208333343],[-70.47880208333376,43.24161458333343],[-70.47953125000043,43.24239583333343],[-70.4796354166671,43.2434375000001],[-70.48140625000043,43.24536458333343],[-70.48192708333376,43.24536458333343],[-70.4822916666671,43.24473958333343],[-70.4841666666671,43.24458333333343],[-70.48645833333376,43.24541666666676],[-70.48739583333376,43.24463541666677],[-70.48864583333375,43.24442708333343],[-70.49041666666709,43.2415625000001],[-70.49447916666709,43.241093750000104],[-70.49541666666708,43.2403125000001]],[[-70.53463541666704,43.05890625000026],[-70.53463541666704,43.059427083333595],[-70.53526041666704,43.059635416666936],[-70.53635416666704,43.06109375000026],[-70.53729166666704,43.061250000000264],[-70.53953125000038,43.059427083333595],[-70.53953125000038,43.05890625000026],[-70.53812500000038,43.05796875000027],[-70.53562500000038,43.05807291666693],[-70.53463541666704,43.05890625000026]],[[-70.56708333333368,43.01218750000031],[-70.56723958333369,43.01359375000031],[-70.568072916667,43.014427083333636],[-70.56947916666701,43.01458333333364],[-70.57109375000034,43.01364583333364],[-70.57109375000034,43.01218750000031],[-70.56979166666702,43.011302083333646],[-70.56770833333368,43.01140625000031],[-70.56708333333368,43.01218750000031]],[[-70.58531250000033,42.88640625000042],[-70.58739583333367,42.88869791666709],[-70.58843750000034,42.888645833333754],[-70.58859375000033,42.88718750000042],[-70.585572916667,42.88447916666709],[-70.585260416667,42.88302083333376],[-70.58406250000033,42.88208333333376],[-70.58375000000034,42.884687500000425],[-70.58406250000034,42.88598958333376],[-70.58531250000033,42.88640625000042]],[[-70.71302083333356,42.82796875000048],[-70.71140625000022,42.82885416666714],[-70.71140625000022,42.830312500000474],[-70.71375000000022,42.83260416666714],[-70.71635416666689,42.83291666666714],[-70.71713541666688,42.832656250000475],[-70.71791666666688,42.83135416666714],[-70.71776041666688,42.829010416667145],[-70.71708333333355,42.82822916666714],[-70.71302083333356,42.82796875000048]]]}},{"type":"Feature","properties":{"min_depth":40,"max_depth":80},"geometry":{"type":"Polygon","coordinates":[[[-70.20463541666734,43.303072916666714],[-70.20541666666735,43.30385416666671],[-70.20526041666734,43.30526041666671],[-70.20260416666736,43.307916666666706],[-70.19973958333402,43.306145833333375],[-70.19963541666735,43.304895833333376],[-70.20151041666735,43.30307291666671],[-70.20463541666734,43.303072916666714]]]}},{"type":"Feature","properties":{"min_depth":40,"max_depth":80},"geometry":{"type":"Polygon","coordinates":[[[-70.220208333334,42.764635416667204],[-70.218802083334,42.76536458333387],[-70.215677083334,42.765572916667196],[-70.21447916666733,42.76625000000053],[-70.21338541666734,42.7661979166672],[-70.21260416666735,42.76546875000054],[-70.21135416666733,42.765260416667196],[-70.21031250000067,42.76390625000053],[-70.20906250000068,42.763697916667205],[-70.208645833334,42.7630729166672],[-70.20739583333402,42.76286458333387],[-70.206770833334,42.762239583333866],[-70.20302083333402,42.762135416667206],[-70.20140625000069,42.76286458333387],[-70.20119791666735,42.762239583333866],[-70.20057291666735,42.7619791666672],[-70.20041666666735,42.761041666667204],[-70.20088541666735,42.76052083333387],[-70.20276041666735,42.7602604166672],[-70.20359375000068,42.759479166667205],[-70.20390625000068,42.75802083333387],[-70.205520833334,42.75640625000054],[-70.20677083333402,42.75619791666721],[-70.208020833334,42.75473958333387],[-70.211145833334,42.75359375000054],[-70.212239583334,42.752239583333875],[-70.21411458333401,42.75203125000055],[-70.214739583334,42.75140625000054],[-70.216614583334,42.751197916667216],[-70.21723958333399,42.75057291666721],[-70.219114583334,42.750364583333884],[-70.21994791666734,42.74973958333388],[-70.22432291666733,42.74963541666722],[-70.22604166666733,42.750364583333884],[-70.22854166666733,42.75057291666721],[-70.23109375000065,42.753072916667215],[-70.23119791666733,42.754947916667206],[-70.23046875000065,42.755885416667205],[-70.23026041666732,42.75776041666721],[-70.22614583333399,42.761927083333866],[-70.22468750000066,42.762239583333866],[-70.222708333334,42.764427083333864],[-70.220208333334,42.764635416667204]],[[-70.21812500000067,42.75640625000054],[-70.21640625000067,42.75802083333387],[-70.216302083334,42.75927083333387],[-70.21760416666734,42.760416666667204],[-70.218020833334,42.75973958333387],[-70.21947916666733,42.75942708333387],[-70.22109375000066,42.75781250000054],[-70.22104166666733,42.75656250000054],[-70.21812500000067,42.75640625000054]]]}},{"type":"Feature","properties":{"min_depth":40,"max_depth":80},"geometry":{"type":"Polygon","coordinates":[[[-70.27031250000063,43.29369791666672],[-70.26656250000062,43.29390625000005],[-70.26604166666729,43.29442708333338],[-70.26312500000063,43.29442708333338],[-70.2610416666673,43.292239583333384],[-70.25812500000063,43.291927083333384],[-70.2571354166673,43.290937500000055],[-70.25723958333397,43.289687500000056],[-70.25885416666729,43.28807291666672],[-70.26031250000062,43.28776041666672],[-70.26307291666728,43.28473958333339],[-70.26526041666729,43.28442708333339],[-70.26609375000062,43.283593750000065],[-70.26630208333395,43.28171875000006],[-70.26692708333395,43.2811458333334],[-70.26739583333396,43.279687500000065],[-70.26843750000063,43.27953125000007],[-70.26885416666728,43.27890625000006],[-70.2701041666673,43.27869791666674],[-70.27052083333395,43.27807291666673],[-70.27177083333396,43.277864583333404],[-70.27234375000062,43.2772395833334],[-70.27625000000062,43.2773958333334],[-70.27692708333394,43.27807291666674],[-70.27713541666728,43.27994791666673],[-70.27776041666728,43.280625000000065],[-70.27791666666728,43.28166666666673],[-70.27776041666728,43.28354166666673],[-70.27723958333395,43.283906250000065],[-70.27703125000062,43.285781250000056],[-70.27630208333395,43.286718750000055],[-70.27630208333395,43.288281250000054],[-70.27703125000062,43.28937500000006],[-70.27677083333396,43.291875000000054],[-70.27552083333394,43.292239583333384],[-70.2751562500006,43.29276041666672],[-70.27203125000062,43.29296875000006],[-70.27031250000063,43.29369791666672]]]}},{"type":"Feature","properties":{"min_depth":40,"max_depth":80},"geometry":{"type":"Polygon","coordinates":[[[-70.30880208333392,43.22244791666678],[-70.30942708333392,43.22312500000012],[-70.30958333333392,43.225000000000115],[-70.30864583333391,43.226250000000114],[-70.30723958333391,43.22609375000011],[-70.30677083333393,43.22546875000012],[-70.30552083333392,43.22526041666678],[-70.30473958333393,43.224375000000116],[-70.30473958333393,43.22145833333345],[-70.3065625000006,43.21963541666679],[-70.30760416666726,43.21963541666679],[-70.30859375000058,43.22057291666679],[-70.30880208333392,43.22244791666678]]]}},{"type":"Feature","properties":{"min_depth":40,"max_depth":80},"geometry":{"type":"Polygon","coordinates":[[[-70.34286458333389,42.89057291666708],[-70.34286458333389,42.891093750000415],[-70.34208333333389,42.89177083333375],[-70.33348958333389,42.89192708333375],[-70.33244791666723,42.891302083333755],[-70.33057291666722,42.891093750000415],[-70.33031250000056,42.89057291666708],[-70.32906250000057,42.890364583333756],[-70.3286458333339,42.88973958333375],[-70.32739583333391,42.889531250000424],[-70.32677083333391,42.88880208333376],[-70.3255208333339,42.88859375000042],[-70.32526041666723,42.888072916667085],[-70.32057291666723,42.88692708333375],[-70.32010416666725,42.88630208333376],[-70.31885416666724,42.88609375000042],[-70.31859375000057,42.88557291666709],[-70.31671875000058,42.88536458333376],[-70.31593750000059,42.884635416667095],[-70.31489583333392,42.88453125000043],[-70.31442708333391,42.88390625000042],[-70.30973958333391,42.88276041666709],[-70.30807291666726,42.88114583333376],[-70.30791666666725,42.88020833333376],[-70.30854166666725,42.87968750000043],[-70.31062500000058,42.8796354166671],[-70.31187500000058,42.880364583333765],[-70.31437500000058,42.88057291666709],[-70.31484375000058,42.881093750000424],[-70.3184895833339,42.881406250000424],[-70.31921875000057,42.88203125000043],[-70.32109375000057,42.88223958333376],[-70.32171875000057,42.88286458333376],[-70.32359375000057,42.88307291666709],[-70.32385416666723,42.88359375000042],[-70.32510416666724,42.88380208333376],[-70.32562500000057,42.884427083333755],[-70.32812500000057,42.884635416667095],[-70.3289583333339,42.88526041666709],[-70.3314583333339,42.88546875000043],[-70.33229166666723,42.88609375000042],[-70.33479166666723,42.88630208333376],[-70.33588541666722,42.887031250000426],[-70.33776041666722,42.88723958333375],[-70.33802083333389,42.887760416667085],[-70.33947916666722,42.888072916667085],[-70.3398958333339,42.88869791666709],[-70.34114583333388,42.88890625000042],[-70.34223958333389,42.890364583333756],[-70.34286458333389,42.89057291666708]]]}},{"type":"Feature","properties":{"min_depth":40,"max_depth":80},"geometry":{"type":"Polygon","coordinates":[[[-70.31875000000058,43.218333333333455],[-70.31859375000057,43.22020833333345],[-70.31776041666724,43.221093750000115],[-70.31557291666724,43.221093750000115],[-70.31531250000057,43.22057291666678],[-70.31406250000059,43.22020833333345],[-70.31375000000058,43.21916666666679],[-70.31406250000057,43.217708333333455],[-70.31562500000058,43.217083333333456],[-70.31687500000058,43.217083333333456],[-70.31843750000057,43.217708333333455],[-70.31875000000058,43.218333333333455]]]}},{"type":"Feature","properties":{"min_depth":40,"max_depth":80},"geometry":{"type":"Polygon","coordinates":[[[-70.3278645833339,43.23510416666677],[-70.32713541666723,43.23588541666677],[-70.32697916666723,43.23744791666677],[-70.3264583333339,43.23791666666677],[-70.3255208333339,43.23776041666677],[-70.32473958333391,43.23671875000011],[-70.32453125000058,43.232343750000105],[-70.32427083333391,43.23125000000011],[-70.3238020833339,43.23093750000011],[-70.3238020833339,43.229895833333444],[-70.32453125000058,43.229270833333445],[-70.32473958333391,43.228020833333446],[-70.32609375000057,43.22697916666678],[-70.3263020833339,43.22572916666678],[-70.3272395833339,43.224635416666786],[-70.32838541666723,43.22380208333345],[-70.32994791666724,43.22385416666678],[-70.33057291666724,43.225312500000115],[-70.33125000000057,43.22572916666678],[-70.33041666666723,43.22718750000011],[-70.33057291666724,43.228593750000115],[-70.33119791666724,43.22921875000011],[-70.33114583333389,43.230781250000106],[-70.32890625000057,43.23218750000011],[-70.32869791666724,43.23343750000011],[-70.32796875000057,43.23406250000011],[-70.3278645833339,43.23510416666677]]]}},{"type":"Feature","properties":{"min_depth":40,"max_depth":80},"geometry":{"type":"Polygon","coordinates":[[[-70.34536458333389,43.23677083333344],[-70.34473958333389,43.237187500000104],[-70.34437500000055,43.2384375000001],[-70.34145833333389,43.2385937500001],[-70.34046875000055,43.23776041666677],[-70.33963541666722,43.236614583333434],[-70.33963541666722,43.235052083333436],[-70.34109375000055,43.23265625000011],[-70.34156250000056,43.22901041666678],[-70.34338541666722,43.227968750000116],[-70.34494791666722,43.227968750000116],[-70.34776041666721,43.22968750000011],[-70.34875000000055,43.232291666666775],[-70.34786458333389,43.233593750000104],[-70.34557291666722,43.23552083333344],[-70.34536458333389,43.23677083333344]]]}},{"type":"Feature","properties":{"min_depth":40,"max_depth":80},"geometry":{"type":"Polygon","coordinates":[[[-70.35192708333388,42.87640625000043],[-70.35291666666721,42.877395833333765],[-70.35255208333388,42.877760416667094],[-70.34744791666722,42.877760416667094],[-70.34640625000056,42.8769791666671],[-70.34625000000055,42.8760416666671],[-70.34687500000055,42.875520833333766],[-70.34895833333388,42.87546875000044],[-70.35005208333388,42.8761979166671],[-70.35192708333388,42.87640625000043]]]}},{"type":"Feature","properties":{"min_depth":40,"max_depth":80},"geometry":{"type":"Polygon","coordinates":[[[-70.3630729166672,43.173906250000165],[-70.3627604166672,43.17609375000016],[-70.36161458333387,43.17703125000016],[-70.35708333333388,43.177916666666825],[-70.35333333333388,43.17776041666682],[-70.35265625000054,43.17723958333349],[-70.34875000000055,43.17677083333349],[-70.34796875000055,43.17531250000016],[-70.34822916666721,43.171250000000164],[-70.34890625000054,43.17057291666683],[-70.35359375000054,43.169427083333495],[-70.35578125000055,43.1672395833335],[-70.3608854166672,43.1669270833335],[-70.36187500000054,43.16625000000017],[-70.36281250000053,43.166406250000165],[-70.3633854166672,43.16703125000017],[-70.3644791666672,43.1670833333335],[-70.3652604166672,43.1681770833335],[-70.36531250000053,43.17182291666683],[-70.3647916666672,43.17291666666683],[-70.3638541666672,43.173072916666825],[-70.3630729166672,43.173906250000165]]]}},{"type":"Feature","properties":{"min_depth":40,"max_depth":80},"geometry":{"type":"Polygon","coordinates":[[[-70.38244791666719,42.88052083333376],[-70.38291666666719,42.881041666667095],[-70.38250000000052,42.88177083333376],[-70.37750000000052,42.88203125000043],[-70.37583333333386,42.881406250000424],[-70.37083333333386,42.8811979166671],[-70.36864583333387,42.88046875000043],[-70.36489583333386,42.88026041666709],[-70.36390625000054,42.879479166667096],[-70.36380208333387,42.8782291666671],[-70.36489583333386,42.87723958333376],[-70.36864583333387,42.8771354166671],[-70.37114583333386,42.878072916667094],[-70.37140625000052,42.87859375000043],[-70.37328125000053,42.87880208333377],[-70.3741666666672,42.87942708333376],[-70.38000000000052,42.87973958333376],[-70.38088541666718,42.880364583333765],[-70.38244791666719,42.88052083333376]]]}},{"type":"Feature","properties":{"min_depth":40,"max_depth":80},"geometry":{"type":"Polygon","coordinates":[[[-70.37276041666719,43.13822916666686],[-70.3729166666672,43.14104166666686],[-70.3724479166672,43.14197916666686],[-70.3701041666672,43.142916666666856],[-70.3658854166672,43.14276041666685],[-70.36473958333387,43.14187500000019],[-70.3646354166672,43.13937500000019],[-70.36536458333387,43.138437500000194],[-70.3655729166672,43.137187500000195],[-70.36656250000054,43.13630208333353],[-70.36781250000053,43.13609375000019],[-70.3682291666672,43.1354687500002],[-70.36927083333387,43.1354687500002],[-70.36989583333387,43.136197916666866],[-70.37114583333386,43.13640625000019],[-70.37276041666719,43.13822916666686]]]}},{"type":"Feature","properties":{"min_depth":40,"max_depth":80},"geometry":{"type":"Polygon","coordinates":[[[-70.42661458333382,42.93807291666704],[-70.42546875000048,42.938697916667046],[-70.42234375000048,42.93890625000037],[-70.42145833333382,42.93958333333371],[-70.41885416666715,42.93859375000037],[-70.41807291666716,42.937812500000376],[-70.41692708333382,42.93468750000038],[-70.41557291666716,42.933593750000384],[-70.41536458333383,42.93171875000038],[-70.41463541666715,42.93078125000038],[-70.41359375000049,42.92640625000039],[-70.41307291666716,42.92614583333372],[-70.41286458333383,42.92489583333372],[-70.41208333333383,42.92395833333372],[-70.41223958333383,42.92302083333372],[-70.41359375000049,42.92197916666706],[-70.41380208333382,42.92072916666706],[-70.41442708333382,42.92026041666706],[-70.4145312500005,42.91838541666706],[-70.41380208333382,42.91760416666706],[-70.41364583333382,42.916562500000396],[-70.41218750000048,42.91609375000039],[-70.41182291666715,42.91557291666706],[-70.4045312500005,42.914479166667064],[-70.4037500000005,42.91395833333373],[-70.4034375000005,42.91302083333373],[-70.4021875000005,42.91276041666706],[-70.40114583333383,42.9114062500004],[-70.40020833333384,42.9112500000004],[-70.39739583333383,42.912916666667066],[-70.39677083333385,42.91791666666706],[-70.39604166666717,42.91859375000039],[-70.39354166666718,42.91880208333373],[-70.39229166666718,42.91942708333372],[-70.38354166666718,42.91942708333372],[-70.38229166666719,42.91880208333373],[-70.37979166666719,42.91859375000039],[-70.37927083333385,42.91807291666706],[-70.37489583333385,42.91776041666706],[-70.37442708333386,42.917239583333725],[-70.37255208333386,42.9170312500004],[-70.37197916666719,42.91640625000039],[-70.37052083333386,42.915937500000396],[-70.37036458333387,42.91489583333373],[-70.3696354166672,42.91442708333373],[-70.3696354166672,42.913906250000394],[-70.3702604166672,42.91369791666707],[-70.37218750000052,42.9114062500004],[-70.37364583333385,42.9110937500004],[-70.37390625000053,42.910468750000405],[-70.37505208333386,42.90973958333373],[-70.38161458333386,42.90973958333373],[-70.38421875000051,42.9110937500004],[-70.38843750000052,42.9112500000004],[-70.39125000000051,42.9109375000004],[-70.39223958333385,42.90963541666707],[-70.39286458333385,42.90942708333373],[-70.39286458333385,42.9089062500004],[-70.39223958333385,42.90869791666707],[-70.39026041666718,42.9064062500004],[-70.38838541666718,42.906197916667075],[-70.38760416666719,42.90546875000041],[-70.38635416666718,42.90526041666707],[-70.38473958333385,42.90364583333374],[-70.38473958333385,42.90218750000041],[-70.38703125000052,42.900260416667074],[-70.38703125000052,42.89973958333374],[-70.38609375000051,42.89890625000041],[-70.38140625000051,42.897760416667076],[-70.38046875000052,42.89677083333375],[-70.38067708333385,42.89572916666708],[-70.38380208333385,42.89546875000042],[-70.38536458333385,42.896197916667084],[-70.38848958333384,42.89640625000041],[-70.38953125000052,42.89703125000042],[-70.3926562500005,42.89723958333374],[-70.3935937500005,42.89807291666708],[-70.39390625000051,42.90026041666708],[-70.39458333333384,42.90093750000041],[-70.39848958333383,42.901406250000406],[-70.39885416666716,42.90192708333374],[-70.40145833333384,42.902916666667075],[-70.40229166666717,42.90223958333374],[-70.40520833333383,42.90192708333374],[-70.40557291666715,42.901406250000406],[-70.40744791666717,42.90119791666708],[-70.40802083333382,42.90057291666707],[-70.40958333333383,42.90010416666708],[-70.40927083333384,42.89963541666708],[-70.40802083333382,42.89942708333374],[-70.40770833333383,42.89890625000041],[-70.40520833333383,42.89869791666708],[-70.40427083333384,42.897968750000416],[-70.40302083333383,42.897760416667076],[-70.40213541666716,42.89677083333375],[-70.4021875000005,42.89572916666708],[-70.40411458333384,42.894739583333745],[-70.40848958333383,42.89453125000042],[-70.41020833333383,42.89380208333375],[-70.41166666666716,42.893750000000416],[-70.41354166666716,42.89453125000042],[-70.41604166666716,42.894739583333745],[-70.41651041666715,42.89526041666708],[-70.42015625000047,42.89557291666708],[-70.42104166666715,42.896197916667084],[-70.42312500000048,42.896197916667084],[-70.42484375000048,42.89546875000042],[-70.42921875000047,42.89557291666708],[-70.4305208333338,42.89692708333374],[-70.43197916666713,42.89755208333374],[-70.43203125000048,42.89911458333374],[-70.43140625000048,42.89968750000041],[-70.43125000000047,42.90062500000041],[-70.43203125000048,42.90093750000041],[-70.44296875000046,42.901406250000406],[-70.44531250000045,42.90223958333374],[-70.44572916666714,42.902864583333745],[-70.44697916666712,42.90307291666707],[-70.44734375000046,42.903593750000404],[-70.45046875000045,42.903802083333744],[-70.45187500000046,42.90453125000041],[-70.45437500000045,42.904739583333736],[-70.45552083333378,42.9060937500004],[-70.45697916666711,42.906562500000405],[-70.45807291666712,42.90947916666707],[-70.45869791666712,42.909895833333735],[-70.45890625000045,42.911145833333734],[-70.45942708333378,42.911406250000404],[-70.45973958333379,42.9135937500004],[-70.46026041666711,42.9139062500004],[-70.46041666666711,42.9153125000004],[-70.46104166666711,42.9160937500004],[-70.46354166666711,42.91609375000039],[-70.46406250000045,42.9154687500004],[-70.46531250000044,42.91526041666706],[-70.4655729166671,42.91473958333373],[-70.46744791666711,42.9145312500004],[-70.46822916666711,42.913802083333735],[-70.4694791666671,42.913593750000395],[-70.47062500000044,42.91223958333373],[-70.47312500000044,42.9120312500004],[-70.47406250000043,42.9114062500004],[-70.47781250000044,42.91119791666707],[-70.48000000000043,42.910468750000405],[-70.48541666666709,42.91072916666707],[-70.48635416666708,42.91192708333373],[-70.4876041666671,42.91213541666707],[-70.48859375000042,42.91302083333373],[-70.48880208333375,42.91427083333373],[-70.48953125000043,42.91505208333373],[-70.48973958333376,42.91692708333373],[-70.49026041666708,42.917187500000395],[-70.49046875000042,42.918437500000394],[-70.49109375000042,42.9189062500004],[-70.49130208333375,42.92078125000039],[-70.49192708333375,42.92151041666706],[-70.49192708333375,42.92515625000039],[-70.49026041666708,42.926927083333716],[-70.48807291666708,42.927239583333716],[-70.48729166666709,42.92791666666705],[-70.48531250000043,42.927135416667056],[-70.48156250000042,42.927239583333716],[-70.47880208333376,42.92890625000038],[-70.47796875000043,42.92989583333372],[-70.4777604166671,42.931145833333716],[-70.47692708333376,42.93192708333371],[-70.47473958333376,42.93223958333371],[-70.47411458333377,42.93286458333372],[-70.46895833333377,42.93213541666705],[-70.45645833333379,42.93223958333371],[-70.45541666666712,42.932395833333715],[-70.45291666666712,42.935104166667045],[-70.44432291666712,42.93557291666704],[-70.44250000000046,42.93625000000038],[-70.44062500000047,42.936093750000374],[-70.43937500000047,42.93473958333371],[-70.43687500000047,42.93463541666705],[-70.43557291666714,42.93546875000038],[-70.43531250000046,42.936093750000374],[-70.43406250000048,42.936302083333715],[-70.4336458333338,42.93692708333371],[-70.43239583333381,42.93713541666705],[-70.43171875000047,42.93776041666704],[-70.42661458333382,42.93807291666704]]]}},{"type":"Feature","properties":{"min_depth":40,"max_depth":80},"geometry":{"type":"Polygon","coordinates":[[[-70.39427083333385,42.79307291666718],[-70.39458333333384,42.79447916666717],[-70.39364583333385,42.795260416667176],[-70.38958333333385,42.79510416666717],[-70.38807291666718,42.79364583333384],[-70.38807291666718,42.79218750000051],[-70.38927083333385,42.79125000000051],[-70.38979166666718,42.79192708333384],[-70.39270833333384,42.79223958333384],[-70.39302083333384,42.79276041666717],[-70.39427083333385,42.79307291666718]]]}},{"type":"Feature","properties":{"min_depth":40,"max_depth":80},"geometry":{"type":"Polygon","coordinates":[[[-70.41036458333383,42.92442708333372],[-70.40963541666716,42.92473958333372],[-70.40942708333382,42.925364583333725],[-70.40781250000049,42.92625000000039],[-70.40640625000049,42.92609375000038],[-70.40583333333383,42.92557291666705],[-70.4000000000005,42.92526041666705],[-70.39927083333384,42.92463541666706],[-70.39822916666718,42.92453125000039],[-70.3978125000005,42.923906250000385],[-70.39635416666717,42.923281250000386],[-70.39640625000051,42.921406250000395],[-70.39729166666717,42.920572916667055],[-70.39833333333384,42.92041666666706],[-70.40020833333384,42.920572916667055],[-70.40135416666718,42.92119791666706],[-70.40510416666716,42.92140625000039],[-70.40572916666717,42.922031250000394],[-70.40697916666716,42.92223958333372],[-70.40739583333384,42.92286458333373],[-70.40864583333382,42.92307291666705],[-70.4090625000005,42.92369791666706],[-70.41031250000049,42.923906250000385],[-70.41036458333383,42.92442708333372]]]}},{"type":"Feature","properties":{"min_depth":40,"max_depth":80},"geometry":{"type":"Polygon","coordinates":[[[-70.4344270833338,43.251458333333424],[-70.4338020833338,43.25093750000009],[-70.43359375000047,43.24968750000009],[-70.43296875000047,43.249270833333426],[-70.43276041666714,43.24802083333343],[-70.43140625000048,43.24692708333343],[-70.43140625000048,43.244739583333434],[-70.4323958333338,43.243906250000094],[-70.4367708333338,43.243593750000095],[-70.43776041666713,43.2428125000001],[-70.43812500000047,43.2415625000001],[-70.44104166666713,43.2410937500001],[-70.44302083333379,43.2389062500001],[-70.4442708333338,43.23880208333344],[-70.4453645833338,43.24005208333343],[-70.4452083333338,43.24161458333343],[-70.44229166666713,43.24223958333343],[-70.44197916666712,43.24276041666676],[-70.44072916666714,43.2429687500001],[-70.43963541666713,43.243906250000094],[-70.43963541666713,43.24442708333343],[-70.4403645833338,43.24489583333343],[-70.44057291666714,43.24614583333343],[-70.44109375000046,43.2464062500001],[-70.44119791666714,43.24828125000009],[-70.44046875000046,43.24906250000009],[-70.44026041666713,43.25031250000009],[-70.4397395833338,43.25057291666676],[-70.43953125000047,43.25244791666675],[-70.4388020833338,43.253229166666756],[-70.43859375000046,43.254479166666755],[-70.4364583333338,43.25625000000009],[-70.4355208333338,43.25593750000009],[-70.43536458333381,43.25489583333342],[-70.43463541666713,43.25395833333342],[-70.4344270833338,43.251458333333424]]]}},{"type":"Feature","properties":{"min_depth":40,"max_depth":80},"geometry":{"type":"Polygon","coordinates":[[[-70.4503645833338,43.28755208333339],[-70.44963541666712,43.28661458333339],[-70.44942708333379,43.2847395833334],[-70.4472395833338,43.28281250000006],[-70.44703125000046,43.281562500000064],[-70.44630208333379,43.28078125000006],[-70.44640625000046,43.27890625000007],[-70.4473958333338,43.27796875000007],[-70.44843750000047,43.27812500000007],[-70.44890625000046,43.28104166666673],[-70.4497395833338,43.28203125000007],[-70.45057291666711,43.282760416666726],[-70.45244791666713,43.282968750000066],[-70.45322916666713,43.28369791666673],[-70.45447916666711,43.28390625000006],[-70.45609375000045,43.28552083333339],[-70.45640625000046,43.286979166666725],[-70.45703125000045,43.28723958333339],[-70.45703125000045,43.28776041666672],[-70.45640625000046,43.28796875000006],[-70.45614583333378,43.288593750000054],[-70.45468750000045,43.28906250000006],[-70.45375000000045,43.29145833333339],[-70.45296875000045,43.29197916666672],[-70.45114583333378,43.29208333333339],[-70.44958333333379,43.29114583333339],[-70.4497395833338,43.28973958333339],[-70.4503645833338,43.28911458333339],[-70.4503645833338,43.28755208333339]]]}},{"type":"Feature","properties":{"min_depth":40,"max_depth":80},"geometry":{"type":"Polygon","coordinates":[[[-70.4811979166671,42.978229166667006],[-70.48114583333376,42.97927083333367],[-70.47921875000043,42.980260416667],[-70.47411458333377,42.980260416667],[-70.47312500000044,42.97963541666701],[-70.47062500000044,42.97942708333367],[-70.46994791666711,42.978802083333676],[-70.4683854166671,42.978802083333676],[-70.4677604166671,42.97942708333367],[-70.46635416666712,42.97958333333367],[-70.46520833333378,42.978906250000335],[-70.46270833333378,42.97869791666701],[-70.46161458333378,42.978072916667],[-70.45505208333378,42.977760416667],[-70.45390625000046,42.977031250000344],[-70.45364583333378,42.97640625000034],[-70.45218750000045,42.97609375000034],[-70.45057291666713,42.97447916666701],[-70.4503645833338,42.97322916666701],[-70.44963541666712,42.97260416666701],[-70.44963541666712,42.971562500000346],[-70.45135416666712,42.96973958333368],[-70.45260416666713,42.96953125000035],[-70.45317708333378,42.968906250000344],[-70.45682291666711,42.968593750000345],[-70.45729166666712,42.96807291666701],[-70.45979166666712,42.967864583333686],[-70.46088541666711,42.96713541666702],[-70.46276041666711,42.96692708333368],[-70.46312500000045,42.96640625000035],[-70.46604166666711,42.96609375000035],[-70.46671875000044,42.965468750000355],[-70.46828125000044,42.965468750000355],[-70.46890625000043,42.96609375000035],[-70.47078125000044,42.96630208333369],[-70.47156250000045,42.96703125000035],[-70.47281250000043,42.96723958333368],[-70.4752604166671,42.96968750000035],[-70.47640625000044,42.972812500000344],[-70.4802604166671,42.97635416666701],[-70.48046875000043,42.97760416666701],[-70.4811979166671,42.978229166667006]]]}},{"type":"Feature","properties":{"min_depth":40,"max_depth":80},"geometry":{"type":"Polygon","coordinates":[[[-70.4727604166671,43.26640625000008],[-70.47208333333377,43.26593750000008],[-70.47234375000043,43.26557291666674],[-70.47468750000044,43.265416666666745],[-70.47598958333376,43.266041666666744],[-70.47609375000043,43.26854166666674],[-70.47427083333378,43.27041666666674],[-70.47380208333377,43.27010416666674],[-70.4736979166671,43.269062500000075],[-70.47296875000043,43.26828125000007],[-70.4727604166671,43.26640625000008]]]}},{"type":"Feature","properties":{"min_depth":40,"max_depth":80},"geometry":{"type":"Polygon","coordinates":[[[-70.49031250000041,42.767395833333865],[-70.49036458333376,42.76843750000053],[-70.48958333333375,42.76927083333386],[-70.48489583333375,42.76942708333386],[-70.48348958333376,42.76880208333387],[-70.47911458333377,42.76859375000053],[-70.4779166666671,42.767395833333865],[-70.47937500000043,42.76640625000053],[-70.48500000000043,42.76625000000053],[-70.48812500000042,42.76640625000053],[-70.49031250000041,42.767395833333865]]]}},{"type":"Feature","properties":{"min_depth":40,"max_depth":80},"geometry":{"type":"Polygon","coordinates":[[[-70.48114583333376,43.26708333333341],[-70.48255208333376,43.26786458333341],[-70.48364583333375,43.26791666666674],[-70.48442708333376,43.26776041666674],[-70.48489583333377,43.26713541666675],[-70.48614583333375,43.26723958333341],[-70.48786458333376,43.26921875000007],[-70.48786458333376,43.27078125000007],[-70.48708333333376,43.271770833333406],[-70.48505208333376,43.272031250000076],[-70.48437500000043,43.27140625000007],[-70.48145833333376,43.27109375000007],[-70.47973958333377,43.26942708333341],[-70.47973958333375,43.267552083333406],[-70.48114583333376,43.26708333333341]]]}},{"type":"Feature","properties":{"min_depth":40,"max_depth":80},"geometry":{"type":"Polygon","coordinates":[[[-70.52609375000038,42.916822916667066],[-70.52505208333372,42.91776041666706],[-70.51994791666706,42.91807291666706],[-70.51833333333373,42.918750000000394],[-70.51645833333373,42.91859375000039],[-70.51531250000039,42.917239583333725],[-70.51385416666706,42.916927083333725],[-70.5129687500004,42.915937500000396],[-70.51276041666706,42.9146875000004],[-70.51223958333374,42.9143750000004],[-70.51223958333374,42.911458333333734],[-70.51286458333374,42.9109375000004],[-70.51307291666707,42.9096875000004],[-70.51442708333373,42.90848958333374],[-70.51427083333374,42.90458333333374],[-70.51265625000039,42.90307291666707],[-70.50901041666707,42.902604166667075],[-70.5085937500004,42.901354166667076],[-70.5078125000004,42.90057291666707],[-70.50635416666707,42.900260416667074],[-70.50473958333374,42.898645833333745],[-70.50442708333374,42.89718750000041],[-70.50380208333374,42.89692708333374],[-70.50307291666708,42.89578125000042],[-70.50260416666708,42.88875000000042],[-70.50177083333375,42.887968750000425],[-70.50052083333374,42.887760416667085],[-70.50010416666709,42.88713541666709],[-70.49885416666707,42.88692708333375],[-70.49697916666707,42.884739583333754],[-70.49572916666709,42.88453125000043],[-70.49531250000041,42.88390625000042],[-70.49406250000042,42.883697916667096],[-70.49364583333374,42.88307291666709],[-70.49239583333376,42.88286458333376],[-70.49130208333375,42.88192708333376],[-70.48958333333375,42.87906250000043],[-70.49135416666708,42.87723958333376],[-70.49354166666708,42.87640625000043],[-70.49666666666708,42.87625000000043],[-70.50229166666708,42.87640625000043],[-70.50354166666708,42.877031250000435],[-70.5056250000004,42.8771354166671],[-70.50656250000041,42.87786458333377],[-70.5078125000004,42.878072916667094],[-70.50807291666706,42.87859375000043],[-70.51276041666706,42.87973958333376],[-70.51302083333373,42.88026041666709],[-70.51447916666706,42.88057291666709],[-70.51489583333374,42.8811979166671],[-70.51614583333372,42.881406250000424],[-70.51859375000039,42.88385416666709],[-70.51880208333372,42.88510416666709],[-70.5195312500004,42.88588541666709],[-70.51973958333373,42.88776041666709],[-70.52036458333373,42.888385416667084],[-70.52036458333373,42.88994791666708],[-70.51963541666706,42.89088541666708],[-70.51942708333372,42.89276041666709],[-70.51541666666706,42.89677083333375],[-70.51697916666706,42.89723958333374],[-70.51739583333374,42.89786458333375],[-70.51864583333372,42.898072916667076],[-70.51890625000038,42.89859375000041],[-70.5207812500004,42.89880208333375],[-70.5215625000004,42.899531250000415],[-70.52281250000038,42.89973958333374],[-70.52442708333372,42.901354166667076],[-70.52442708333372,42.90281250000041],[-70.52291666666706,42.90427083333374],[-70.51979166666706,42.904739583333736],[-70.5187500000004,42.905937500000405],[-70.51968750000039,42.906927083333734],[-70.52281250000038,42.90807291666707],[-70.52442708333372,42.9096875000004],[-70.52463541666705,42.9109375000004],[-70.52526041666705,42.91135416666707],[-70.52546875000039,42.912604166667066],[-70.52609375000038,42.913177083333736],[-70.52625000000039,42.91552083333373],[-70.52609375000038,42.916822916667066]]]}},{"type":"Feature","properties":{"min_depth":40,"max_depth":80},"geometry":{"type":"Polygon","coordinates":[[[-70.51942708333372,42.98781250000033],[-70.51770833333373,42.98942708333366],[-70.51520833333373,42.989635416667],[-70.51364583333373,42.990416666666995],[-70.51052083333374,42.98958333333366],[-70.50854166666707,42.990416666666995],[-70.50791666666707,42.989166666666996],[-70.50807291666707,42.987291666667],[-70.5098437500004,42.985572916666996],[-70.51348958333372,42.985260416666996],[-70.5140625000004,42.984635416667004],[-70.51531250000039,42.984427083333664],[-70.51572916666707,42.98380208333367],[-70.51677083333374,42.98380208333367],[-70.51718750000039,42.984427083333664],[-70.5184375000004,42.984687500000334],[-70.5189062500004,42.986145833333666],[-70.5195312500004,42.98656250000033],[-70.51942708333372,42.98781250000033]]]}},{"type":"Feature","properties":{"min_depth":40,"max_depth":80},"geometry":{"type":"Polygon","coordinates":[[[-70.5160937500004,42.952708333333696],[-70.51557291666707,42.953020833333696],[-70.51526041666706,42.954270833333695],[-70.51307291666706,42.95442708333369],[-70.51223958333374,42.953593750000366],[-70.5120312500004,42.95171875000036],[-70.51130208333373,42.95078125000036],[-70.51156250000041,42.94890625000037],[-70.51260416666707,42.94869791666704],[-70.51354166666707,42.947916666667034],[-70.51447916666706,42.94807291666703],[-70.51619791666707,42.9502083333337],[-70.5160937500004,42.952708333333696]]]}},{"type":"Feature","properties":{"min_depth":40,"max_depth":80},"geometry":{"type":"Polygon","coordinates":[[[-70.52822916666705,42.929375000000384],[-70.52875000000039,42.93000000000038],[-70.52838541666705,42.931458333333715],[-70.52656250000038,42.932083333333715],[-70.5232812500004,42.93192708333371],[-70.52244791666706,42.93130208333372],[-70.52088541666706,42.93119791666705],[-70.51958333333373,42.92989583333372],[-70.52041666666706,42.929062500000384],[-70.52197916666707,42.92880208333372],[-70.52562500000039,42.928750000000385],[-70.52822916666705,42.929375000000384]]]}},{"type":"Feature","properties":{"min_depth":40,"max_depth":80},"geometry":{"type":"Polygon","coordinates":[[[-70.56703125000035,42.79786458333383],[-70.56677083333369,42.8012500000005],[-70.56593750000036,42.8020312500005],[-70.56333333333369,42.802916666667166],[-70.56145833333369,42.80276041666716],[-70.56046875000035,42.80213541666717],[-70.55734375000036,42.80192708333383],[-70.55687500000036,42.8014062500005],[-70.55437500000036,42.80119791666717],[-70.55343750000037,42.800468750000505],[-70.55218750000036,42.800260416667165],[-70.5497395833337,42.797812500000504],[-70.54953125000037,42.796562500000505],[-70.5488020833337,42.795937500000505],[-70.54890625000037,42.79468750000051],[-70.55223958333369,42.791406250000506],[-70.5541145833337,42.79119791666718],[-70.55489583333369,42.79057291666717],[-70.5586458333337,42.790468750000514],[-70.56114583333368,42.791406250000506],[-70.56218750000035,42.79276041666717],[-70.56364583333368,42.793229166667174],[-70.56390625000036,42.79447916666717],[-70.56619791666702,42.7964062500005],[-70.56703125000035,42.79786458333383]]]}},{"type":"Feature","properties":{"min_depth":40,"max_depth":80},"geometry":{"type":"Polygon","coordinates":[[[-70.56796875000035,43.05468750000027],[-70.56890625000034,43.052395833333605],[-70.57109375000034,43.0522395833336],[-70.57302083333367,43.0544270833336],[-70.574479166667,43.0547395833336],[-70.57645833333368,43.0569270833336],[-70.57895833333367,43.05703125000027],[-70.57984375000034,43.056406250000265],[-70.58114583333366,43.05625000000027],[-70.58296875000033,43.056354166666935],[-70.58375000000034,43.05687500000027],[-70.58343750000034,43.05781250000027],[-70.57822916666701,43.059635416666936],[-70.576979166667,43.06109375000026],[-70.57572916666702,43.0613020833336],[-70.57541666666701,43.0617708333336],[-70.573854166667,43.06192708333359],[-70.57208333333368,43.059062500000266],[-70.56947916666701,43.058750000000266],[-70.56817708333368,43.05781250000027],[-70.56796875000035,43.05468750000027]]]}},{"type":"Feature","properties":{"min_depth":40,"max_depth":80},"geometry":{"type":"Polygon","coordinates":[[[-70.57192708333368,42.85968750000045],[-70.57203125000035,42.860937500000446],[-70.57026041666701,42.86276041666711],[-70.56947916666701,42.86291666666711],[-70.568072916667,42.86229166666711],[-70.56802083333368,42.86020833333378],[-70.56989583333369,42.858802083333785],[-70.57093750000035,42.858802083333785],[-70.57192708333368,42.85968750000045]]]}},{"type":"Feature","properties":{"min_depth":40,"max_depth":80},"geometry":{"type":"Polygon","coordinates":[[[-70.58802083333367,43.05291666666694],[-70.58958333333366,43.05354166666694],[-70.58942708333366,43.05447916666694],[-70.588541666667,43.05526041666693],[-70.586041666667,43.05546875000027],[-70.58473958333367,43.05609375000027],[-70.58458333333367,43.05468750000027],[-70.58473958333367,43.053906250000274],[-70.58567708333366,43.053072916666935],[-70.58802083333367,43.05291666666694]]]}},{"type":"Feature","properties":{"min_depth":40,"max_depth":80},"geometry":{"type":"Polygon","coordinates":[[[-70.590260416667,42.75906250000054],[-70.59031250000032,42.762812500000535],[-70.589791666667,42.763750000000535],[-70.58781250000033,42.76458333333387],[-70.58640625000032,42.764427083333864],[-70.585572916667,42.76364583333387],[-70.58536458333367,42.76239583333387],[-70.584635416667,42.761614583333866],[-70.584635416667,42.76005208333387],[-70.58552083333366,42.758906250000535],[-70.58677083333367,42.75869791666721],[-70.58723958333366,42.7580729166672],[-70.58911458333367,42.75796875000054],[-70.590260416667,42.75906250000054]]]}},{"type":"Feature","properties":{"min_depth":40,"max_depth":80},"geometry":{"type":"Polygon","coordinates":[[[-70.60875000000031,43.03864583333362],[-70.60859375000031,43.03723958333362],[-70.60776041666698,43.03640625000028],[-70.60588541666698,43.03619791666696],[-70.60526041666698,43.03557291666695],[-70.60338541666698,43.035364583333624],[-70.60260416666699,43.03463541666696],[-70.60156250000033,43.034479166666955],[-70.60125000000032,43.03395833333362],[-70.60156250000031,43.03291666666696],[-70.60218750000031,43.033593750000286],[-70.60312500000032,43.03375000000029],[-70.60442708333365,43.03276041666696],[-70.60453125000032,43.030885416666955],[-70.60343750000033,43.029583333333626],[-70.60244791666699,43.03036458333363],[-70.60088541666698,43.03026041666696],[-70.60026041666698,43.028072916666964],[-70.59942708333365,43.027239583333625],[-70.59723958333365,43.027239583333625],[-70.59677083333366,43.02786458333363],[-70.59552083333365,43.02807291666696],[-70.59442708333366,43.029531250000296],[-70.59390625000033,43.02947916666696],[-70.59380208333366,43.02822916666696],[-70.59526041666699,43.0267187500003],[-70.59536458333366,43.022343750000296],[-70.59473958333366,43.02098958333364],[-70.59427083333367,43.01734375000031],[-70.59302083333365,43.016927083333634],[-70.59223958333367,43.01614583333364],[-70.59203125000033,43.01489583333364],[-70.59130208333366,43.01427083333364],[-70.59130208333366,43.013229166666974],[-70.59208333333366,43.01239583333364],[-70.59479166666699,43.01213541666698],[-70.595729166667,43.012864583333645],[-70.59677083333366,43.01302083333364],[-70.59723958333366,43.01447916666697],[-70.59885416666698,43.0160937500003],[-70.600104166667,43.01630208333364],[-70.60109375000032,43.017187500000304],[-70.60140625000032,43.018645833333636],[-70.60286458333366,43.01973958333363],[-70.60307291666699,43.02036458333364],[-70.60406250000032,43.02119791666697],[-70.60531250000031,43.0214062500003],[-70.60776041666698,43.023854166666965],[-70.60807291666698,43.0253125000003],[-70.60942708333364,43.02645833333363],[-70.60994791666698,43.02895833333363],[-70.61432291666698,43.029843750000296],[-70.61505208333364,43.03036458333362],[-70.61557291666698,43.033489583333626],[-70.61708333333364,43.035104166666954],[-70.61380208333364,43.03822916666695],[-70.61380208333364,43.03927083333362],[-70.61442708333364,43.039687500000284],[-70.61427083333365,43.041145833333616],[-70.61322916666698,43.04119791666695],[-70.61187500000031,43.03973958333361],[-70.60937500000031,43.03942708333362],[-70.60875000000031,43.03864583333362]]]}},{"type":"Feature","properties":{"min_depth":40,"max_depth":80},"geometry":{"type":"Polygon","coordinates":[[[-70.65296875000027,42.96906250000035],[-70.65557291666693,42.96640625000035],[-70.65744791666694,42.96619791666702],[-70.65822916666694,42.965468750000355],[-70.65927083333361,42.96536458333369],[-70.66093750000027,42.96375000000035],[-70.66140625000027,42.96531250000035],[-70.66359375000026,42.96718750000035],[-70.66369791666693,42.96843750000035],[-70.6619270833336,42.97026041666701],[-70.6600520833336,42.97046875000035],[-70.65927083333361,42.971197916667016],[-70.65822916666694,42.97130208333368],[-70.6570833333336,42.97260416666701],[-70.6547395833336,42.97276041666701],[-70.65390625000028,42.97197916666701],[-70.65359375000027,42.97052083333368],[-70.65296875000027,42.970104166667014],[-70.65296875000027,42.96906250000035]]]}},{"type":"Feature","properties":{"min_depth":80,"max_depth":150},"geometry":{"type":"Polygon","coordinates":[[[-70.14980233577747,43.16021338220149],[-70.14989583333406,43.162083333333506],[-70.15062500000073,43.16140625000017],[-70.15250000000073,43.16125000000017],[-70.1535416666674,43.16140625000017],[-70.15489583333407,43.16286458333351],[-70.15625000000072,43.16260416666684],[-70.15692708333405,43.16187500000017],[-70.15708333333406,43.160000000000174],[-70.15692708333405,43.15895833333351],[-70.15614583333405,43.15807291666684],[-70.15489583333407,43.15796875000018],[-70.15447916666739,43.15859375000017],[-70.1532291666674,43.15880208333351],[-70.1524479166674,43.15953125000018],[-70.15088541666739,43.15953125000018],[-70.1502604166674,43.15880208333351],[-70.14980170692097,43.15893969625744],[-70.14979733869971,43.15009230094081],[-70.14984375000073,43.15067708333351],[-70.15036458333407,43.15161458333352],[-70.15114583333406,43.152083333333515],[-70.15348958333405,43.15223958333351],[-70.15453125000073,43.15286458333352],[-70.15791666666739,43.15260416666685],[-70.1582291666674,43.15213541666685],[-70.15947916666738,43.15192708333351],[-70.15989583333406,43.15130208333352],[-70.16114583333405,43.15109375000018],[-70.16140625000071,43.150572916666846],[-70.16328125000072,43.15036458333352],[-70.16390625000071,43.14973958333351],[-70.16578125000072,43.14953125000019],[-70.16651041666738,43.14890625000018],[-70.1701562500007,43.14859375000018],[-70.17072916666739,43.14796875000019],[-70.17197916666737,43.14776041666685],[-70.17286458333405,43.14645833333352],[-70.17276041666737,43.14395833333352],[-70.17093750000072,43.14213541666686],[-70.16989583333405,43.142031250000194],[-70.16932291666737,43.14140625000019],[-70.16697916666737,43.14125000000019],[-70.16567708333405,43.14140625000019],[-70.16479166666738,43.142031250000194],[-70.16229166666739,43.14223958333352],[-70.16156250000071,43.14276041666685],[-70.15427083333405,43.14307291666685],[-70.15343750000073,43.14369791666686],[-70.15218750000072,43.143906250000185],[-70.15192708333406,43.14442708333352],[-70.15052083333407,43.14458333333352],[-70.14979526358267,43.145889358885995],[-70.14974775195368,43.049659305520336],[-70.14989583333406,43.081250000000246],[-70.15359375000072,43.08468750000024],[-70.15380208333406,43.08593750000024],[-70.15442708333406,43.08651041666691],[-70.15541666666739,43.0938541666669],[-70.1551041666674,43.09958333333356],[-70.15463541666739,43.09989583333356],[-70.15442708333406,43.10114583333356],[-70.15140625000073,43.10385416666689],[-70.15125000000073,43.10479166666689],[-70.15265625000073,43.105312500000224],[-70.15593750000073,43.10541666666689],[-70.15828125000073,43.10526041666689],[-70.15906250000073,43.104635416666895],[-70.1601041666674,43.104635416666895],[-70.16052083333405,43.10526041666689],[-70.16177083333406,43.10546875000023],[-70.16286458333406,43.10640625000022],[-70.16359375000071,43.107343750000226],[-70.16375000000072,43.108645833333554],[-70.16359375000071,43.110989583333556],[-70.16223958333406,43.112239583333555],[-70.16203125000072,43.114114583333546],[-70.16140625000072,43.11479166666688],[-70.16109375000072,43.117708333333546],[-70.15942708333405,43.11942708333354],[-70.15723958333405,43.11973958333354],[-70.15614583333405,43.121093750000206],[-70.15489583333407,43.121354166666876],[-70.15442708333406,43.12281250000021],[-70.15380208333406,43.123229166666874],[-70.15380208333406,43.12427083333354],[-70.15526041666739,43.12552083333354],[-70.1557291666674,43.12697916666687],[-70.15677083333406,43.12703125000021],[-70.15718750000072,43.1264062500002],[-70.15843750000073,43.126197916666875],[-70.15895833333406,43.12557291666687],[-70.16187500000072,43.12526041666687],[-70.16276041666738,43.12447916666687],[-70.16296875000072,43.123229166666874],[-70.16416666666738,43.12156250000021],[-70.17000000000071,43.121093750000206],[-70.17135416666738,43.12041666666688],[-70.17276041666737,43.12057291666687],[-70.1748437500007,43.12276041666687],[-70.17848958333403,43.12307291666687],[-70.17906250000071,43.12369791666688],[-70.1803125000007,43.1239062500002],[-70.18276041666736,43.12635416666687],[-70.1829687500007,43.12760416666687],[-70.18369791666737,43.12854166666687],[-70.18369791666737,43.1306250000002],[-70.18286458333404,43.13192708333353],[-70.18223958333404,43.1321875000002],[-70.1820312500007,43.1334375000002],[-70.18119791666737,43.13442708333353],[-70.18010416666738,43.13536458333353],[-70.17885416666736,43.13557291666686],[-70.1754687500007,43.13906250000019],[-70.17536458333404,43.14010416666686],[-70.17473958333404,43.14062500000019],[-70.17458333333404,43.14250000000019],[-70.17536458333404,43.14437500000019],[-70.17557291666738,43.146875000000186],[-70.17807291666736,43.149427083333514],[-70.17994791666737,43.149635416666854],[-70.18119791666737,43.15036458333352],[-70.18432291666736,43.150572916666846],[-70.18505208333403,43.15119791666685],[-70.18833333333403,43.150468750000186],[-70.19333333333402,43.150260416666846],[-70.19421875000069,43.149635416666854],[-70.19609375000068,43.149427083333514],[-70.19671875000068,43.14880208333352],[-70.19859375000068,43.14859375000018],[-70.19885416666735,43.14807291666685],[-70.20010416666736,43.14786458333352],[-70.20109375000068,43.14697916666685],[-70.20140625000069,43.14552083333352],[-70.20208333333402,43.145104166666854],[-70.20130208333401,43.14348958333352],[-70.20140625000069,43.13911458333353],[-70.20291666666735,43.136562500000196],[-70.20223958333402,43.13614583333353],[-70.20203125000069,43.13489583333353],[-70.20140625000069,43.134479166666864],[-70.20119791666735,43.133229166666865],[-70.20057291666735,43.1326562500002],[-70.20046875000068,43.1295312500002],[-70.20119791666735,43.1284375000002],[-70.20140625000069,43.127187500000204],[-70.20286458333402,43.1260937500002],[-70.20307291666735,43.12546875000021],[-70.20567708333401,43.1239062500002],[-70.20697916666734,43.12375000000021],[-70.20932291666733,43.1239062500002],[-70.20989583333402,43.12453125000021],[-70.211145833334,43.124739583333536],[-70.21140625000066,43.12526041666687],[-70.21328125000068,43.12536458333354],[-70.21609375000067,43.12276041666688],[-70.21609375000067,43.12057291666688],[-70.21375000000067,43.11812500000021],[-70.21390625000068,43.11718750000021],[-70.21609375000067,43.11520833333355],[-70.21625000000067,43.11333333333355],[-70.21536458333401,43.110729166666886],[-70.21473958333401,43.11026041666689],[-70.21453125000068,43.108385416666884],[-70.21390625000068,43.10781250000022],[-70.21375000000067,43.10687500000022],[-70.217864583334,43.10260416666689],[-70.21796875000067,43.10156250000023],[-70.21859375000066,43.1008854166669],[-70.21906250000066,43.0954166666669],[-70.21989583333401,43.094635416666904],[-70.22114583333399,43.094427083333564],[-70.221458333334,43.09390625000023],[-70.223958333334,43.093697916666905],[-70.22505208333399,43.0930729166669],[-70.231614583334,43.0927604166669],[-70.23359375000065,43.091041666666904],[-70.23390625000066,43.08812500000024],[-70.23458333333399,43.087395833333574],[-70.23390625000066,43.086718750000244],[-70.23359375000065,43.08161458333358],[-70.23296875000065,43.08078125000024],[-70.23276041666732,43.07890625000025],[-70.23223958333399,43.07864583333358],[-70.23203125000066,43.07739583333358],[-70.23130208333399,43.07677083333358],[-70.23109375000065,43.075520833333584],[-70.22963541666732,43.074270833333586],[-70.22963541666732,43.07322916666692],[-70.230364583334,43.07260416666692],[-70.23057291666733,43.07135416666692],[-70.23385416666731,43.06807291666692],[-70.23510416666733,43.067864583333595],[-70.23552083333398,43.06723958333359],[-70.23677083333399,43.06703125000026],[-70.23729166666732,43.066406250000256],[-70.23979166666732,43.06619791666693],[-70.24119791666732,43.065468750000264],[-70.2443229166673,43.06526041666692],[-70.24536458333398,43.06463541666693],[-70.24848958333396,43.06442708333359],[-70.24906250000063,43.06390625000026],[-70.25281250000064,43.06369791666693],[-70.25453125000064,43.062968750000266],[-70.25765625000062,43.062760416666926],[-70.2582291666673,43.06213541666693],[-70.25947916666729,43.06192708333359],[-70.25989583333397,43.0613020833336],[-70.26114583333396,43.06109375000026],[-70.26609375000062,43.0561458333336],[-70.26630208333395,43.0548958333336],[-70.26692708333395,43.05447916666694],[-70.26713541666729,43.05322916666694],[-70.26776041666729,43.05281250000027],[-70.26796875000062,43.05156250000027],[-70.26859375000062,43.05114583333361],[-70.26880208333395,43.04989583333361],[-70.26942708333395,43.049375000000275],[-70.27041666666729,43.04343750000028],[-70.27031250000061,43.04015625000028],[-70.26979166666729,43.038750000000285],[-70.26885416666728,43.03859375000028],[-70.26848958333395,43.03807291666695],[-70.26484375000062,43.03776041666695],[-70.26427083333397,43.037135416666956],[-70.26302083333395,43.036927083333616],[-70.26270833333396,43.03640625000028],[-70.26020833333396,43.03619791666696],[-70.25911458333397,43.03546875000029],[-70.25723958333396,43.03526041666695],[-70.25364583333396,43.03140625000029],[-70.25218750000063,43.03109375000029],[-70.25093750000065,43.02963541666696],[-70.24968750000063,43.02942708333362],[-70.24364583333397,43.02307291666696],[-70.24239583333399,43.022864583333636],[-70.24177083333399,43.02213541666697],[-70.23885416666731,43.0210937500003],[-70.23723958333399,43.01947916666697],[-70.23703125000065,43.01822916666697],[-70.23640625000066,43.0178125000003],[-70.23619791666732,43.016562500000305],[-70.23557291666732,43.01598958333364],[-70.23572916666733,43.01234375000031],[-70.23697916666731,43.01192708333364],[-70.23723958333397,43.011406250000306],[-70.23911458333399,43.01119791666698],[-70.24020833333398,43.010468750000314],[-70.24270833333398,43.01026041666697],[-70.24328125000065,43.00973958333364],[-70.2483854166673,43.00973958333364],[-70.24906250000065,43.01036458333365],[-70.25031250000063,43.01057291666697],[-70.2505729166673,43.011093750000306],[-70.2527604166673,43.011406250000306],[-70.25302083333396,43.01192708333364],[-70.2544791666673,43.01223958333364],[-70.25489583333398,43.012864583333645],[-70.25593750000064,43.01296875000031],[-70.25671875000063,43.01369791666698],[-70.25859375000063,43.0139062500003],[-70.2590104166673,43.014427083333636],[-70.26682291666728,43.01557291666697],[-70.26755208333395,43.016197916666975],[-70.26942708333395,43.0164062500003],[-70.27005208333395,43.01703125000031],[-70.27192708333395,43.017239583333634],[-70.27218750000061,43.01776041666697],[-70.27343750000063,43.01796875000031],[-70.27385416666728,43.0185937500003],[-70.27510416666729,43.01880208333364],[-70.27552083333394,43.01942708333363],[-70.27677083333396,43.01963541666697],[-70.27744791666728,43.020260416666964],[-70.28255208333394,43.020572916666964],[-70.28322916666728,43.02119791666697],[-70.28447916666727,43.0214062500003],[-70.28552083333393,43.02276041666696],[-70.28697916666727,43.02307291666696],[-70.2907812500006,43.026927083333625],[-70.2962500000006,43.02677083333363],[-70.29635416666726,43.02640625000029],[-70.29781250000059,43.025937500000296],[-70.29796875000059,43.02489583333363],[-70.29859375000059,43.02432291666697],[-70.29880208333392,43.021197916666964],[-70.2995312500006,43.019947916666965],[-70.29958333333393,43.01885416666697],[-70.29864583333392,43.017239583333634],[-70.29718750000059,43.016927083333634],[-70.29557291666727,43.015260416666976],[-70.29494791666727,43.01307291666698],[-70.29307291666726,43.01276041666697],[-70.29208333333393,43.01177083333364],[-70.29442708333393,43.00937500000031],[-70.29463541666726,43.00687500000031],[-70.29536458333394,43.00546875000031],[-70.29536458333394,43.00286458333365],[-70.29463541666726,43.00161458333365],[-70.29442708333393,42.99973958333366],[-70.2928125000006,42.998072916666985],[-70.29156250000061,42.99786458333366],[-70.29098958333392,42.99723958333365],[-70.2873437500006,42.99692708333365],[-70.28677083333395,42.99630208333366],[-70.28552083333393,42.99609375000032],[-70.28390625000061,42.99442708333366],[-70.28385416666727,42.992552083333656],[-70.28572916666727,42.991406250000324],[-70.29010416666726,42.991093750000324],[-70.29088541666727,42.99046875000033],[-70.29276041666726,42.99026041666699],[-70.2931250000006,42.98973958333366],[-70.2950000000006,42.98958333333366],[-70.29760416666727,42.99052083333366],[-70.29807291666727,42.991979166666994],[-70.29927083333394,42.99291666666699],[-70.2995312500006,42.99020833333366],[-70.2987500000006,42.988541666667],[-70.29973958333392,42.98723958333366],[-70.30161458333393,42.987031250000335],[-70.30223958333391,42.98640625000033],[-70.30692708333392,42.985260416666996],[-70.30739583333393,42.984635416667004],[-70.30864583333391,42.984427083333664],[-70.30890625000058,42.98390625000033],[-70.31078125000059,42.983697916667005],[-70.31218750000059,42.982916666667],[-70.31359375000058,42.983072916667],[-70.3155208333339,42.985260416666996],[-70.31677083333392,42.98536458333367],[-70.31718750000057,42.98473958333366],[-70.31843750000058,42.98453125000034],[-70.31885416666724,42.98390625000033],[-70.32010416666725,42.983541666667],[-70.32057291666725,42.98062500000034],[-70.32119791666724,42.980104166667005],[-70.32140625000058,42.978854166667006],[-70.32203125000058,42.97843750000034],[-70.32223958333391,42.97718750000034],[-70.32276041666724,42.97697916666701],[-70.32322916666725,42.975520833333675],[-70.32447916666723,42.97510416666701],[-70.32463541666723,42.97406250000034],[-70.32536458333391,42.97328125000034],[-70.32510416666724,42.97140625000035],[-70.32385416666723,42.97109375000034],[-70.32359375000057,42.97046875000035],[-70.32296875000057,42.97026041666701],[-70.32213541666724,42.96927083333368],[-70.3219270833339,42.96802083333368],[-70.32031250000057,42.96640625000035],[-70.31906250000058,42.96619791666702],[-70.31843750000058,42.965468750000355],[-70.3155208333339,42.96442708333368],[-70.31442708333391,42.963072916667016],[-70.31255208333391,42.96286458333369],[-70.31145833333392,42.962135416667024],[-70.30895833333392,42.961927083333684],[-70.3084375000006,42.96130208333369],[-70.30739583333393,42.961197916667025],[-70.30531250000058,42.958906250000354],[-70.30385416666725,42.958593750000354],[-70.30114583333392,42.95557291666702],[-70.29302083333393,42.952760416667026],[-70.2914062500006,42.950885416667035],[-70.2910937500006,42.94578125000037],[-70.29036458333394,42.9447395833337],[-70.2893750000006,42.94390625000037],[-70.28645833333394,42.94359375000037],[-70.2860937500006,42.943072916667035],[-70.2842187500006,42.94286458333371],[-70.28343750000062,42.94213541666704],[-70.2821875000006,42.9419270833337],[-70.28057291666728,42.940312500000374],[-70.28036458333395,42.939062500000375],[-70.27953125000062,42.93807291666704],[-70.27843750000062,42.93713541666705],[-70.27718750000061,42.93692708333371],[-70.27692708333394,42.936406250000374],[-70.27505208333395,42.93619791666705],[-70.27421875000061,42.93557291666704],[-70.26911458333396,42.93526041666704],[-70.26812500000062,42.93458333333371],[-70.26505208333396,42.935364583333715],[-70.25692708333396,42.93526041666704],[-70.25239583333396,42.933072916667044],[-70.24614583333398,42.93286458333372],[-70.24364583333399,42.93213541666705],[-70.23989583333397,42.93192708333371],[-70.23911458333399,42.93130208333372],[-70.23723958333397,42.93109375000038],[-70.23697916666731,42.930572916667046],[-70.23572916666733,42.93036458333372],[-70.23510416666731,42.92973958333371],[-70.23072916666732,42.929427083333714],[-70.22994791666733,42.92880208333372],[-70.22807291666732,42.92859375000038],[-70.22744791666733,42.92796875000039],[-70.22557291666732,42.92776041666705],[-70.22031250000066,42.92223958333372],[-70.21906250000067,42.922031250000394],[-70.21843750000068,42.92130208333373],[-70.21718750000066,42.92109375000039],[-70.216927083334,42.920572916667055],[-70.215052083334,42.92036458333373],[-70.21364583333401,42.91963541666706],[-70.21052083333402,42.91968750000039],[-70.20958333333401,42.920208333333726],[-70.208802083334,42.92203125000039],[-70.208802083334,42.92463541666705],[-70.20953125000068,42.925729166667054],[-70.20973958333401,42.92697916666705],[-70.21036458333401,42.92739583333372],[-70.21057291666735,42.92864583333372],[-70.21119791666734,42.929062500000384],[-70.21140625000068,42.93031250000038],[-70.21203125000068,42.93072916666705],[-70.21223958333401,42.93197916666705],[-70.21286458333401,42.932395833333715],[-70.21307291666734,42.93364583333371],[-70.21369791666734,42.93406250000038],[-70.21390625000068,42.93531250000038],[-70.21453125000068,42.935729166667045],[-70.21473958333401,42.936979166667044],[-70.21526041666733,42.937239583333714],[-70.21640625000067,42.94192708333371],[-70.21885416666733,42.9444270833337],[-70.22031250000066,42.9447395833337],[-70.22109375000066,42.94557291666704],[-70.221302083334,42.94744791666703],[-70.22203125000067,42.94822916666703],[-70.22218750000066,42.9492708333337],[-70.22364583333399,42.949739583333695],[-70.22401041666733,42.95026041666703],[-70.22713541666732,42.9503645833337],[-70.22838541666732,42.949739583333695],[-70.23260416666733,42.9495833333337],[-70.23494791666732,42.949739583333695],[-70.23588541666732,42.9503645833337],[-70.23744791666732,42.950572916667035],[-70.23807291666732,42.95276041666703],[-70.23880208333398,42.95359375000036],[-70.23942708333398,42.9538020833337],[-70.24052083333397,42.95526041666702],[-70.24177083333399,42.955468750000364],[-70.24276041666731,42.956354166667026],[-70.24390625000065,42.95947916666702],[-70.24692708333397,42.962187500000354],[-70.24687500000064,42.96343750000035],[-70.24395833333398,42.96390625000035],[-70.24312500000065,42.964531250000356],[-70.24062500000065,42.96442708333368],[-70.24010416666732,42.96380208333369],[-70.23885416666731,42.96359375000035],[-70.23593750000066,42.96046875000036],[-70.234895833334,42.96036458333369],[-70.23427083333398,42.959739583333686],[-70.22989583333398,42.959427083333686],[-70.22765625000065,42.95807291666702],[-70.22401041666733,42.95776041666702],[-70.22343750000067,42.95713541666703],[-70.22218750000066,42.95692708333369],[-70.22109375000066,42.95557291666702],[-70.22031250000066,42.95541666666703],[-70.21921875000066,42.955468750000364],[-70.21843750000068,42.95619791666703],[-70.21718750000066,42.956406250000356],[-70.21359375000067,42.96036458333369],[-70.21229166666734,42.961250000000355],[-70.20828125000068,42.959739583333686],[-70.20265625000069,42.95953125000036],[-70.20062500000068,42.958802083333694],[-70.19854166666735,42.958802083333694],[-70.19723958333402,42.95973958333369],[-70.19703125000069,42.961614583333684],[-70.19625000000069,42.96302083333369],[-70.19723958333402,42.96692708333369],[-70.19786458333402,42.96739583333368],[-70.19786458333402,42.96843750000035],[-70.19697916666735,42.96942708333368],[-70.19572916666736,42.96963541666702],[-70.19494791666736,42.97026041666701],[-70.18838541666736,42.97026041666701],[-70.18729166666736,42.96963541666702],[-70.18479166666737,42.96942708333368],[-70.18270833333403,42.96807291666701],[-70.18020833333404,42.967864583333686],[-70.17927083333403,42.96723958333368],[-70.17552083333405,42.96703125000035],[-70.17348958333405,42.96630208333369],[-70.16911458333405,42.96609375000035],[-70.16781250000072,42.965468750000355],[-70.16468750000072,42.965468750000355],[-70.16312500000072,42.96619791666702],[-70.16062500000072,42.96640625000035],[-70.1601041666674,42.96703125000035],[-70.15885416666738,42.96723958333368],[-70.15781250000072,42.968593750000345],[-70.15656250000073,42.96890625000035],[-70.15609375000072,42.97109375000035],[-70.1555729166674,42.97135416666701],[-70.15536458333406,42.97260416666701],[-70.15442708333406,42.973697916667014],[-70.15348958333405,42.97442708333367],[-70.15114583333406,42.974583333333676],[-70.15036458333407,42.98125000000034],[-70.1497273990476,43.00843652955567],[-70.14972507098814,43.003721277902805],[-70.14973958333405,42.99614583333366],[-70.15052083333407,42.91458333333373],[-70.15192708333406,42.91473958333373],[-70.15270833333406,42.915364583333734],[-70.15479166666739,42.915364583333734],[-70.15562500000073,42.91473958333373],[-70.16187500000072,42.913593750000395],[-70.16223958333404,42.91307291666706],[-70.16411458333405,42.912864583333736],[-70.16473958333404,42.91223958333373],[-70.16661458333405,42.9120312500004],[-70.16755208333404,42.91130208333374],[-70.16942708333404,42.9110937500004],[-70.16989583333405,42.910468750000405],[-70.17114583333404,42.910260416667064],[-70.17385416666737,42.907239583333734],[-70.17510416666738,42.90703125000041],[-70.17552083333403,42.9064062500004],[-70.17677083333405,42.906197916667075],[-70.1771875000007,42.90557291666707],[-70.17843750000071,42.90536458333374],[-70.17885416666736,42.904739583333736],[-70.1803125000007,42.90442708333374],[-70.18057291666736,42.903906250000404],[-70.18244791666737,42.90369791666708],[-70.18307291666736,42.90307291666707],[-70.18494791666737,42.902864583333745],[-70.18572916666737,42.90213541666708],[-70.18697916666736,42.90192708333374],[-70.18776041666736,42.90109375000041],[-70.18796875000069,42.89921875000041],[-70.18869791666737,42.89843750000041],[-70.1889062500007,42.89718750000041],[-70.19026041666736,42.89614583333375],[-70.19057291666736,42.894687500000416],[-70.19385416666735,42.891406250000415],[-70.19510416666736,42.89119791666709],[-70.19604166666736,42.89046875000042],[-70.19854166666735,42.89026041666708],[-70.1990625000007,42.88963541666709],[-70.20031250000068,42.88942708333375],[-70.20484375000068,42.884739583333754],[-70.20875000000068,42.88427083333376],[-70.21026041666734,42.882812500000426],[-70.21046875000067,42.88156250000043],[-70.21109375000067,42.88114583333376],[-70.211302083334,42.87989583333376],[-70.211927083334,42.879479166667096],[-70.21213541666734,42.8782291666671],[-70.213020833334,42.87723958333376],[-70.21447916666733,42.87692708333376],[-70.21557291666733,42.875572916667096],[-70.21776041666733,42.875260416667096],[-70.218020833334,42.87473958333376],[-70.21927083333401,42.87453125000044],[-70.21968750000066,42.87390625000043],[-70.22093750000067,42.873697916667105],[-70.22135416666733,42.8730729166671],[-70.22260416666734,42.87286458333377],[-70.22359375000066,42.87203125000044],[-70.22442708333399,42.871041666667104],[-70.22463541666733,42.868541666667106],[-70.225364583334,42.8674479166671],[-70.22557291666733,42.86557291666711],[-70.22885416666732,42.862239583333775],[-70.23197916666732,42.86109375000044],[-70.23302083333398,42.85973958333378],[-70.234270833334,42.85953125000045],[-70.23473958333398,42.858906250000445],[-70.23661458333399,42.85869791666712],[-70.23770833333398,42.85796875000045],[-70.24020833333398,42.85776041666711],[-70.24067708333398,42.85723958333378],[-70.2443229166673,42.85692708333378],[-70.24536458333398,42.85630208333379],[-70.24796875000064,42.85619791666712],[-70.24927083333397,42.855572916667114],[-70.25552083333397,42.85536458333379],[-70.25750000000063,42.85473958333378],[-70.26125000000063,42.854583333333785],[-70.26333333333396,42.85473958333378],[-70.26500000000063,42.85536458333379],[-70.27000000000062,42.855572916667114],[-70.27088541666728,42.85619791666712],[-70.27276041666728,42.85640625000045],[-70.27328125000062,42.85692708333378],[-70.27656250000061,42.85708333333378],[-70.28078125000062,42.85619791666712],[-70.2817187500006,42.855468750000455],[-70.28328125000061,42.855468750000455],[-70.2840625000006,42.85609375000045],[-70.2884375000006,42.85640625000045],[-70.29072916666728,42.85869791666712],[-70.29177083333394,42.85869791666712],[-70.29208333333393,42.858229166667115],[-70.29317708333393,42.85796875000045],[-70.29755208333393,42.85807291666711],[-70.29838541666726,42.85869791666712],[-70.30026041666726,42.858906250000445],[-70.30052083333392,42.85942708333378],[-70.30177083333393,42.85963541666712],[-70.30218750000058,42.86026041666711],[-70.3034375000006,42.86046875000045],[-70.30385416666725,42.86109375000044],[-70.30510416666726,42.86130208333378],[-70.30552083333392,42.861927083333775],[-70.30677083333393,42.862135416667115],[-70.30729166666725,42.86276041666711],[-70.30979166666725,42.86296875000045],[-70.31072916666724,42.86359375000044],[-70.31229166666725,42.863750000000444],[-70.31447916666725,42.863697916667114],[-70.31578125000058,42.86307291666711],[-70.31760416666725,42.86291666666711],[-70.32088541666724,42.86307291666711],[-70.32187500000057,42.863697916667114],[-70.3239583333339,42.86364583333378],[-70.32526041666723,42.861875000000445],[-70.32557291666724,42.85895833333378],[-70.32635416666723,42.85807291666711],[-70.32729166666724,42.857916666667116],[-70.32947916666723,42.85906250000045],[-70.33057291666724,42.86197916666711],[-70.33218750000056,42.86359375000044],[-70.33343750000057,42.86380208333378],[-70.33385416666722,42.86442708333377],[-70.33531250000055,42.86473958333377],[-70.33557291666722,42.865260416667105],[-70.33776041666722,42.865572916667105],[-70.33802083333389,42.86609375000044],[-70.3392708333339,42.86630208333378],[-70.33968750000055,42.86692708333377],[-70.34093750000056,42.86713541666711],[-70.34145833333389,42.8677604166671],[-70.34395833333389,42.86796875000044],[-70.3455208333339,42.86869791666711],[-70.34927083333388,42.868906250000435],[-70.34979166666722,42.86942708333377],[-70.35229166666721,42.86963541666711],[-70.35338541666721,42.8702604166671],[-70.35994791666721,42.8702604166671],[-70.3610416666672,42.86963541666711],[-70.3635416666672,42.86942708333377],[-70.36453125000054,42.86843750000044],[-70.36453125000054,42.867395833333774],[-70.36364583333386,42.86640625000044],[-70.36218750000053,42.86609375000044],[-70.36114583333386,42.86473958333377],[-70.35968750000053,42.86442708333377],[-70.35307291666722,42.85776041666712],[-70.35286458333388,42.855885416667114],[-70.35223958333388,42.85526041666712],[-70.35203125000055,42.853385416667116],[-70.35140625000055,42.85234375000046],[-70.35156250000054,42.84375000000046],[-70.35192708333388,42.843645833333795],[-70.35213541666721,42.842395833333796],[-70.35276041666721,42.84197916666713],[-70.35322916666722,42.8405208333338],[-70.35427083333389,42.8403645833338],[-70.35505208333387,42.839635416667136],[-70.35614583333387,42.8395833333338],[-70.35692708333387,42.839739583333795],[-70.36109375000053,42.84385416666713],[-70.36130208333387,42.84510416666713],[-70.36192708333387,42.845520833333794],[-70.3621354166672,42.84677083333379],[-70.36296875000053,42.84776041666712],[-70.36406250000054,42.84869791666713],[-70.36531250000053,42.848906250000454],[-70.36942708333386,42.85302083333379],[-70.36973958333387,42.85447916666712],[-70.3711979166672,42.85572916666712],[-70.37140625000053,42.85697916666712],[-70.37385416666719,42.85942708333378],[-70.37531250000052,42.85973958333378],[-70.37552083333385,42.86026041666711],[-70.37843750000053,42.86130208333378],[-70.37906250000053,42.86203125000045],[-70.38031250000051,42.862239583333775],[-70.38140625000051,42.86359375000044],[-70.38328125000052,42.86380208333378],[-70.38401041666718,42.86442708333377],[-70.3876562500005,42.86473958333377],[-70.38807291666717,42.865260416667105],[-70.39026041666718,42.865572916667105],[-70.39052083333384,42.86609375000044],[-70.39177083333385,42.86630208333378],[-70.39223958333383,42.86692708333377],[-70.39411458333385,42.86713541666711],[-70.39494791666718,42.8677604166671],[-70.40041666666717,42.86760416666711],[-70.40119791666717,42.86661458333377],[-70.4010937500005,42.86473958333378],[-70.40057291666717,42.86447916666711],[-70.40036458333384,42.86322916666711],[-70.39963541666717,42.86260416666711],[-70.39942708333383,42.86135416666711],[-70.3979687500005,42.860104166667114],[-70.3960937500005,42.85468750000045],[-70.39437500000051,42.85307291666712],[-70.39145833333384,42.85276041666712],[-70.39093750000052,42.852135416667124],[-70.3896875000005,42.851927083333784],[-70.38890625000052,42.85109375000046],[-70.38869791666718,42.84921875000045],[-70.38807291666718,42.84859375000046],[-70.38786458333385,42.846718750000456],[-70.38723958333385,42.8459895833338],[-70.38692708333384,42.84234375000047],[-70.38531250000051,42.84057291666713],[-70.38406250000052,42.8403645833338],[-70.38281250000051,42.83890625000046],[-70.38135416666718,42.83859375000046],[-70.37947916666718,42.836406250000465],[-70.37802083333385,42.836093750000465],[-70.37697916666718,42.8347395833338],[-70.37385416666719,42.83359375000047],[-70.37197916666719,42.83140625000047],[-70.3707291666672,42.83119791666714],[-70.37031250000052,42.83057291666714],[-70.36885416666719,42.83026041666714],[-70.36864583333386,42.829739583333804],[-70.36718750000053,42.829427083333805],[-70.36677083333387,42.82880208333381],[-70.36572916666721,42.828697916667146],[-70.36531250000053,42.82807291666714],[-70.3638541666672,42.82776041666714],[-70.36364583333386,42.82723958333381],[-70.36218750000053,42.82692708333381],[-70.36031250000053,42.82473958333381],[-70.3588541666672,42.82442708333381],[-70.35781250000053,42.823072916667144],[-70.35656250000055,42.82286458333382],[-70.35614583333387,42.82223958333381],[-70.35489583333388,42.822031250000485],[-70.3544791666672,42.82140625000048],[-70.35322916666722,42.82119791666715],[-70.35265625000054,42.820572916667146],[-70.34953125000055,42.82036458333382],[-70.34828125000055,42.819635416667154],[-70.34640625000054,42.819427083333814],[-70.34447916666721,42.817239583333816],[-70.34322916666723,42.81703125000049],[-70.34223958333389,42.81619791666716],[-70.34203125000056,42.81557291666715],[-70.34140625000056,42.815364583333825],[-70.34119791666723,42.81473958333382],[-70.34057291666723,42.81453125000049],[-70.3403645833339,42.813906250000485],[-70.3397395833339,42.81369791666716],[-70.33953125000056,42.81307291666715],[-70.33890625000056,42.81286458333383],[-70.33869791666723,42.81223958333382],[-70.33807291666723,42.812031250000494],[-70.3378645833339,42.81140625000049],[-70.3372395833339,42.81119791666716],[-70.33703125000056,42.810572916667155],[-70.33640625000056,42.81036458333383],[-70.33619791666723,42.80973958333382],[-70.33557291666723,42.8095312500005],[-70.3353645833339,42.80890625000049],[-70.3347395833339,42.808697916667164],[-70.33453125000057,42.80807291666716],[-70.33390625000057,42.80786458333383],[-70.33369791666723,42.807239583333825],[-70.33057291666724,42.804427083333835],[-70.32963541666723,42.80036458333383],[-70.3297395833339,42.793489583333844],[-70.3303645833339,42.792291666667175],[-70.33057291666724,42.78979166666718],[-70.33119791666724,42.789270833333845],[-70.33140625000057,42.788020833333846],[-70.33203125000057,42.78760416666718],[-70.3322395833339,42.78635416666718],[-70.3328645833339,42.785937500000514],[-70.33302083333389,42.78489583333385],[-70.33447916666722,42.784427083333846],[-70.33572916666722,42.78307291666718],[-70.34041666666722,42.782604166667184],[-70.34276041666722,42.78031250000052],[-70.34390625000056,42.77718750000052],[-70.34802083333388,42.77307291666719],[-70.34927083333389,42.77286458333386],[-70.34989583333387,42.77223958333386],[-70.35427083333387,42.77192708333386],[-70.3563541666672,42.76973958333386],[-70.35781250000053,42.76942708333386],[-70.35859375000054,42.7685416666672],[-70.35880208333387,42.7660416666672],[-70.35953125000054,42.7646354166672],[-70.35973958333388,42.76151041666721],[-70.36046875000054,42.7605729166672],[-70.36109375000053,42.760364583333875],[-70.36130208333387,42.75973958333387],[-70.36192708333387,42.75953125000054],[-70.3621354166672,42.758906250000535],[-70.3627604166672,42.75869791666721],[-70.36296875000053,42.7580729166672],[-70.36359375000053,42.75786458333388],[-70.36380208333387,42.75723958333387],[-70.36442708333387,42.757031250000544],[-70.3646354166672,42.75640625000054],[-70.3652604166672,42.75619791666721],[-70.36546875000053,42.755572916667205],[-70.36609375000053,42.75536458333388],[-70.36630208333386,42.75473958333387],[-70.36692708333386,42.75453125000055],[-70.3671354166672,42.75390625000054],[-70.3677604166672,42.753697916667214],[-70.36796875000053,42.75307291666721],[-70.36859375000053,42.75286458333388],[-70.37140625000052,42.74973958333388],[-70.37328125000053,42.74953125000055],[-70.37406250000053,42.748802083333885],[-70.37531250000052,42.748593750000545],[-70.3761979166672,42.747604166667216],[-70.37640625000053,42.74635416666722],[-70.37703125000053,42.74593750000055],[-70.37723958333386,42.74468750000055],[-70.38052083333385,42.74140625000055],[-70.38197916666718,42.74109375000055],[-70.38302083333384,42.739739583333886],[-70.38427083333386,42.73953125000056],[-70.38468750000051,42.738906250000554],[-70.38593750000052,42.73869791666723],[-70.38635416666718,42.73807291666722],[-70.38760416666719,42.737864583333895],[-70.38812500000051,42.73723958333389],[-70.39062500000051,42.73703125000056],[-70.39156250000052,42.7363020833339],[-70.3928125000005,42.736093750000556],[-70.39442708333384,42.734270833333895],[-70.39489583333383,42.7295833333339],[-70.39723958333383,42.7272395833339],[-70.39911458333384,42.72703125000057],[-70.40036458333384,42.726302083333906],[-70.4029687500005,42.726302083333906],[-70.4043750000005,42.72703125000057],[-70.4068750000005,42.7272395833339],[-70.40734375000049,42.72776041666723],[-70.41098958333382,42.72807291666723],[-70.41322916666715,42.729427083333896],[-70.41760416666715,42.729739583333895],[-70.41822916666716,42.7303645833339],[-70.41947916666714,42.73057291666723],[-70.41989583333381,42.731250000000564],[-70.42072916666716,42.73046875000057],[-70.42197916666714,42.73026041666723],[-70.42229166666715,42.729739583333895],[-70.42479166666715,42.72953125000057],[-70.42588541666714,42.7288020833339],[-70.42776041666714,42.72859375000056],[-70.4280208333338,42.72807291666723],[-70.42947916666714,42.727604166667234],[-70.42963541666714,42.72656250000057],[-70.43036458333381,42.72562500000057],[-70.43057291666715,42.72312500000057],[-70.43291666666714,42.72093750000057],[-70.4319270833338,42.719739583333904],[-70.4297395833338,42.719427083333905],[-70.4288020833338,42.718437500000576],[-70.42890625000048,42.71718750000058],[-70.43145833333381,42.71473958333391],[-70.43437500000047,42.71473958333391],[-70.43526041666713,42.71552083333391],[-70.43557291666714,42.716979166667244],[-70.43718750000046,42.71859375000057],[-70.44031250000046,42.719739583333904],[-70.4414583333338,42.72109375000057],[-70.4439583333338,42.72119791666724],[-70.4453645833338,42.72046875000058],[-70.44796875000046,42.72046875000058],[-70.45260416666711,42.722760416667235],[-70.45989583333377,42.722760416667235],[-70.46088541666711,42.72213541666724],[-70.46276041666711,42.7219270833339],[-70.46562500000044,42.71890625000057],[-70.46854166666711,42.71890625000057],[-70.46968750000043,42.72026041666724],[-70.47281250000043,42.72140625000057],[-70.4738541666671,42.722760416667235],[-70.47947916666709,42.7247395833339],[-70.48109375000043,42.726354166667235],[-70.48140625000043,42.72781250000057],[-70.48390625000042,42.73026041666723],[-70.48609375000042,42.73057291666723],[-70.48802083333375,42.732760416667226],[-70.48927083333376,42.732968750000566],[-70.48973958333374,42.73359375000056],[-70.49364583333374,42.734583333333894],[-70.49442708333375,42.73442708333389],[-70.49526041666708,42.73354166666723],[-70.49536458333375,42.73104166666723],[-70.49453125000042,42.729739583333895],[-70.49390625000042,42.72947916666723],[-70.49359375000041,42.7280208333339],[-70.49223958333376,42.726979166667235],[-70.49125000000042,42.72437500000057],[-70.49359375000041,42.72286458333391],[-70.49380208333375,42.7222395833339],[-70.49442708333375,42.72197916666724],[-70.49458333333375,42.72104166666724],[-70.49380208333375,42.72010416666724],[-70.49359375000041,42.71885416666724],[-70.49223958333376,42.717812500000576],[-70.49203125000042,42.71656250000058],[-70.49130208333375,42.715781250000575],[-70.49109375000042,42.71390625000058],[-70.49057291666709,42.71354166666725],[-70.49057291666709,42.71062500000058],[-70.49156250000043,42.709635416667254],[-70.49281250000041,42.70973958333391],[-70.49473958333374,42.71192708333391],[-70.49661458333375,42.71213541666725],[-70.49802083333375,42.71291666666725],[-70.49942708333374,42.712760416667244],[-70.49989583333374,42.71223958333391],[-70.50364583333375,42.712031250000585],[-70.50536458333374,42.71130208333392],[-70.50848958333373,42.71109375000058],[-70.5095312500004,42.71046875000059],[-70.51265625000039,42.710260416667246],[-70.5132812500004,42.70973958333391],[-70.5176562500004,42.709635416667254],[-70.52260416666707,42.71130208333392],[-70.52385416666705,42.712760416667244],[-70.52510416666706,42.712968750000584],[-70.52562500000039,42.71359375000058],[-70.52812500000039,42.71380208333392],[-70.53000000000038,42.71453125000058],[-70.53500000000038,42.71473958333391],[-70.53666666666705,42.715416666667245],[-70.53854166666704,42.715104166667246],[-70.53906250000038,42.71385416666725],[-70.54010416666705,42.71369791666725],[-70.5406770833337,42.713072916667244],[-70.54432291666703,42.712760416667244],[-70.54473958333371,42.71213541666725],[-70.54526041666703,42.71213541666725],[-70.54557291666704,42.71286458333392],[-70.54619791666704,42.713072916667244],[-70.54619791666704,42.71359375000058],[-70.54463541666703,42.71473958333391],[-70.54375000000037,42.716041666667245],[-70.54390625000038,42.716979166667244],[-70.5447395833337,42.71776041666724],[-70.5494270833337,42.71890625000057],[-70.54968750000036,42.719427083333905],[-70.55093750000037,42.719635416667245],[-70.5519270833337,42.72052083333391],[-70.5522395833337,42.72197916666724],[-70.55307291666702,42.722760416667235],[-70.55776041666702,42.72390625000057],[-70.55802083333369,42.7244270833339],[-70.5592708333337,42.72463541666724],[-70.5598958333337,42.725364583333906],[-70.56114583333368,42.72557291666723],[-70.56156250000036,42.72619791666724],[-70.56281250000035,42.726406250000565],[-70.56609375000035,42.7297395833339],[-70.56723958333369,42.7344270833339],[-70.56776041666701,42.73468750000056],[-70.56796875000035,42.73593750000056],[-70.56885416666701,42.73692708333389],[-70.57010416666702,42.73713541666723],[-70.57052083333367,42.73776041666722],[-70.571979166667,42.73807291666722],[-70.57302083333367,42.73942708333389],[-70.574479166667,42.739739583333886],[-70.57536458333368,42.74072916666722],[-70.57557291666701,42.74197916666722],[-70.578854166667,42.745260416667215],[-70.58010416666701,42.745468750000555],[-70.58109375000033,42.74630208333389],[-70.58130208333367,42.74692708333388],[-70.58442708333367,42.74968750000055],[-70.58489583333368,42.75114583333388],[-70.58614583333366,42.75140625000054],[-70.58802083333366,42.75359375000054],[-70.58947916666699,42.75390625000054],[-70.59052083333366,42.755260416667205],[-70.59197916666699,42.755572916667205],[-70.59276041666699,42.756406250000545],[-70.593229166667,42.75859375000054],[-70.59614583333365,42.75973958333387],[-70.59656250000033,42.760364583333875],[-70.59781250000032,42.7605729166672],[-70.60385416666698,42.76692708333386],[-70.60510416666699,42.7671354166672],[-70.60552083333364,42.767760416667194],[-70.60677083333366,42.767968750000534],[-70.60776041666698,42.76880208333387],[-70.60796875000031,42.76942708333386],[-70.61109375000031,42.77218750000053],[-70.61140625000031,42.77364583333386],[-70.61385416666697,42.77609375000052],[-70.6153125000003,42.77640625000052],[-70.6160937500003,42.77729166666719],[-70.61640625000031,42.78020833333385],[-70.61942708333363,42.78302083333385],[-70.61963541666697,42.78427083333385],[-70.62026041666697,42.784687500000516],[-70.6204687500003,42.785937500000514],[-70.6210937500003,42.78635416666718],[-70.62130208333363,42.78760416666718],[-70.6220312500003,42.78822916666718],[-70.62223958333364,42.78947916666718],[-70.62276041666696,42.78973958333385],[-70.62307291666697,42.791927083333846],[-70.6235937500003,42.79218750000051],[-70.62380208333363,42.79343750000051],[-70.62442708333363,42.79406250000051],[-70.62473958333364,42.7984375000005],[-70.62536458333363,42.7990625000005],[-70.62557291666697,42.8003125000005],[-70.6260937500003,42.80057291666717],[-70.6264062500003,42.80276041666717],[-70.62791666666696,42.8043750000005],[-70.62776041666696,42.8053125000005],[-70.6264062500003,42.80645833333383],[-70.6262500000003,42.807500000000495],[-70.6264062500003,42.80937500000049],[-70.6270312500003,42.81036458333382],[-70.62723958333363,42.813489583333826],[-70.62958333333363,42.816041666667154],[-70.62942708333362,42.81697916666715],[-70.62848958333362,42.81776041666715],[-70.62614583333362,42.81791666666715],[-70.6248437500003,42.81885416666715],[-70.62473958333364,42.82260416666715],[-70.62635416666696,42.82442708333381],[-70.62927083333363,42.82552083333381],[-70.62973958333363,42.826979166667144],[-70.63041666666696,42.82760416666714],[-70.62973958333363,42.82802083333381],[-70.62942708333362,42.82947916666714],[-70.62807291666697,42.83052083333381],[-70.62786458333363,42.831770833333806],[-70.62723958333363,42.83218750000047],[-70.6270312500003,42.83343750000047],[-70.6264062500003,42.83401041666714],[-70.62619791666697,42.83713541666713],[-70.6254687500003,42.83838541666713],[-70.62526041666696,42.840260416667135],[-70.62364583333363,42.84192708333379],[-70.62239583333364,42.84213541666713],[-70.62197916666696,42.842760416667126],[-70.62072916666698,42.842968750000466],[-70.61973958333364,42.84385416666713],[-70.6195312500003,42.84510416666713],[-70.61880208333363,42.84588541666712],[-70.6185937500003,42.84776041666713],[-70.61723958333364,42.848854166667124],[-70.61703125000031,42.85010416666712],[-70.61640625000031,42.85072916666712],[-70.6160937500003,42.85510416666712],[-70.6154687500003,42.85572916666712],[-70.61536458333364,42.85677083333378],[-70.61463541666697,42.85739583333378],[-70.61442708333364,42.85864583333378],[-70.61223958333365,42.86052083333378],[-70.61203125000031,42.86177083333378],[-70.61130208333364,42.862552083333775],[-70.61109375000031,42.86442708333378],[-70.61046875000031,42.86505208333377],[-70.61026041666697,42.86692708333378],[-70.60723958333365,42.869791666667105],[-70.60692708333364,42.87270833333377],[-70.60640625000032,42.87302083333377],[-70.60619791666699,42.87427083333377],[-70.60541666666698,42.87520833333377],[-70.60640625000032,42.87781250000043],[-70.60703125000032,42.87838541666709],[-70.60692708333364,42.8802604166671],[-70.60447916666698,42.88276041666709],[-70.60322916666699,42.88286458333376],[-70.60281250000031,42.88223958333376],[-70.60135416666698,42.88192708333376],[-70.60031250000031,42.88057291666709],[-70.59906250000033,42.880364583333765],[-70.598072916667,42.879479166667096],[-70.59776041666699,42.878020833333764],[-70.595572916667,42.876145833333766],[-70.59526041666699,42.874687500000434],[-70.59390625000033,42.87364583333377],[-70.593697916667,42.87239583333377],[-70.59281250000032,42.87140625000043],[-70.59031250000034,42.87046875000044],[-70.58656250000033,42.8705729166671],[-70.58593750000034,42.87119791666711],[-70.58468750000033,42.87140625000043],[-70.58427083333368,42.87203125000044],[-70.58302083333366,42.872239583333766],[-70.58260416666701,42.87286458333377],[-70.581354166667,42.8730729166671],[-70.58093750000035,42.873697916667105],[-70.57989583333368,42.8738541666671],[-70.57942708333367,42.87531250000043],[-70.57796875000034,42.87640625000043],[-70.577760416667,42.877031250000435],[-70.57463541666701,42.878906250000426],[-70.57463541666701,42.87942708333376],[-70.57536458333368,42.88005208333376],[-70.575260416667,42.881927083333764],[-70.57187500000035,42.88526041666709],[-70.56937500000035,42.88546875000043],[-70.56843750000036,42.88619791666709],[-70.56718750000034,42.88640625000042],[-70.56614583333368,42.887760416667085],[-70.56468750000035,42.888072916667085],[-70.5617708333337,42.89119791666709],[-70.56072916666703,42.89119791666709],[-70.55994791666703,42.89046875000042],[-70.55807291666702,42.89057291666708],[-70.5572395833337,42.89151041666709],[-70.5567708333337,42.89541666666708],[-70.55593750000037,42.896197916667084],[-70.55468750000036,42.89640625000041],[-70.55307291666703,42.89817708333375],[-70.55260416666704,42.90208333333374],[-70.55213541666703,42.90177083333374],[-70.5519270833337,42.900520833333744],[-70.55140625000037,42.90026041666708],[-70.55093750000037,42.89807291666708],[-70.54854166666703,42.89708333333375],[-70.54656250000038,42.89812500000041],[-70.54640625000037,42.901041666667076],[-70.54859375000036,42.90302083333374],[-70.54843750000038,42.90447916666707],[-70.54739583333371,42.90453125000041],[-70.5469270833337,42.903906250000404],[-70.5427083333337,42.902916666667075],[-70.5398958333337,42.90307291666707],[-70.5392708333337,42.903593750000404],[-70.53770833333371,42.90375000000041],[-70.5348958333337,42.903593750000404],[-70.53406250000037,42.902916666667075],[-70.53359375000038,42.903593750000404],[-70.53218750000039,42.90375000000041],[-70.53140625000037,42.90343750000041],[-70.53078125000039,42.90218750000041],[-70.52890625000038,42.90239583333374],[-70.52890625000039,42.90364583333374],[-70.53109375000038,42.905572916667076],[-70.53125000000038,42.90635416666707],[-70.53109375000038,42.907760416667074],[-70.53057291666705,42.90802083333374],[-70.53036458333372,42.909270833333736],[-70.52958333333372,42.910208333333735],[-70.52963541666705,42.9109375000004],[-70.53041666666705,42.9118750000004],[-70.52963541666705,42.91369791666706],[-70.52973958333372,42.916822916667066],[-70.53057291666704,42.91776041666706],[-70.53276041666705,42.91822916666706],[-70.53307291666705,42.91947916666706],[-70.53489583333372,42.92119791666706],[-70.53593750000039,42.92119791666706],[-70.53635416666704,42.920572916667055],[-70.53760416666705,42.92036458333373],[-70.53859375000037,42.91947916666706],[-70.53869791666705,42.91822916666706],[-70.53723958333372,42.91697916666706],[-70.53713541666704,42.91572916666706],[-70.53859375000037,42.914479166667064],[-70.53973958333371,42.91135416666707],[-70.54062500000038,42.910572916667064],[-70.54354166666704,42.910572916667064],[-70.5445833333337,42.91177083333373],[-70.54536458333371,42.9120312500004],[-70.54848958333369,42.91192708333373],[-70.55026041666703,42.9103125000004],[-70.55057291666704,42.90885416666707],[-70.5517708333337,42.90791666666707],[-70.55276041666703,42.90885416666707],[-70.55390625000037,42.91197916666707],[-70.55552083333369,42.913593750000395],[-70.5567708333337,42.913802083333735],[-70.5570833333337,42.91427083333373],[-70.55552083333369,42.91473958333373],[-70.55510416666704,42.915364583333734],[-70.55385416666702,42.91557291666706],[-70.5527083333337,42.916927083333725],[-70.54979166666703,42.917552083333725],[-70.54859375000036,42.921145833333725],[-70.5469270833337,42.92276041666705],[-70.5450520833337,42.92296875000039],[-70.5444270833337,42.923593750000386],[-70.5425520833337,42.923802083333726],[-70.54177083333371,42.92453125000039],[-70.54072916666705,42.92468750000039],[-70.54026041666704,42.92614583333372],[-70.53557291666705,42.930520833333716],[-70.53536458333372,42.931770833333715],[-70.53473958333372,42.93218750000038],[-70.53453125000038,42.93343750000038],[-70.53390625000038,42.93385416666705],[-70.53354166666705,42.935104166667045],[-70.53062500000038,42.93557291666704],[-70.52973958333372,42.936354166667044],[-70.52875000000039,42.93947916666704],[-70.52890625000039,42.94182291666704],[-70.52953125000039,42.9422395833337],[-70.52947916666704,42.942760416667035],[-70.52822916666706,42.94286458333371],[-70.52729166666705,42.94213541666704],[-70.52520833333372,42.942343750000376],[-70.52411458333373,42.945989583333706],[-70.52052083333372,42.9472395833337],[-70.51963541666706,42.94822916666703],[-70.51963541666706,42.9492708333337],[-70.52057291666705,42.95026041666703],[-70.52244791666706,42.95046875000037],[-70.52322916666706,42.951197916667034],[-70.52447916666705,42.95140625000036],[-70.52473958333371,42.95192708333369],[-70.52661458333372,42.95218750000036],[-70.52802083333371,42.95442708333369],[-70.52947916666704,42.95473958333369],[-70.53036458333372,42.95572916666703],[-70.53010416666704,42.95677083333369],[-70.52572916666705,42.95723958333369],[-70.52473958333373,42.95796875000036],[-70.5245312500004,42.958593750000354],[-70.52307291666706,42.959687500000356],[-70.52286458333373,42.960937500000355],[-70.52223958333373,42.96140625000036],[-70.52223958333373,42.963593750000356],[-70.52385416666706,42.964531250000356],[-70.52697916666706,42.964531250000356],[-70.52895833333372,42.96375000000035],[-70.52989583333373,42.964531250000356],[-70.53114583333371,42.96473958333368],[-70.53359375000038,42.96734375000035],[-70.53375000000038,42.96968750000035],[-70.53234375000038,42.97098958333368],[-70.52625000000039,42.971562500000346],[-70.5239062500004,42.97385416666701],[-70.52369791666706,42.97510416666701],[-70.52223958333373,42.976406250000345],[-70.52192708333372,42.97859375000034],[-70.52130208333372,42.97906250000034],[-70.5214062500004,42.98031250000034],[-70.52338541666705,42.98203125000034],[-70.52494791666706,42.98203125000034],[-70.52562500000039,42.98140625000033],[-70.52812500000039,42.98119791666701],[-70.52979166666705,42.980416666667004],[-70.53041666666705,42.981354166667],[-70.53026041666705,42.982760416667006],[-70.52864583333371,42.984427083333664],[-70.52718750000038,42.98473958333366],[-70.52364583333372,42.98859375000033],[-70.52239583333373,42.98880208333367],[-70.52197916666705,42.98942708333366],[-70.52072916666707,42.989635416667],[-70.52031250000039,42.99026041666699],[-70.5190625000004,42.99046875000033],[-70.51854166666706,42.991093750000324],[-70.5156250000004,42.991406250000324],[-70.51473958333374,42.992239583333664],[-70.51463541666706,42.994114583333655],[-70.51536458333374,42.99489583333366],[-70.51536458333374,42.99593750000032],[-70.51307291666707,42.99812500000032],[-70.51291666666707,43.00000000000032],[-70.51307291666707,43.001041666666985],[-70.51385416666706,43.00192708333365],[-70.51531250000039,43.00223958333365],[-70.5162500000004,43.00322916666698],[-70.5159375000004,43.00369791666699],[-70.51468750000039,43.00390625000031],[-70.51380208333373,43.00520833333365],[-70.5139062500004,43.007708333333646],[-70.51536458333374,43.00921875000031],[-70.51526041666706,43.01109375000031],[-70.51411458333374,43.01203125000031],[-70.51255208333373,43.011927083333646],[-70.51208333333373,43.01052083333364],[-70.51286458333374,43.00911458333364],[-70.51276041666706,43.00723958333365],[-70.51192708333373,43.00640625000031],[-70.51005208333373,43.00630208333365],[-70.50890625000041,43.007395833333646],[-70.50843750000041,43.01208333333364],[-70.50541666666707,43.01510416666697],[-70.49994791666708,43.01557291666697],[-70.49895833333375,43.016197916666975],[-70.49687500000041,43.01614583333364],[-70.49625000000042,43.015625000000306],[-70.49635416666707,43.01489583333364],[-70.4978125000004,43.014427083333636],[-70.49807291666708,43.013802083333644],[-70.49869791666708,43.013593750000304],[-70.49942708333374,43.01276041666698],[-70.49958333333375,43.011354166666976],[-70.49927083333375,43.01057291666698],[-70.49802083333374,43.01026041666697],[-70.49713541666708,43.009270833333645],[-70.49723958333375,43.008020833333646],[-70.49875000000041,43.006562500000314],[-70.49645833333375,43.00458333333365],[-70.49552083333374,43.004739583333645],[-70.49473958333375,43.00552083333365],[-70.49442708333375,43.00697916666698],[-70.49260416666709,43.00869791666698],[-70.49135416666708,43.00859375000031],[-70.4901041666671,43.00713541666698],[-70.48906250000043,43.00713541666698],[-70.4880729166671,43.008020833333646],[-70.48755208333375,43.009270833333645],[-70.4824479166671,43.00973958333364],[-70.47973958333375,43.011041666666976],[-70.47973958333377,43.013541666666974],[-70.48140625000043,43.01536458333364],[-70.48270833333376,43.01463541666698],[-70.48479166666709,43.01473958333364],[-70.48541666666709,43.01614583333364],[-70.48458333333376,43.01760416666697],[-70.48770833333376,43.018072916666966],[-70.48973958333376,43.02036458333364],[-70.49036458333376,43.020572916666964],[-70.49031250000041,43.0210937500003],[-70.48885416666708,43.0214062500003],[-70.48859375000042,43.0220312500003],[-70.48796875000042,43.02223958333363],[-70.48796875000042,43.02276041666696],[-70.48901041666709,43.023593750000295],[-70.49291666666709,43.0240625000003],[-70.49140625000042,43.02557291666697],[-70.49135416666708,43.02744791666696],[-70.49281250000041,43.02807291666696],[-70.49302083333374,43.02859375000029],[-70.49427083333376,43.0289062500003],[-70.49458333333375,43.02968750000029],[-70.49442708333375,43.031093750000295],[-70.49307291666709,43.03218750000029],[-70.49276041666708,43.03364583333362],[-70.49057291666709,43.03562500000029],[-70.48994791666709,43.03854166666695],[-70.48635416666708,43.03973958333361],[-70.48473958333376,43.041406250000286],[-70.48473958333376,43.043593750000284],[-70.48692708333375,43.04583333333361],[-70.48697916666708,43.05083333333361],[-70.48645833333376,43.052083333333606],[-70.48552083333375,43.0522395833336],[-70.48473958333376,43.053020833333605],[-70.48442708333376,43.05447916666694],[-70.4830729166671,43.055729166666936],[-70.48276041666709,43.06010416666693],[-70.48213541666709,43.06072916666693],[-70.48192708333376,43.06197916666693],[-70.48093750000042,43.062760416666926],[-70.47656250000043,43.063072916666925],[-70.47593750000044,43.06369791666693],[-70.47468750000043,43.06390625000026],[-70.47427083333378,43.064531250000265],[-70.47302083333376,43.06473958333359],[-70.47270833333377,43.06526041666692],[-70.4697916666671,43.06557291666692],[-70.46807291666711,43.06718750000026],[-70.46781250000043,43.06843750000026],[-70.46729166666711,43.06875000000026],[-70.4663541666671,43.068593750000254],[-70.46500000000044,43.06723958333359],[-70.45875000000045,43.06739583333359],[-70.45718750000044,43.06838541666692],[-70.45692708333378,43.070260416666926],[-70.45640625000046,43.07052083333359],[-70.45593750000046,43.07197916666692],[-70.4548958333338,43.072135416666924],[-70.45395833333379,43.07291666666692],[-70.45229166666712,43.072135416666924],[-70.44958333333379,43.07239583333359],[-70.44880208333379,43.07322916666692],[-70.44859375000046,43.07447916666692],[-70.44796875000046,43.074895833333585],[-70.44776041666712,43.076145833333584],[-70.4467708333338,43.07703125000025],[-70.44552083333379,43.07723958333358],[-70.44093750000046,43.081927083333575],[-70.43718750000048,43.08203125000025],[-70.43531250000048,43.08130208333358],[-70.43156250000047,43.08140625000024],[-70.43031250000047,43.08276041666691],[-70.42906250000048,43.08296875000025],[-70.4286458333338,43.08359375000024],[-70.42739583333382,43.08380208333358],[-70.42656250000047,43.084583333333576],[-70.42557291666715,43.08364583333358],[-70.42536458333382,43.08239583333358],[-70.42473958333382,43.08192708333358],[-70.42427083333382,43.079739583333584],[-70.42322916666716,43.07963541666692],[-70.42281250000048,43.08026041666691],[-70.42156250000049,43.08052083333358],[-70.42057291666715,43.082500000000245],[-70.42026041666715,43.08833333333357],[-70.41875000000049,43.091041666666904],[-70.41906250000049,43.0919791666669],[-70.42031250000048,43.092239583333566],[-70.42109375000048,43.093072916666905],[-70.42119791666715,43.0949479166669],[-70.41973958333382,43.0963541666669],[-70.41937500000049,43.0976041666669],[-70.41687500000049,43.09786458333357],[-70.4159375000005,43.0971354166669],[-70.41468750000048,43.09692708333356],[-70.41437500000049,43.09640625000023],[-70.41333333333382,43.09625000000023],[-70.41145833333383,43.09640625000023],[-70.4109375000005,43.097031250000235],[-70.40968750000049,43.09723958333356],[-70.40927083333384,43.0979166666669],[-70.4082812500005,43.0971354166669],[-70.4071875000005,43.097083333333565],[-70.40640625000049,43.09755208333356],[-70.40630208333383,43.09911458333356],[-70.40708333333383,43.100104166666895],[-70.41255208333382,43.10088541666689],[-70.41291666666716,43.101979166666894],[-70.41229166666716,43.1027604166669],[-70.40979166666716,43.10307291666689],[-70.40947916666715,43.10359375000022],[-70.40822916666717,43.10380208333356],[-70.40729166666716,43.10453125000023],[-70.40520833333383,43.10453125000023],[-70.40458333333383,43.104062500000225],[-70.40536458333384,43.103437500000226],[-70.40536458333384,43.10239583333356],[-70.40322916666716,43.10057291666689],[-70.39697916666718,43.10046875000023],[-70.39541666666717,43.100729166666895],[-70.39395833333384,43.10203125000023],[-70.39187500000051,43.10203125000023],[-70.39109375000051,43.101406250000224],[-70.38968750000052,43.10125000000023],[-70.38828125000052,43.10203125000023],[-70.38718750000052,43.10208333333356],[-70.3864062500005,43.10145833333356],[-70.38609375000051,43.09895833333356],[-70.3851562500005,43.098072916666894],[-70.38151041666718,43.098072916666894],[-70.37963541666718,43.09973958333356],[-70.38067708333385,43.10177083333356],[-70.38432291666717,43.10223958333356],[-70.38489583333386,43.10286458333356],[-70.38614583333384,43.10307291666689],[-70.38656250000052,43.103697916666896],[-70.3878125000005,43.10390625000022],[-70.38812500000051,43.104427083333555],[-70.39062500000051,43.104635416666895],[-70.39203125000051,43.10536458333356],[-70.3951562500005,43.10526041666689],[-70.3971875000005,43.10307291666689],[-70.39843750000051,43.10296875000023],[-70.39942708333383,43.10390625000023],[-70.40072916666716,43.10958333333355],[-70.40151041666716,43.11026041666688],[-70.40515625000049,43.11057291666688],[-70.4070312500005,43.11223958333355],[-70.4070312500005,43.11276041666688],[-70.4064062500005,43.11296875000022],[-70.40614583333382,43.11359375000021],[-70.40489583333384,43.11395833333355],[-70.40442708333383,43.11687500000021],[-70.40197916666716,43.11942708333354],[-70.40072916666718,43.11963541666688],[-70.40010416666718,43.12036458333355],[-70.39885416666716,43.12057291666687],[-70.3985937500005,43.121093750000206],[-70.3964062500005,43.121406250000206],[-70.39557291666718,43.12218750000021],[-70.39526041666717,43.12364583333354],[-70.39197916666717,43.126927083333534],[-70.39072916666719,43.127135416666874],[-70.39020833333385,43.12776041666687],[-70.38770833333385,43.12796875000021],[-70.38661458333385,43.12869791666687],[-70.38473958333384,43.1289062500002],[-70.38041666666719,43.1334375000002],[-70.37729166666719,43.133906250000194],[-70.37640625000053,43.134739583333534],[-70.37625000000052,43.13552083333353],[-70.37630208333385,43.136614583333525],[-70.37703125000053,43.13739583333353],[-70.37723958333386,43.13864583333353],[-70.37869791666719,43.14031250000019],[-70.38130208333385,43.14036458333353],[-70.38260416666719,43.139583333333526],[-70.38307291666717,43.13484375000019],[-70.38385416666719,43.1337500000002],[-70.38526041666718,43.133906250000194],[-70.38635416666718,43.13526041666686],[-70.3878125000005,43.13557291666686],[-70.38822916666717,43.136250000000196],[-70.38953125000052,43.1354687500002],[-70.39213541666717,43.13557291666687],[-70.3926562500005,43.13588541666686],[-70.39307291666718,43.137760416666865],[-70.39385416666717,43.13859375000019],[-70.39645833333384,43.139583333333526],[-70.39776041666717,43.13864583333353],[-70.3978125000005,43.13739583333353],[-70.39635416666717,43.136927083333525],[-70.39593750000051,43.13630208333353],[-70.3946875000005,43.13609375000019],[-70.39458333333384,43.13572916666686],[-70.39703125000051,43.133593750000195],[-70.39723958333384,43.1329687500002],[-70.39776041666717,43.1329687500002],[-70.39869791666717,43.1340625000002],[-70.3995312500005,43.13651041666686],[-70.3995312500005,43.14015625000019],[-70.39890625000051,43.14151041666686],[-70.3987500000005,43.143854166666856],[-70.39890625000051,43.14515625000019],[-70.39942708333383,43.14583333333352],[-70.39973958333384,43.15166666666685],[-70.40052083333383,43.152760416666844],[-70.4034375000005,43.15390625000018],[-70.40369791666717,43.155781250000175],[-70.4028125000005,43.15692708333351],[-70.39989583333384,43.15802083333351],[-70.39942708333383,43.15947916666684],[-70.39864583333383,43.16026041666684],[-70.39739583333385,43.16036458333351],[-70.39437500000051,43.15723958333351],[-70.39187500000051,43.15713541666685],[-70.39093750000052,43.15786458333351],[-70.38989583333385,43.15770833333351],[-70.38963541666718,43.15520833333351],[-70.39036458333385,43.15427083333351],[-70.39057291666718,43.153020833333514],[-70.39119791666718,43.15260416666685],[-70.39125000000051,43.15187500000018],[-70.38968750000052,43.15125000000018],[-70.38734375000051,43.15140625000018],[-70.38630208333385,43.152708333333514],[-70.38630208333385,43.154791666666846],[-70.38708333333385,43.15593750000018],[-70.38614583333384,43.15692708333351],[-70.38489583333386,43.15703125000018],[-70.38406250000051,43.15625000000018],[-70.38359375000051,43.15692708333351],[-70.38140625000051,43.15723958333351],[-70.38026041666718,43.15859375000017],[-70.37807291666718,43.15890625000017],[-70.37489583333385,43.162083333333506],[-70.37458333333386,43.165729166666836],[-70.37520833333386,43.167552083333504],[-70.37770833333386,43.16807291666683],[-70.3782291666672,43.16869791666684],[-70.37927083333386,43.16869791666684],[-70.3801041666672,43.167916666666834],[-70.38057291666718,43.16859375000016],[-70.38197916666718,43.168750000000166],[-70.38276041666718,43.16828125000016],[-70.38276041666718,43.166718750000165],[-70.38088541666718,43.1661458333335],[-70.38041666666719,43.1652083333335],[-70.38197916666718,43.1645833333335],[-70.38432291666717,43.1647395833335],[-70.38692708333384,43.167291666666834],[-70.38692708333384,43.1702083333335],[-70.38604166666718,43.17109375000016],[-70.37979166666719,43.17223958333349],[-70.37765625000051,43.17442708333349],[-70.37401041666719,43.17473958333349],[-70.37343750000053,43.1753645833335],[-70.37239583333387,43.17552083333349],[-70.37140625000053,43.17739583333349],[-70.37093750000054,43.18208333333349],[-70.37031250000052,43.18276041666682],[-70.36906250000054,43.18296875000016],[-70.36864583333386,43.18359375000015],[-70.36718750000053,43.18406250000015],[-70.3671354166672,43.18510416666682],[-70.3680729166672,43.18619791666682],[-70.36906250000054,43.18703125000015],[-70.3701041666672,43.18703125000015],[-70.37052083333386,43.18640625000015],[-70.37197916666719,43.18593750000015],[-70.37223958333387,43.18468750000015],[-70.37312500000053,43.18390625000015],[-70.37937500000052,43.18276041666682],[-70.38109375000052,43.18114583333349],[-70.38218750000051,43.178229166666824],[-70.38364583333384,43.17776041666682],[-70.3839062500005,43.17723958333349],[-70.38609375000051,43.17692708333349],[-70.38692708333384,43.17614583333349],[-70.38723958333385,43.17468750000016],[-70.38812500000051,43.17390625000016],[-70.39062500000051,43.1738020833335],[-70.39177083333385,43.174583333333494],[-70.39203125000051,43.17864583333349],[-70.39177083333385,43.17958333333349],[-70.39057291666718,43.18052083333349],[-70.39026041666718,43.18197916666682],[-70.38973958333385,43.18223958333349],[-70.38953125000052,43.18411458333348],[-70.38890625000052,43.184843750000155],[-70.38854166666718,43.187968750000145],[-70.38750000000051,43.18875000000015],[-70.38562500000052,43.188906250000144],[-70.38531250000051,43.18942708333348],[-70.38385416666718,43.18989583333348],[-70.38276041666718,43.192812500000144],[-70.38223958333386,43.193072916666814],[-70.38192708333385,43.19526041666681],[-70.38109375000052,43.19609375000014],[-70.37890625000051,43.19640625000014],[-70.3774479166672,43.19786458333348],[-70.37588541666719,43.19786458333348],[-70.3751041666672,43.19713541666681],[-70.37385416666719,43.19723958333347],[-70.3730729166672,43.198229166666806],[-70.3726041666672,43.2029166666668],[-70.37140625000053,43.20192708333347],[-70.37078125000053,43.199739583333475],[-70.36921875000053,43.19963541666681],[-70.3680729166672,43.20052083333347],[-70.3679166666672,43.20145833333347],[-70.36859375000053,43.20234375000014],[-70.36890625000053,43.20598958333347],[-70.36953125000053,43.20656250000013],[-70.36973958333387,43.20781250000013],[-70.3711979166672,43.209218750000126],[-70.37109375000053,43.21109375000013],[-70.3702604166672,43.21192708333346],[-70.3683854166672,43.2121354166668],[-70.3671354166672,43.21286458333346],[-70.3640104166672,43.21260416666679],[-70.36359375000053,43.211354166666794],[-70.3630729166672,43.21109375000013],[-70.3627604166672,43.20890625000013],[-70.36203125000054,43.208072916666794],[-70.36140625000054,43.20786458333347],[-70.3602604166672,43.20640625000013],[-70.3580729166672,43.20609375000013],[-70.35640625000055,43.2044791666668],[-70.35619791666721,43.2032291666668],[-70.35536458333388,43.202239583333466],[-70.35473958333388,43.20203125000014],[-70.35364583333387,43.2005729166668],[-70.35218750000054,43.2002604166668],[-70.35057291666722,43.19859375000014],[-70.35026041666721,43.196406250000145],[-70.34807291666722,43.19437500000014],[-70.34760416666722,43.191250000000146],[-70.34640625000056,43.192187500000145],[-70.34619791666722,43.193437500000144],[-70.34557291666722,43.19385416666681],[-70.34536458333389,43.19510416666681],[-70.34463541666722,43.195885416666805],[-70.34473958333389,43.19776041666681],[-70.34526041666722,43.19802083333347],[-70.34567708333388,43.19927083333347],[-70.34958333333388,43.19989583333347],[-70.35036458333389,43.200729166666804],[-70.35057291666722,43.2019791666668],[-70.35192708333388,43.203125000000135],[-70.35203125000055,43.20562500000013],[-70.35130208333388,43.20718750000013],[-70.35140625000055,43.21093750000013],[-70.3563541666672,43.21609375000012],[-70.35760416666722,43.21635416666679],[-70.35807291666721,43.21781250000012],[-70.35927083333388,43.21875000000012],[-70.35973958333388,43.22343750000012],[-70.36125000000054,43.225937500000114],[-70.35968750000053,43.22640625000011],[-70.35890625000054,43.22718750000011],[-70.35880208333387,43.22843750000011],[-70.35953125000054,43.22906250000011],[-70.36057291666721,43.231979166666775],[-70.3638541666672,43.23526041666677],[-70.3654166666672,43.23572916666677],[-70.36296875000053,43.237239583333434],[-70.36156250000053,43.239583333333435],[-70.36057291666721,43.238645833333436],[-70.3602604166672,43.237187500000104],[-70.35791666666721,43.23489583333344],[-70.35401041666721,43.234739583333436],[-70.35140625000055,43.237187500000104],[-70.35109375000054,43.238645833333436],[-70.34973958333389,43.23979166666677],[-70.34973958333389,43.24270833333343],[-70.35109375000054,43.243854166666765],[-70.35140625000055,43.2453125000001],[-70.35276041666721,43.24635416666676],[-70.35296875000054,43.24760416666676],[-70.3538541666672,43.24859375000009],[-70.35531250000054,43.24890625000009],[-70.35625000000054,43.249895833333426],[-70.35546875000054,43.25072916666676],[-70.3552604166672,43.25197916666676],[-70.35390625000055,43.25302083333342],[-70.35369791666722,43.25427083333342],[-70.35296875000054,43.25489583333342],[-70.35286458333388,43.25593750000009],[-70.35223958333388,43.25645833333342],[-70.35177083333389,43.259375000000084],[-70.35052083333387,43.25973958333341],[-70.35026041666721,43.26036458333342],[-70.34963541666721,43.260572916666746],[-70.34880208333388,43.26156250000008],[-70.34859375000055,43.26281250000008],[-70.34760416666722,43.26369791666675],[-70.34531250000056,43.26453125000008],[-70.34156250000055,43.26442708333341],[-70.34093750000056,43.26380208333342],[-70.33968750000055,43.26359375000008],[-70.3392708333339,43.262968750000084],[-70.33802083333389,43.262760416666744],[-70.33760416666723,43.26213541666675],[-70.33635416666722,43.26192708333341],[-70.33593750000057,43.26125000000008],[-70.3352083333339,43.26192708333341],[-70.3333333333339,43.262083333333415],[-70.33052083333389,43.26109375000008],[-70.32890625000057,43.25947916666675],[-70.32859375000056,43.25802083333342],[-70.32682291666723,43.25640625000008],[-70.32447916666723,43.25625000000009],[-70.32234375000057,43.256927083333416],[-70.31432291666724,43.257239583333416],[-70.31343750000059,43.25786458333342],[-70.31239583333392,43.25786458333342],[-70.31140625000059,43.25697916666675],[-70.31119791666725,43.255729166666754],[-70.31057291666725,43.25520833333342],[-70.30994791666726,43.25229166666676],[-70.30838541666725,43.25213541666676],[-70.30692708333392,43.253593750000086],[-70.30505208333392,43.25369791666676],[-70.3039062500006,43.25276041666676],[-70.3034375000006,43.25057291666676],[-70.30270833333392,43.25041666666676],[-70.30218750000058,43.25072916666676],[-70.3020312500006,43.251770833333424],[-70.30125000000059,43.25270833333342],[-70.3014062500006,43.25364583333342],[-70.3020312500006,43.254218750000085],[-70.30223958333393,43.25609375000009],[-70.30302083333392,43.256927083333416],[-70.30447916666725,43.257239583333416],[-70.30645833333392,43.259427083333414],[-70.30895833333392,43.25989583333342],[-70.30958333333392,43.261458333333415],[-70.30973958333392,43.26427083333341],[-70.31041666666725,43.26552083333341],[-70.31026041666725,43.266927083333414],[-70.30947916666724,43.26776041666674],[-70.30822916666726,43.267812500000076],[-70.30776041666725,43.266354166666744],[-70.30713541666725,43.26593750000008],[-70.30692708333392,43.26468750000008],[-70.30614583333391,43.263906250000076],[-70.30489583333393,43.26369791666675],[-70.30442708333392,43.262968750000084],[-70.3039062500006,43.262968750000084],[-70.30307291666726,43.26401041666675],[-70.30291666666726,43.26531250000008],[-70.30307291666726,43.26765625000008],[-70.30375000000059,43.268437500000076],[-70.30270833333392,43.268750000000075],[-70.30130208333392,43.26776041666674],[-70.3020312500006,43.266406250000074],[-70.3014062500006,43.26614583333341],[-70.30109375000059,43.26468750000008],[-70.29963541666726,43.26359375000008],[-70.29942708333392,43.262968750000084],[-70.29770833333393,43.26375000000008],[-70.29677083333394,43.262968750000084],[-70.29552083333392,43.262760416666744],[-70.2939062500006,43.261145833333416],[-70.29369791666727,43.25989583333342],[-70.2928125000006,43.25890625000008],[-70.29135416666726,43.25859375000008],[-70.29057291666727,43.257812500000085],[-70.29010416666728,43.25635416666675],[-70.28885416666726,43.25640625000008],[-70.28807291666728,43.257187500000086],[-70.28786458333394,43.258437500000085],[-70.28713541666727,43.25953125000008],[-70.28713541666727,43.262135416666744],[-70.28786458333394,43.26322916666675],[-70.28807291666728,43.264479166666746],[-70.28906250000061,43.265364583333415],[-70.2903125000006,43.26557291666674],[-70.29145833333394,43.26692708333341],[-70.2943750000006,43.26723958333341],[-70.29526041666726,43.26802083333341],[-70.29541666666726,43.26895833333341],[-70.29479166666727,43.26947916666674],[-70.29270833333393,43.26953125000008],[-70.2914062500006,43.268697916666746],[-70.2910937500006,43.26796875000008],[-70.29057291666727,43.268125000000076],[-70.2904687500006,43.270625000000074],[-70.29119791666727,43.27156250000007],[-70.2914062500006,43.27281250000007],[-70.29192708333393,43.27307291666674],[-70.2920312500006,43.27494791666673],[-70.28973958333394,43.277239583333404],[-70.28880208333393,43.280937500000064],[-70.28942708333393,43.28135416666673],[-70.28963541666727,43.28260416666673],[-70.29036458333394,43.28322916666673],[-70.29057291666727,43.28447916666673],[-70.2910937500006,43.2847395833334],[-70.29130208333393,43.28661458333339],[-70.29192708333393,43.28718750000006],[-70.29239583333394,43.28864583333339],[-70.29364583333393,43.28890625000005],[-70.29406250000059,43.28958333333339],[-70.29520833333393,43.28875000000006],[-70.29614583333392,43.28890625000005],[-70.29656250000059,43.28958333333339],[-70.29734375000059,43.28890625000005],[-70.30046875000059,43.288802083333394],[-70.30192708333392,43.28963541666673],[-70.3020312500006,43.29026041666672],[-70.30109375000059,43.29109375000005],[-70.29921875000059,43.29130208333339],[-70.2984375000006,43.29203125000006],[-70.29718750000059,43.292239583333384],[-70.29614583333392,43.29359375000005],[-70.29302083333393,43.29473958333338],[-70.29192708333393,43.29609375000005],[-70.29005208333393,43.29630208333339],[-70.28880208333393,43.29703125000005],[-70.28567708333394,43.29723958333338],[-70.28276041666727,43.30026041666671],[-70.28057291666727,43.30057291666671],[-70.27614583333394,43.305260416666705],[-70.27468750000061,43.30572916666671],[-70.27442708333395,43.30697916666671],[-70.27281250000061,43.308593750000036],[-70.27135416666728,43.308906250000035],[-70.27031250000061,43.3102604166667],[-70.26885416666728,43.3105729166667],[-70.26781250000062,43.311927083333366],[-70.26635416666728,43.312239583333366],[-70.26447916666729,43.314427083333364],[-70.26302083333395,43.31473958333336],[-70.25947916666729,43.318593750000026],[-70.2582291666673,43.31880208333337],[-70.25723958333397,43.3196354166667],[-70.25640625000064,43.320677083333365],[-70.25609375000063,43.324322916666695],[-70.25531250000063,43.32526041666669],[-70.25406250000064,43.32546875000003],[-70.25343750000063,43.32609375000002],[-70.24906250000063,43.32609375000002],[-70.24828125000064,43.32546875000003],[-70.24640625000063,43.32526041666669],[-70.24578125000065,43.324635416666695],[-70.24390625000063,43.324427083333354],[-70.24364583333397,43.32390625000002],[-70.24239583333399,43.323697916666696],[-70.24192708333398,43.32307291666669],[-70.23723958333397,43.32192708333336],[-70.23531250000065,43.31973958333336],[-70.23385416666731,43.31927083333336],[-70.23359375000065,43.3182291666667],[-70.23171875000065,43.31812500000003],[-70.23093750000066,43.32125000000003],[-70.22947916666732,43.32276041666669],[-70.22802083333399,43.32322916666669],[-70.22776041666732,43.32447916666669],[-70.22307291666733,43.32885416666669],[-70.22276041666733,43.33031250000002],[-70.218645833334,43.334427083333345],[-70.21718750000066,43.334739583333345],[-70.21593750000068,43.336197916666684],[-70.21468750000066,43.33640625000001],[-70.21390625000068,43.33718750000001],[-70.213645833334,43.33843750000001],[-70.21218750000067,43.33890625000001],[-70.21109375000067,43.34026041666667],[-70.20921875000067,43.340468750000014],[-70.20781250000067,43.34125000000001],[-70.20640625000067,43.341093750000006],[-70.20578125000068,43.340468750000014],[-70.20421875000068,43.34057291666668],[-70.20281250000068,43.34427083333334],[-70.20135416666734,43.344739583333336],[-70.20093750000069,43.34536458333334],[-70.19968750000068,43.34557291666667],[-70.19942708333402,43.346197916666675],[-70.19880208333402,43.34640625],[-70.19807291666736,43.34729166666667],[-70.19791666666735,43.34916666666667],[-70.19494791666736,43.34979166666667],[-70.18368658335208,43.35026582806942],[-70.1504166666674,43.35010416666667],[-70.14989583333406,43.349583333333335],[-70.14980233577747,43.16021338220149]],[[-70.17208333333404,42.956041666667026],[-70.17239583333405,42.956979166667026],[-70.1767187500007,42.958593750000354],[-70.1837500000007,42.95843750000036],[-70.18442708333403,42.95807291666702],[-70.19255208333402,42.957864583333695],[-70.19458333333402,42.95739583333369],[-70.19354166666736,42.956406250000356],[-70.19104166666736,42.95619791666703],[-70.18979166666736,42.955468750000364],[-70.18770833333403,42.955468750000364],[-70.18604166666736,42.95625000000036],[-70.1837500000007,42.954895833333694],[-70.1818750000007,42.95463541666703],[-70.17437500000071,42.95473958333369],[-70.17239583333405,42.95552083333369],[-70.17208333333404,42.956041666667026]],[[-70.19963541666735,43.304895833333376],[-70.19973958333402,43.306145833333375],[-70.20260416666736,43.307916666666706],[-70.20526041666734,43.30526041666671],[-70.20541666666735,43.30385416666671],[-70.20463541666734,43.303072916666714],[-70.20151041666735,43.30307291666671],[-70.19963541666735,43.304895833333376]],[[-70.24635416666732,42.91041666666707],[-70.24765625000063,42.910572916667064],[-70.2490104166673,42.91192708333373],[-70.2529166666673,42.91177083333373],[-70.2536979166673,42.9106250000004],[-70.25359375000063,42.9081250000004],[-70.25281250000063,42.907239583333734],[-70.2513541666673,42.906927083333734],[-70.25005208333397,42.90557291666707],[-70.24494791666731,42.90526041666707],[-70.24380208333397,42.90463541666708],[-70.24119791666732,42.90463541666708],[-70.23906250000066,42.90552083333374],[-70.23859375000065,42.90697916666707],[-70.23796875000065,42.907552083333734],[-70.23807291666732,42.90942708333374],[-70.23885416666731,42.910260416667064],[-70.24010416666732,42.910468750000405],[-70.24062500000065,42.9110937500004],[-70.24312500000065,42.91119791666707],[-70.24401041666731,42.910572916667064],[-70.24635416666732,42.91041666666707]],[[-70.31406250000059,42.93369791666705],[-70.31531250000057,42.933906250000376],[-70.31572916666725,42.93453125000038],[-70.31755208333391,42.93380208333372],[-70.3194270833339,42.93359375000038],[-70.32036458333391,42.93260416666705],[-70.32036458333391,42.93156250000038],[-70.31963541666724,42.93093750000038],[-70.31859375000057,42.92802083333372],[-70.31640625000058,42.92614583333372],[-70.31609375000058,42.92468750000039],[-70.31473958333392,42.92364583333372],[-70.31453125000058,42.922395833333724],[-70.31380208333391,42.921770833333724],[-70.31359375000058,42.920520833333725],[-70.31307291666725,42.92026041666706],[-70.31276041666725,42.918072916667064],[-70.31114583333391,42.91640625000039],[-70.30968750000058,42.91609375000039],[-70.30890625000059,42.91520833333373],[-70.30906250000059,42.912291666667066],[-70.31182291666725,42.91130208333374],[-70.31791666666724,42.9115625000004],[-70.31822916666725,42.9120312500004],[-70.31947916666724,42.91223958333373],[-70.3205208333339,42.913593750000395],[-70.32177083333391,42.913802083333735],[-70.32229166666724,42.91442708333373],[-70.3252083333339,42.91473958333373],[-70.32557291666723,42.91526041666706],[-70.32776041666723,42.91557291666706],[-70.3280208333339,42.91609375000039],[-70.33093750000057,42.917187500000395],[-70.33140625000057,42.91864583333373],[-70.33203125000057,42.91906250000039],[-70.3322395833339,42.92031250000039],[-70.3328645833339,42.920572916667055],[-70.33296875000056,42.92109375000039],[-70.33421875000056,42.922031250000394],[-70.33578125000057,42.922031250000394],[-70.33776041666722,42.92031250000039],[-70.33796875000056,42.91906250000039],[-70.33875000000056,42.91822916666706],[-70.33807291666723,42.917812500000394],[-70.33776041666722,42.91635416666706],[-70.3345833333339,42.913229166667065],[-70.33718750000055,42.910572916667064],[-70.34031250000055,42.90942708333373],[-70.34109375000055,42.908593750000406],[-70.34093750000056,42.90640625000041],[-70.33802083333389,42.90526041666707],[-70.33697916666722,42.903906250000404],[-70.33552083333389,42.903593750000404],[-70.33447916666722,42.90223958333374],[-70.33322916666724,42.90203125000041],[-70.33244791666723,42.901302083333746],[-70.33088541666723,42.90119791666708],[-70.32932291666724,42.900468750000414],[-70.32494791666724,42.900260416667074],[-70.3239583333339,42.89963541666708],[-70.32145833333391,42.89942708333374],[-70.32062500000058,42.89880208333375],[-70.31812500000058,42.89859375000041],[-70.31776041666724,42.898072916667076],[-70.31588541666724,42.89786458333375],[-70.31526041666724,42.89723958333374],[-70.31338541666724,42.89703125000042],[-70.31260416666724,42.89640625000041],[-70.30885416666726,42.896197916667084],[-70.30729166666725,42.89546875000042],[-70.30479166666726,42.89526041666708],[-70.30427083333393,42.894635416667086],[-70.30302083333392,42.894427083333746],[-70.30260416666727,42.89380208333375],[-70.30135416666725,42.89359375000041],[-70.30109375000059,42.89307291666708],[-70.29921875000059,42.892864583333754],[-70.2984375000006,42.89213541666709],[-70.29718750000059,42.89192708333375],[-70.29447916666726,42.88890625000042],[-70.29135416666726,42.887760416667085],[-70.28973958333394,42.88614583333376],[-70.2887500000006,42.88364583333376],[-70.28890625000061,42.882239583333764],[-70.28958333333394,42.88156250000043],[-70.28890625000061,42.88114583333376],[-70.28869791666727,42.87989583333376],[-70.28807291666728,42.879427083333766],[-70.28692708333394,42.87473958333377],[-70.28593750000061,42.873750000000435],[-70.28526041666727,42.874427083333764],[-70.28338541666727,42.874635416667104],[-70.28260416666728,42.87536458333377],[-70.28156250000062,42.87546875000044],[-70.28093750000062,42.8761979166671],[-70.2796875000006,42.87640625000043],[-70.27942708333394,42.87692708333376],[-70.27755208333394,42.8771354166671],[-70.27645833333395,42.87786458333377],[-70.27395833333395,42.878072916667094],[-70.27359375000061,42.87859375000043],[-70.27140625000061,42.878906250000426],[-70.27078125000062,42.87953125000043],[-70.26890625000061,42.87973958333376],[-70.2680729166673,42.88052083333376],[-70.26776041666729,42.881979166667094],[-70.26578125000063,42.883697916667096],[-70.26421875000062,42.88380208333376],[-70.26296875000062,42.884427083333755],[-70.25359375000063,42.884635416667095],[-70.24953125000064,42.88536458333376],[-70.24265625000064,42.88557291666709],[-70.24130208333398,42.88640625000042],[-70.24192708333398,42.88744791666709],[-70.24223958333398,42.892552083333754],[-70.24286458333398,42.89322916666708],[-70.24296875000064,42.89427083333375],[-70.24609375000064,42.89718750000041],[-70.24640625000065,42.898645833333745],[-70.24822916666731,42.90036458333375],[-70.24927083333398,42.900468750000414],[-70.25036458333398,42.90119791666708],[-70.25718750000064,42.90208333333374],[-70.26234375000062,42.90192708333374],[-70.26567708333396,42.900468750000414],[-70.27005208333395,42.90057291666707],[-70.27192708333395,42.90218750000041],[-70.27223958333396,42.90364583333374],[-70.27317708333395,42.90442708333374],[-70.27630208333395,42.90453125000041],[-70.27755208333394,42.903802083333744],[-70.27942708333394,42.903593750000404],[-70.27989583333395,42.90296875000041],[-70.28093750000062,42.90296875000041],[-70.2814062500006,42.903593750000404],[-70.28328125000061,42.903802083333744],[-70.28406250000062,42.90453125000041],[-70.2853125000006,42.904739583333736],[-70.28786458333394,42.907552083333734],[-70.28776041666727,42.90942708333374],[-70.28526041666727,42.91192708333373],[-70.28338541666727,42.91213541666707],[-70.28276041666727,42.91276041666706],[-70.28088541666727,42.9129687500004],[-70.27963541666728,42.913593750000395],[-70.26869791666729,42.913593750000395],[-70.26656250000063,42.912864583333736],[-70.26614583333395,42.91223958333373],[-70.26489583333397,42.9120312500004],[-70.26447916666729,42.9114062500004],[-70.2632291666673,42.91119791666707],[-70.2624479166673,42.910572916667064],[-70.25822916666729,42.91041666666707],[-70.2558854166673,42.910885416667064],[-70.2554166666673,42.91135416666707],[-70.2555729166673,42.91276041666707],[-70.2563541666673,42.913593750000395],[-70.2576041666673,42.913802083333735],[-70.2582291666673,42.9145312500004],[-70.25947916666729,42.91473958333373],[-70.25973958333395,42.91526041666706],[-70.26192708333396,42.91557291666706],[-70.26395833333396,42.91776041666706],[-70.26687500000062,42.91807291666706],[-70.26802083333395,42.91942708333372],[-70.27130208333395,42.92036458333373],[-70.27817708333394,42.920260416667055],[-70.2828125000006,42.91859375000039],[-70.2848437500006,42.91640625000039],[-70.28848958333393,42.91640625000039],[-70.29026041666727,42.91802083333373],[-70.2904687500006,42.91927083333373],[-70.29119791666727,42.92005208333372],[-70.2914062500006,42.92192708333373],[-70.29213541666726,42.92276041666705],[-70.29307291666726,42.923593750000386],[-70.29526041666726,42.923906250000385],[-70.29802083333392,42.926927083333716],[-70.29927083333394,42.927135416667056],[-70.29968750000059,42.92776041666705],[-70.3009375000006,42.92796875000039],[-70.30161458333393,42.92859375000038],[-70.30671875000058,42.92890625000038],[-70.30885416666725,42.93109375000038],[-70.31031250000058,42.93140625000038],[-70.31052083333391,42.93192708333371],[-70.31197916666724,42.93223958333371],[-70.31239583333392,42.93286458333372],[-70.31343750000059,42.932968750000384],[-70.31406250000059,42.93369791666705]],[[-70.2751562500006,43.29276041666672],[-70.27552083333394,43.292239583333384],[-70.27677083333396,43.291875000000054],[-70.27703125000062,43.28937500000006],[-70.27630208333395,43.288281250000054],[-70.27630208333395,43.286718750000055],[-70.27703125000062,43.285781250000056],[-70.27723958333395,43.283906250000065],[-70.27776041666728,43.28354166666673],[-70.27791666666728,43.28166666666673],[-70.27776041666728,43.280625000000065],[-70.27713541666728,43.27994791666673],[-70.27692708333394,43.27807291666674],[-70.27625000000062,43.2773958333334],[-70.27234375000062,43.2772395833334],[-70.27177083333396,43.277864583333404],[-70.27052083333395,43.27807291666673],[-70.2701041666673,43.27869791666674],[-70.26885416666728,43.27890625000006],[-70.26843750000063,43.27953125000007],[-70.26739583333396,43.279687500000065],[-70.26692708333395,43.2811458333334],[-70.26630208333395,43.28171875000006],[-70.26609375000062,43.283593750000065],[-70.26526041666729,43.28442708333339],[-70.26307291666728,43.28473958333339],[-70.26031250000062,43.28776041666672],[-70.25885416666729,43.28807291666672],[-70.25723958333397,43.289687500000056],[-70.2571354166673,43.290937500000055],[-70.25812500000063,43.291927083333384],[-70.2610416666673,43.292239583333384],[-70.26312500000063,43.29442708333338],[-70.26604166666729,43.29442708333338],[-70.26656250000062,43.29390625000005],[-70.27031250000063,43.29369791666672],[-70.27203125000062,43.29296875000006],[-70.2751562500006,43.29276041666672]],[[-70.30760416666726,43.21963541666679],[-70.3065625000006,43.21963541666679],[-70.30473958333393,43.22145833333345],[-70.30473958333393,43.224375000000116],[-70.30552083333392,43.22526041666678],[-70.30677083333393,43.22546875000012],[-70.30723958333391,43.22609375000011],[-70.30864583333391,43.226250000000114],[-70.30958333333392,43.225000000000115],[-70.30942708333392,43.22312500000012],[-70.30880208333392,43.22244791666678],[-70.30859375000058,43.22057291666679],[-70.30760416666726,43.21963541666679]],[[-70.34114583333388,42.88890625000042],[-70.3398958333339,42.88869791666709],[-70.33947916666722,42.888072916667085],[-70.33802083333389,42.887760416667085],[-70.33776041666722,42.88723958333375],[-70.33588541666722,42.887031250000426],[-70.33479166666723,42.88630208333376],[-70.33229166666723,42.88609375000042],[-70.3314583333339,42.88546875000043],[-70.3289583333339,42.88526041666709],[-70.32812500000057,42.884635416667095],[-70.32562500000057,42.884427083333755],[-70.32510416666724,42.88380208333376],[-70.32385416666723,42.88359375000042],[-70.32359375000057,42.88307291666709],[-70.32171875000057,42.88286458333376],[-70.32109375000057,42.88223958333376],[-70.31921875000057,42.88203125000043],[-70.3184895833339,42.881406250000424],[-70.31484375000058,42.881093750000424],[-70.31437500000058,42.88057291666709],[-70.31187500000058,42.880364583333765],[-70.31062500000058,42.8796354166671],[-70.30854166666725,42.87968750000043],[-70.30791666666725,42.88020833333376],[-70.30807291666726,42.88114583333376],[-70.30973958333391,42.88276041666709],[-70.31442708333391,42.88390625000042],[-70.31489583333392,42.88453125000043],[-70.31593750000059,42.884635416667095],[-70.31671875000058,42.88536458333376],[-70.31859375000057,42.88557291666709],[-70.31885416666724,42.88609375000042],[-70.32010416666725,42.88630208333376],[-70.32057291666723,42.88692708333375],[-70.32526041666723,42.888072916667085],[-70.3255208333339,42.88859375000042],[-70.32677083333391,42.88880208333376],[-70.32739583333391,42.889531250000424],[-70.3286458333339,42.88973958333375],[-70.32906250000057,42.890364583333756],[-70.33031250000056,42.89057291666708],[-70.33057291666722,42.891093750000415],[-70.33244791666723,42.891302083333755],[-70.33348958333389,42.89192708333375],[-70.34208333333389,42.89177083333375],[-70.34286458333389,42.891093750000415],[-70.34286458333389,42.89057291666708],[-70.34223958333389,42.890364583333756],[-70.34114583333388,42.88890625000042]],[[-70.31687500000058,43.217083333333456],[-70.31562500000058,43.217083333333456],[-70.31406250000057,43.217708333333455],[-70.31375000000058,43.21916666666679],[-70.31406250000059,43.22020833333345],[-70.31531250000057,43.22057291666678],[-70.31557291666724,43.221093750000115],[-70.31776041666724,43.221093750000115],[-70.31859375000057,43.22020833333345],[-70.31875000000058,43.218333333333455],[-70.31843750000057,43.217708333333455],[-70.31687500000058,43.217083333333456]],[[-70.32869791666724,43.23343750000011],[-70.32890625000057,43.23218750000011],[-70.33114583333389,43.230781250000106],[-70.33119791666724,43.22921875000011],[-70.33057291666724,43.228593750000115],[-70.33041666666723,43.22718750000011],[-70.33125000000057,43.22572916666678],[-70.33057291666724,43.225312500000115],[-70.32994791666724,43.22385416666678],[-70.32838541666723,43.22380208333345],[-70.3272395833339,43.224635416666786],[-70.3263020833339,43.22572916666678],[-70.32609375000057,43.22697916666678],[-70.32473958333391,43.228020833333446],[-70.32453125000058,43.229270833333445],[-70.3238020833339,43.229895833333444],[-70.3238020833339,43.23093750000011],[-70.32427083333391,43.23125000000011],[-70.32453125000058,43.232343750000105],[-70.32473958333391,43.23671875000011],[-70.3255208333339,43.23776041666677],[-70.3264583333339,43.23791666666677],[-70.32697916666723,43.23744791666677],[-70.32713541666723,43.23588541666677],[-70.3278645833339,43.23510416666677],[-70.32796875000057,43.23406250000011],[-70.32869791666724,43.23343750000011]],[[-70.34786458333389,43.233593750000104],[-70.34875000000055,43.232291666666775],[-70.34776041666721,43.22968750000011],[-70.34494791666722,43.227968750000116],[-70.34338541666722,43.227968750000116],[-70.34156250000056,43.22901041666678],[-70.34109375000055,43.23265625000011],[-70.33963541666722,43.235052083333436],[-70.33963541666722,43.236614583333434],[-70.34046875000055,43.23776041666677],[-70.34145833333389,43.2385937500001],[-70.34437500000055,43.2384375000001],[-70.34473958333389,43.237187500000104],[-70.34536458333389,43.23677083333344],[-70.34557291666722,43.23552083333344],[-70.34786458333389,43.233593750000104]],[[-70.34895833333388,42.87546875000044],[-70.34687500000055,42.875520833333766],[-70.34625000000055,42.8760416666671],[-70.34640625000056,42.8769791666671],[-70.34744791666722,42.877760416667094],[-70.35255208333388,42.877760416667094],[-70.35291666666721,42.877395833333765],[-70.35192708333388,42.87640625000043],[-70.35005208333388,42.8761979166671],[-70.34895833333388,42.87546875000044]],[[-70.3647916666672,43.17291666666683],[-70.36531250000053,43.17182291666683],[-70.3652604166672,43.1681770833335],[-70.3644791666672,43.1670833333335],[-70.3633854166672,43.16703125000017],[-70.36281250000053,43.166406250000165],[-70.36187500000054,43.16625000000017],[-70.3608854166672,43.1669270833335],[-70.35578125000055,43.1672395833335],[-70.35359375000054,43.169427083333495],[-70.34890625000054,43.17057291666683],[-70.34822916666721,43.171250000000164],[-70.34796875000055,43.17531250000016],[-70.34875000000055,43.17677083333349],[-70.35265625000054,43.17723958333349],[-70.35333333333388,43.17776041666682],[-70.35708333333388,43.177916666666825],[-70.36161458333387,43.17703125000016],[-70.3627604166672,43.17609375000016],[-70.3630729166672,43.173906250000165],[-70.3638541666672,43.173072916666825],[-70.3647916666672,43.17291666666683]],[[-70.38000000000052,42.87973958333376],[-70.3741666666672,42.87942708333376],[-70.37328125000053,42.87880208333377],[-70.37140625000052,42.87859375000043],[-70.37114583333386,42.878072916667094],[-70.36864583333387,42.8771354166671],[-70.36489583333386,42.87723958333376],[-70.36380208333387,42.8782291666671],[-70.36390625000054,42.879479166667096],[-70.36489583333386,42.88026041666709],[-70.36864583333387,42.88046875000043],[-70.37083333333386,42.8811979166671],[-70.37583333333386,42.881406250000424],[-70.37750000000052,42.88203125000043],[-70.38250000000052,42.88177083333376],[-70.38291666666719,42.881041666667095],[-70.38244791666719,42.88052083333376],[-70.38088541666718,42.880364583333765],[-70.38000000000052,42.87973958333376]],[[-70.36989583333387,43.136197916666866],[-70.36927083333387,43.1354687500002],[-70.3682291666672,43.1354687500002],[-70.36781250000053,43.13609375000019],[-70.36656250000054,43.13630208333353],[-70.3655729166672,43.137187500000195],[-70.36536458333387,43.138437500000194],[-70.3646354166672,43.13937500000019],[-70.36473958333387,43.14187500000019],[-70.3658854166672,43.14276041666685],[-70.3701041666672,43.142916666666856],[-70.3724479166672,43.14197916666686],[-70.3729166666672,43.14104166666686],[-70.37276041666719,43.13822916666686],[-70.37114583333386,43.13640625000019],[-70.36989583333387,43.136197916666866]],[[-70.43239583333381,42.93713541666705],[-70.4336458333338,42.93692708333371],[-70.43406250000048,42.936302083333715],[-70.43531250000046,42.936093750000374],[-70.43557291666714,42.93546875000038],[-70.43687500000047,42.93463541666705],[-70.43937500000047,42.93473958333371],[-70.44062500000047,42.936093750000374],[-70.44250000000046,42.93625000000038],[-70.44432291666712,42.93557291666704],[-70.45291666666712,42.935104166667045],[-70.45541666666712,42.932395833333715],[-70.45645833333379,42.93223958333371],[-70.46895833333377,42.93213541666705],[-70.47411458333377,42.93286458333372],[-70.47473958333376,42.93223958333371],[-70.47692708333376,42.93192708333371],[-70.4777604166671,42.931145833333716],[-70.47796875000043,42.92989583333372],[-70.47880208333376,42.92890625000038],[-70.48156250000042,42.927239583333716],[-70.48531250000043,42.927135416667056],[-70.48729166666709,42.92791666666705],[-70.48807291666708,42.927239583333716],[-70.49026041666708,42.926927083333716],[-70.49192708333375,42.92515625000039],[-70.49192708333375,42.92151041666706],[-70.49130208333375,42.92078125000039],[-70.49109375000042,42.9189062500004],[-70.49046875000042,42.918437500000394],[-70.49026041666708,42.917187500000395],[-70.48973958333376,42.91692708333373],[-70.48953125000043,42.91505208333373],[-70.48880208333375,42.91427083333373],[-70.48859375000042,42.91302083333373],[-70.4876041666671,42.91213541666707],[-70.48635416666708,42.91192708333373],[-70.48541666666709,42.91072916666707],[-70.48000000000043,42.910468750000405],[-70.47781250000044,42.91119791666707],[-70.47406250000043,42.9114062500004],[-70.47312500000044,42.9120312500004],[-70.47062500000044,42.91223958333373],[-70.4694791666671,42.913593750000395],[-70.46822916666711,42.913802083333735],[-70.46744791666711,42.9145312500004],[-70.4655729166671,42.91473958333373],[-70.46531250000044,42.91526041666706],[-70.46406250000045,42.9154687500004],[-70.46354166666711,42.91609375000039],[-70.46104166666711,42.9160937500004],[-70.46041666666711,42.9153125000004],[-70.46026041666711,42.9139062500004],[-70.45973958333379,42.9135937500004],[-70.45942708333378,42.911406250000404],[-70.45890625000045,42.911145833333734],[-70.45869791666712,42.909895833333735],[-70.45807291666712,42.90947916666707],[-70.45697916666711,42.906562500000405],[-70.45552083333378,42.9060937500004],[-70.45437500000045,42.904739583333736],[-70.45187500000046,42.90453125000041],[-70.45046875000045,42.903802083333744],[-70.44734375000046,42.903593750000404],[-70.44697916666712,42.90307291666707],[-70.44572916666714,42.902864583333745],[-70.44531250000045,42.90223958333374],[-70.44296875000046,42.901406250000406],[-70.43203125000048,42.90093750000041],[-70.43125000000047,42.90062500000041],[-70.43140625000048,42.89968750000041],[-70.43203125000048,42.89911458333374],[-70.43197916666713,42.89755208333374],[-70.4305208333338,42.89692708333374],[-70.42921875000047,42.89557291666708],[-70.42484375000048,42.89546875000042],[-70.42312500000048,42.896197916667084],[-70.42104166666715,42.896197916667084],[-70.42015625000047,42.89557291666708],[-70.41651041666715,42.89526041666708],[-70.41604166666716,42.894739583333745],[-70.41354166666716,42.89453125000042],[-70.41166666666716,42.893750000000416],[-70.41020833333383,42.89380208333375],[-70.40848958333383,42.89453125000042],[-70.40411458333384,42.894739583333745],[-70.4021875000005,42.89572916666708],[-70.40213541666716,42.89677083333375],[-70.40302083333383,42.897760416667076],[-70.40427083333384,42.897968750000416],[-70.40520833333383,42.89869791666708],[-70.40770833333383,42.89890625000041],[-70.40802083333382,42.89942708333374],[-70.40927083333384,42.89963541666708],[-70.40958333333383,42.90010416666708],[-70.40802083333382,42.90057291666707],[-70.40744791666717,42.90119791666708],[-70.40557291666715,42.901406250000406],[-70.40520833333383,42.90192708333374],[-70.40229166666717,42.90223958333374],[-70.40145833333384,42.902916666667075],[-70.39885416666716,42.90192708333374],[-70.39848958333383,42.901406250000406],[-70.39458333333384,42.90093750000041],[-70.39390625000051,42.90026041666708],[-70.3935937500005,42.89807291666708],[-70.3926562500005,42.89723958333374],[-70.38953125000052,42.89703125000042],[-70.38848958333384,42.89640625000041],[-70.38536458333385,42.896197916667084],[-70.38380208333385,42.89546875000042],[-70.38067708333385,42.89572916666708],[-70.38046875000052,42.89677083333375],[-70.38140625000051,42.897760416667076],[-70.38609375000051,42.89890625000041],[-70.38703125000052,42.89973958333374],[-70.38703125000052,42.900260416667074],[-70.38473958333385,42.90218750000041],[-70.38473958333385,42.90364583333374],[-70.38635416666718,42.90526041666707],[-70.38760416666719,42.90546875000041],[-70.38838541666718,42.906197916667075],[-70.39026041666718,42.9064062500004],[-70.39223958333385,42.90869791666707],[-70.39286458333385,42.9089062500004],[-70.39286458333385,42.90942708333373],[-70.39223958333385,42.90963541666707],[-70.39125000000051,42.9109375000004],[-70.38843750000052,42.9112500000004],[-70.38421875000051,42.9110937500004],[-70.38161458333386,42.90973958333373],[-70.37505208333386,42.90973958333373],[-70.37390625000053,42.910468750000405],[-70.37364583333385,42.9110937500004],[-70.37218750000052,42.9114062500004],[-70.3702604166672,42.91369791666707],[-70.3696354166672,42.913906250000394],[-70.3696354166672,42.91442708333373],[-70.37036458333387,42.91489583333373],[-70.37052083333386,42.915937500000396],[-70.37197916666719,42.91640625000039],[-70.37255208333386,42.9170312500004],[-70.37442708333386,42.917239583333725],[-70.37489583333385,42.91776041666706],[-70.37927083333385,42.91807291666706],[-70.37979166666719,42.91859375000039],[-70.38229166666719,42.91880208333373],[-70.38354166666718,42.91942708333372],[-70.39229166666718,42.91942708333372],[-70.39354166666718,42.91880208333373],[-70.39604166666717,42.91859375000039],[-70.39677083333385,42.91791666666706],[-70.39739583333383,42.912916666667066],[-70.40020833333384,42.9112500000004],[-70.40114583333383,42.9114062500004],[-70.4021875000005,42.91276041666706],[-70.4034375000005,42.91302083333373],[-70.4037500000005,42.91395833333373],[-70.4045312500005,42.914479166667064],[-70.41182291666715,42.91557291666706],[-70.41218750000048,42.91609375000039],[-70.41364583333382,42.916562500000396],[-70.41380208333382,42.91760416666706],[-70.4145312500005,42.91838541666706],[-70.41442708333382,42.92026041666706],[-70.41380208333382,42.92072916666706],[-70.41359375000049,42.92197916666706],[-70.41223958333383,42.92302083333372],[-70.41208333333383,42.92395833333372],[-70.41286458333383,42.92489583333372],[-70.41307291666716,42.92614583333372],[-70.41359375000049,42.92640625000039],[-70.41463541666715,42.93078125000038],[-70.41536458333383,42.93171875000038],[-70.41557291666716,42.933593750000384],[-70.41692708333382,42.93468750000038],[-70.41807291666716,42.937812500000376],[-70.41885416666715,42.93859375000037],[-70.42145833333382,42.93958333333371],[-70.42234375000048,42.93890625000037],[-70.42546875000048,42.938697916667046],[-70.42661458333382,42.93807291666704],[-70.43171875000047,42.93776041666704],[-70.43239583333381,42.93713541666705]],[[-70.39270833333384,42.79223958333384],[-70.38979166666718,42.79192708333384],[-70.38927083333385,42.79125000000051],[-70.38807291666718,42.79218750000051],[-70.38807291666718,42.79364583333384],[-70.38958333333385,42.79510416666717],[-70.39364583333385,42.795260416667176],[-70.39458333333384,42.79447916666717],[-70.39427083333385,42.79307291666718],[-70.39302083333384,42.79276041666717],[-70.39270833333384,42.79223958333384]],[[-70.4090625000005,42.92369791666706],[-70.40864583333382,42.92307291666705],[-70.40739583333384,42.92286458333373],[-70.40697916666716,42.92223958333372],[-70.40572916666717,42.922031250000394],[-70.40510416666716,42.92140625000039],[-70.40135416666718,42.92119791666706],[-70.40020833333384,42.920572916667055],[-70.39833333333384,42.92041666666706],[-70.39729166666717,42.920572916667055],[-70.39640625000051,42.921406250000395],[-70.39635416666717,42.923281250000386],[-70.3978125000005,42.923906250000385],[-70.39822916666718,42.92453125000039],[-70.39927083333384,42.92463541666706],[-70.4000000000005,42.92526041666705],[-70.40583333333383,42.92557291666705],[-70.40640625000049,42.92609375000038],[-70.40781250000049,42.92625000000039],[-70.40942708333382,42.925364583333725],[-70.40963541666716,42.92473958333372],[-70.41036458333383,42.92442708333372],[-70.41031250000049,42.923906250000385],[-70.4090625000005,42.92369791666706]],[[-70.41010416666717,42.88713541666709],[-70.41083333333383,42.887760416667085],[-70.41708333333382,42.88760416666709],[-70.41880208333382,42.88713541666709],[-70.42567708333381,42.88692708333375],[-70.42708333333381,42.88572916666709],[-70.4261458333338,42.884739583333754],[-70.42489583333382,42.88453125000043],[-70.42416666666715,42.88390625000042],[-70.41916666666715,42.883697916667096],[-70.41666666666715,42.88296875000043],[-70.41166666666716,42.88307291666709],[-70.4107812500005,42.883697916667096],[-70.40890625000048,42.88390625000042],[-70.40796875000049,42.88489583333376],[-70.40796875000049,42.88593750000042],[-70.40885416666715,42.88692708333375],[-70.41010416666717,42.88713541666709]],[[-70.4802604166671,42.97635416666701],[-70.47640625000044,42.972812500000344],[-70.4752604166671,42.96968750000035],[-70.47281250000043,42.96723958333368],[-70.47156250000045,42.96703125000035],[-70.47078125000044,42.96630208333369],[-70.46890625000043,42.96609375000035],[-70.46828125000044,42.965468750000355],[-70.46671875000044,42.965468750000355],[-70.46604166666711,42.96609375000035],[-70.46312500000045,42.96640625000035],[-70.46276041666711,42.96692708333368],[-70.46088541666711,42.96713541666702],[-70.45979166666712,42.967864583333686],[-70.45729166666712,42.96807291666701],[-70.45682291666711,42.968593750000345],[-70.45317708333378,42.968906250000344],[-70.45260416666713,42.96953125000035],[-70.45135416666712,42.96973958333368],[-70.44963541666712,42.971562500000346],[-70.44963541666712,42.97260416666701],[-70.4503645833338,42.97322916666701],[-70.45057291666713,42.97447916666701],[-70.45218750000045,42.97609375000034],[-70.45364583333378,42.97640625000034],[-70.45390625000046,42.977031250000344],[-70.45505208333378,42.977760416667],[-70.46161458333378,42.978072916667],[-70.46270833333378,42.97869791666701],[-70.46520833333378,42.978906250000335],[-70.46635416666712,42.97958333333367],[-70.4677604166671,42.97942708333367],[-70.4683854166671,42.978802083333676],[-70.46994791666711,42.978802083333676],[-70.47062500000044,42.97942708333367],[-70.47312500000044,42.97963541666701],[-70.47411458333377,42.980260416667],[-70.47921875000043,42.980260416667],[-70.48114583333376,42.97927083333367],[-70.4811979166671,42.978229166667006],[-70.48046875000043,42.97760416666701],[-70.4802604166671,42.97635416666701]],[[-70.48500000000043,42.76625000000053],[-70.47937500000043,42.76640625000053],[-70.4779166666671,42.767395833333865],[-70.47911458333377,42.76859375000053],[-70.48348958333376,42.76880208333387],[-70.48489583333375,42.76942708333386],[-70.48958333333375,42.76927083333386],[-70.49036458333376,42.76843750000053],[-70.49031250000041,42.767395833333865],[-70.48812500000042,42.76640625000053],[-70.48500000000043,42.76625000000053]],[[-70.52609375000038,42.913177083333736],[-70.52546875000039,42.912604166667066],[-70.52526041666705,42.91135416666707],[-70.52463541666705,42.9109375000004],[-70.52442708333372,42.9096875000004],[-70.52281250000038,42.90807291666707],[-70.51968750000039,42.906927083333734],[-70.5187500000004,42.905937500000405],[-70.51979166666706,42.904739583333736],[-70.52291666666706,42.90427083333374],[-70.52442708333372,42.90281250000041],[-70.52442708333372,42.901354166667076],[-70.52281250000038,42.89973958333374],[-70.5215625000004,42.899531250000415],[-70.5207812500004,42.89880208333375],[-70.51890625000038,42.89859375000041],[-70.51864583333372,42.898072916667076],[-70.51739583333374,42.89786458333375],[-70.51697916666706,42.89723958333374],[-70.51541666666706,42.89677083333375],[-70.51942708333372,42.89276041666709],[-70.51963541666706,42.89088541666708],[-70.52036458333373,42.88994791666708],[-70.52036458333373,42.888385416667084],[-70.51973958333373,42.88776041666709],[-70.5195312500004,42.88588541666709],[-70.51880208333372,42.88510416666709],[-70.51859375000039,42.88385416666709],[-70.51614583333372,42.881406250000424],[-70.51489583333374,42.8811979166671],[-70.51447916666706,42.88057291666709],[-70.51302083333373,42.88026041666709],[-70.51276041666706,42.87973958333376],[-70.50807291666706,42.87859375000043],[-70.5078125000004,42.878072916667094],[-70.50656250000041,42.87786458333377],[-70.5056250000004,42.8771354166671],[-70.50354166666708,42.877031250000435],[-70.50229166666708,42.87640625000043],[-70.49666666666708,42.87625000000043],[-70.49354166666708,42.87640625000043],[-70.49135416666708,42.87723958333376],[-70.48958333333375,42.87906250000043],[-70.49130208333375,42.88192708333376],[-70.49239583333376,42.88286458333376],[-70.49364583333374,42.88307291666709],[-70.49406250000042,42.883697916667096],[-70.49531250000041,42.88390625000042],[-70.49572916666709,42.88453125000043],[-70.49697916666707,42.884739583333754],[-70.49885416666707,42.88692708333375],[-70.50010416666709,42.88713541666709],[-70.50052083333374,42.887760416667085],[-70.50177083333375,42.887968750000425],[-70.50260416666708,42.88875000000042],[-70.50307291666708,42.89578125000042],[-70.50380208333374,42.89692708333374],[-70.50442708333374,42.89718750000041],[-70.50473958333374,42.898645833333745],[-70.50635416666707,42.900260416667074],[-70.5078125000004,42.90057291666707],[-70.5085937500004,42.901354166667076],[-70.50901041666707,42.902604166667075],[-70.51265625000039,42.90307291666707],[-70.51427083333374,42.90458333333374],[-70.51442708333373,42.90848958333374],[-70.51307291666707,42.9096875000004],[-70.51286458333374,42.9109375000004],[-70.51223958333374,42.911458333333734],[-70.51223958333374,42.9143750000004],[-70.51276041666706,42.9146875000004],[-70.5129687500004,42.915937500000396],[-70.51385416666706,42.916927083333725],[-70.51531250000039,42.917239583333725],[-70.51645833333373,42.91859375000039],[-70.51833333333373,42.918750000000394],[-70.51994791666706,42.91807291666706],[-70.52505208333372,42.91776041666706],[-70.52609375000038,42.916822916667066],[-70.52625000000039,42.91552083333373],[-70.52609375000038,42.913177083333736]],[[-70.5189062500004,42.986145833333666],[-70.5184375000004,42.984687500000334],[-70.51718750000039,42.984427083333664],[-70.51677083333374,42.98380208333367],[-70.51572916666707,42.98380208333367],[-70.51531250000039,42.984427083333664],[-70.5140625000004,42.984635416667004],[-70.51348958333372,42.985260416666996],[-70.5098437500004,42.985572916666996],[-70.50807291666707,42.987291666667],[-70.50791666666707,42.989166666666996],[-70.50854166666707,42.990416666666995],[-70.51052083333374,42.98958333333366],[-70.51364583333373,42.990416666666995],[-70.51520833333373,42.989635416667],[-70.51770833333373,42.98942708333366],[-70.51942708333372,42.98781250000033],[-70.5195312500004,42.98656250000033],[-70.5189062500004,42.986145833333666]],[[-70.51447916666706,42.94807291666703],[-70.51354166666707,42.947916666667034],[-70.51260416666707,42.94869791666704],[-70.51156250000041,42.94890625000037],[-70.51130208333373,42.95078125000036],[-70.5120312500004,42.95171875000036],[-70.51223958333374,42.953593750000366],[-70.51307291666706,42.95442708333369],[-70.51526041666706,42.954270833333695],[-70.51557291666707,42.953020833333696],[-70.5160937500004,42.952708333333696],[-70.51619791666707,42.9502083333337],[-70.51447916666706,42.94807291666703]],[[-70.52197916666707,42.92880208333372],[-70.52041666666706,42.929062500000384],[-70.51958333333373,42.92989583333372],[-70.52088541666706,42.93119791666705],[-70.52244791666706,42.93130208333372],[-70.5232812500004,42.93192708333371],[-70.52656250000038,42.932083333333715],[-70.52838541666705,42.931458333333715],[-70.52875000000039,42.93000000000038],[-70.52822916666705,42.929375000000384],[-70.52562500000039,42.928750000000385],[-70.52197916666707,42.92880208333372]],[[-70.56390625000036,42.79447916666717],[-70.56364583333368,42.793229166667174],[-70.56218750000035,42.79276041666717],[-70.56114583333368,42.791406250000506],[-70.5586458333337,42.790468750000514],[-70.55489583333369,42.79057291666717],[-70.5541145833337,42.79119791666718],[-70.55223958333369,42.791406250000506],[-70.54890625000037,42.79468750000051],[-70.5488020833337,42.795937500000505],[-70.54953125000037,42.796562500000505],[-70.5497395833337,42.797812500000504],[-70.55218750000036,42.800260416667165],[-70.55343750000037,42.800468750000505],[-70.55437500000036,42.80119791666717],[-70.55687500000036,42.8014062500005],[-70.55734375000036,42.80192708333383],[-70.56046875000035,42.80213541666717],[-70.56145833333369,42.80276041666716],[-70.56333333333369,42.802916666667166],[-70.56593750000036,42.8020312500005],[-70.56677083333369,42.8012500000005],[-70.56703125000035,42.79786458333383],[-70.56619791666702,42.7964062500005],[-70.56390625000036,42.79447916666717]],[[-70.56989583333369,42.858802083333785],[-70.56802083333368,42.86020833333378],[-70.568072916667,42.86229166666711],[-70.56947916666701,42.86291666666711],[-70.57026041666701,42.86276041666711],[-70.57203125000035,42.860937500000446],[-70.57192708333368,42.85968750000045],[-70.57093750000035,42.858802083333785],[-70.56989583333369,42.858802083333785]],[[-70.58723958333366,42.7580729166672],[-70.58677083333367,42.75869791666721],[-70.58552083333366,42.758906250000535],[-70.584635416667,42.76005208333387],[-70.584635416667,42.761614583333866],[-70.58536458333367,42.76239583333387],[-70.585572916667,42.76364583333387],[-70.58640625000032,42.764427083333864],[-70.58781250000033,42.76458333333387],[-70.589791666667,42.763750000000535],[-70.59031250000032,42.762812500000535],[-70.590260416667,42.75906250000054],[-70.58911458333367,42.75796875000054],[-70.58723958333366,42.7580729166672]]]}},{"type":"Feature","properties":{"min_depth":80,"max_depth":150},"geometry":{"type":"Polygon","coordinates":[[[-70.15197916666739,42.803906250000495],[-70.15312500000073,42.80526041666716],[-70.15562500000073,42.8054687500005],[-70.15656250000073,42.806197916667166],[-70.15781250000072,42.80640625000049],[-70.15968750000071,42.80859375000049],[-70.16114583333405,42.80890625000049],[-70.16223958333404,42.810260416667155],[-70.16411458333405,42.81036458333383],[-70.16489583333406,42.80963541666716],[-70.16614583333404,42.80973958333382],[-70.16703125000072,42.81072916666716],[-70.16723958333405,42.81197916666716],[-70.16885416666737,42.813593750000486],[-70.17010416666739,42.813802083333826],[-70.17052083333404,42.81442708333382],[-70.17197916666737,42.81473958333382],[-70.17223958333403,42.81526041666715],[-70.17411458333405,42.81546875000049],[-70.17526041666737,42.81609375000048],[-70.18541666666736,42.81656250000049],[-70.18635416666736,42.81776041666715],[-70.18947916666735,42.81890625000048],[-70.19390625000068,42.82359375000048],[-70.19859375000068,42.82473958333381],[-70.1990625000007,42.825364583333815],[-70.20031250000068,42.82557291666714],[-70.20192708333401,42.827239583333814],[-70.20192708333401,42.82942708333381],[-70.20140625000069,42.829687500000475],[-70.20119791666735,42.83093750000047],[-70.20031250000068,42.8319270833338],[-70.19885416666735,42.8322395833338],[-70.19697916666735,42.8344270833338],[-70.19552083333402,42.8347395833338],[-70.19364583333402,42.8369270833338],[-70.19218750000068,42.8372395833338],[-70.19114583333402,42.83859375000046],[-70.18968750000069,42.83890625000046],[-70.18864583333402,42.84026041666713],[-70.18718750000069,42.84057291666713],[-70.18526041666736,42.842760416667126],[-70.18057291666736,42.84390625000046],[-70.1803125000007,42.84442708333379],[-70.17906250000071,42.84463541666713],[-70.17843750000071,42.8453645833338],[-70.1771875000007,42.84557291666712],[-70.17692708333404,42.846093750000456],[-70.17505208333404,42.846302083333796],[-70.17442708333404,42.84692708333379],[-70.17255208333404,42.84713541666713],[-70.17166666666738,42.84776041666712],[-70.16583333333405,42.84807291666712],[-70.16494791666739,42.84869791666713],[-70.16307291666737,42.848906250000454],[-70.16197916666738,42.85026041666712],[-70.16052083333405,42.85057291666712],[-70.15864583333405,42.85276041666712],[-70.15552083333405,42.85390625000045],[-70.1551041666674,42.854531250000456],[-70.15385416666739,42.85473958333378],[-70.15281250000072,42.85609375000045],[-70.15156250000074,42.85630208333379],[-70.15020833333406,42.85708333333378],[-70.14978157539805,42.84876155358169],[-70.14980154433444,42.82283521783572],[-70.14989583333406,42.802916666667166],[-70.1507291666674,42.80369791666717],[-70.15197916666739,42.803906250000495]]]}},{"type":"Feature","properties":{"min_depth":80,"max_depth":150},"geometry":{"type":"Polygon","coordinates":[[[-70.210520833334,42.806927083333825],[-70.20947916666734,42.80557291666716],[-70.208020833334,42.80526041666716],[-70.206145833334,42.80307291666716],[-70.20489583333402,42.802864583333836],[-70.20390625000068,42.8020312500005],[-70.20369791666735,42.8014062500005],[-70.20223958333402,42.8003125000005],[-70.20192708333401,42.79885416666717],[-70.20057291666735,42.797760416667174],[-70.20026041666735,42.795572916667176],[-70.19640625000069,42.791979166667176],[-70.19609375000068,42.790520833333844],[-70.19447916666735,42.78890625000051],[-70.19322916666736,42.78869791666718],[-70.19260416666735,42.788072916667176],[-70.18885416666737,42.78786458333385],[-70.18729166666736,42.787135416667184],[-70.18479166666737,42.78692708333384],[-70.1814062500007,42.78364583333385],[-70.1810937500007,42.78218750000052],[-70.17973958333404,42.78109375000052],[-70.17953125000071,42.77921875000052],[-70.17890625000071,42.77822916666719],[-70.17880208333403,42.771979166667194],[-70.1790625000007,42.770416666667195],[-70.18192708333403,42.7677604166672],[-70.1820312500007,42.765885416667196],[-70.1803125000007,42.76390625000053],[-70.17885416666736,42.76359375000053],[-70.17760416666738,42.762135416667206],[-70.1768750000007,42.76208333333387],[-70.17635416666737,42.762552083333865],[-70.17630208333404,42.764114583333864],[-70.17692708333404,42.7647916666672],[-70.17708333333404,42.7666666666672],[-70.17593750000071,42.769479166667196],[-70.17489583333405,42.7696354166672],[-70.1742187500007,42.77026041666719],[-70.17093750000072,42.770416666667195],[-70.16911458333405,42.77026041666719],[-70.16651041666738,42.768906250000526],[-70.15791666666739,42.76906250000053],[-70.15697916666738,42.77026041666719],[-70.15552083333405,42.77057291666719],[-70.15390625000073,42.77218750000053],[-70.1536979166674,42.773437500000526],[-70.15296875000072,42.77421875000052],[-70.15276041666739,42.77609375000053],[-70.14989583333406,42.77875000000052],[-70.14984505765453,42.766340423923495],[-70.14989583333406,42.70041666666726],[-70.1504166666674,42.699895833333926],[-70.25786419290428,42.699691560470356],[-70.3320833333339,42.699895833333926],[-70.33140625000057,42.700520833333925],[-70.33093750000057,42.70197916666726],[-70.32989583333391,42.70213541666726],[-70.3291145833339,42.70286458333393],[-70.32723958333389,42.70307291666725],[-70.3266145833339,42.70369791666726],[-70.3250520833339,42.703802083333926],[-70.32348958333391,42.70453125000059],[-70.31437500000058,42.705416666667254],[-70.30781250000058,42.70526041666725],[-70.30630208333392,42.70463541666726],[-70.30317708333392,42.70442708333392],[-70.30255208333392,42.703906250000585],[-70.29744791666727,42.703593750000586],[-70.29677083333394,42.70296875000059],[-70.29552083333392,42.70276041666725],[-70.29526041666726,42.70223958333392],[-70.29307291666726,42.70192708333392],[-70.2928125000006,42.70140625000059],[-70.29156250000061,42.70119791666726],[-70.29088541666727,42.700572916667255],[-70.28651041666727,42.700468750000596],[-70.28494791666728,42.70119791666726],[-70.28307291666727,42.70140625000059],[-70.28244791666728,42.702031250000594],[-70.28057291666727,42.70223958333392],[-70.27973958333395,42.70307291666726],[-70.27942708333394,42.70526041666726],[-70.27890625000062,42.70552083333392],[-70.27828125000062,42.70697916666725],[-70.2764062500006,42.706927083333916],[-70.27593750000062,42.706302083333924],[-70.27468750000061,42.70609375000058],[-70.27427083333396,42.705416666667254],[-70.27343750000063,42.70619791666726],[-70.27218750000061,42.70640625000058],[-70.27057291666729,42.70802083333392],[-70.27026041666728,42.70947916666725],[-70.26927083333396,42.71041666666725],[-70.26843750000063,42.709635416667254],[-70.26718750000062,42.709427083333914],[-70.26687500000062,42.70890625000058],[-70.26500000000063,42.708750000000585],[-70.26395833333396,42.70890625000058],[-70.26328125000063,42.70953125000059],[-70.26140625000062,42.70973958333391],[-70.26078125000063,42.71036458333392],[-70.25890625000062,42.710572916667246],[-70.25796875000063,42.71119791666725],[-70.25536458333397,42.71119791666725],[-70.25406250000063,42.71041666666725],[-70.25333333333397,42.71109375000058],[-70.24750000000064,42.71140625000058],[-70.24630208333397,42.712031250000585],[-70.24369791666732,42.712031250000585],[-70.24255208333398,42.71140625000058],[-70.23927083333399,42.71125000000058],[-70.23744791666732,42.71140625000058],[-70.23640625000066,42.71213541666725],[-70.23609375000065,42.71286458333392],[-70.23546875000065,42.713072916667244],[-70.23546875000065,42.71359375000058],[-70.23609375000065,42.71380208333392],[-70.23791666666732,42.71593750000058],[-70.2418229166673,42.716406250000574],[-70.24239583333399,42.71703125000058],[-70.24364583333397,42.71723958333391],[-70.24390625000063,42.71776041666724],[-70.24609375000064,42.71838541666724],[-70.24619791666731,42.71994791666724],[-70.24557291666731,42.72052083333391],[-70.24463541666731,42.723020833333905],[-70.24489583333397,42.7270833333339],[-70.24572916666732,42.727864583333904],[-70.2469791666673,42.72807291666723],[-70.24802083333397,42.729427083333896],[-70.2494791666673,42.729739583333895],[-70.25057291666731,42.731197916667234],[-70.25119791666731,42.73140625000056],[-70.25203125000064,42.7323958333339],[-70.25223958333397,42.733645833333895],[-70.25359375000063,42.73468750000056],[-70.25380208333397,42.73593750000056],[-70.25468750000063,42.73692708333389],[-70.25614583333396,42.73723958333389],[-70.25885416666729,42.74026041666722],[-70.26031250000062,42.74057291666722],[-70.26302083333395,42.74359375000055],[-70.26447916666729,42.74390625000055],[-70.26635416666728,42.74609375000055],[-70.26947916666728,42.74723958333388],[-70.27276041666728,42.75057291666722],[-70.27307291666729,42.752760416667215],[-70.27375000000062,42.753437500000544],[-70.27307291666729,42.75390625000055],[-70.27286458333396,42.75578125000054],[-70.27213541666728,42.75656250000054],[-70.27192708333395,42.75781250000054],[-70.26947916666728,42.7602604166672],[-70.2682291666673,42.76046875000054],[-70.26781250000062,42.76109375000053],[-70.26656250000063,42.761302083333874],[-70.26604166666729,42.761927083333866],[-70.2635416666673,42.762135416667206],[-70.2619791666673,42.76286458333387],[-70.25822916666729,42.7630729166672],[-70.2577604166673,42.76359375000053],[-70.2558854166673,42.76380208333387],[-70.2552604166673,42.764427083333864],[-70.2533854166673,42.764635416667204],[-70.25255208333397,42.765260416667196],[-70.24744791666731,42.765572916667196],[-70.24661458333398,42.7661979166672],[-70.24473958333397,42.76640625000053],[-70.2444791666673,42.76692708333386],[-70.24322916666732,42.7671354166672],[-70.24276041666731,42.767760416667194],[-70.2405729166673,42.768072916667194],[-70.24005208333398,42.76859375000053],[-70.23494791666732,42.768906250000526],[-70.23411458333399,42.76953125000053],[-70.23223958333398,42.76973958333386],[-70.22947916666732,42.77276041666719],[-70.22802083333399,42.77322916666719],[-70.22776041666732,42.77447916666719],[-70.22557291666733,42.77635416666719],[-70.22526041666733,42.77781250000052],[-70.22364583333399,42.77942708333385],[-70.22218750000066,42.77973958333385],[-70.22114583333399,42.781093750000515],[-70.218020833334,42.78223958333385],[-70.21697916666733,42.78359375000051],[-70.21572916666734,42.78380208333385],[-70.21473958333401,42.784635416667186],[-70.21390625000068,42.78567708333385],[-70.21375000000067,42.78697916666718],[-70.213802083334,42.78880208333384],[-70.21453125000068,42.79130208333384],[-70.21473958333401,42.79817708333384],[-70.21536458333401,42.7992187500005],[-70.21557291666734,42.801093750000504],[-70.21609375000067,42.801458333333834],[-70.21640625000067,42.8043750000005],[-70.217083333334,42.80552083333383],[-70.216927083334,42.80692708333383],[-70.21640625000067,42.807187500000495],[-70.21619791666734,42.808437500000494],[-70.214895833334,42.809583333333826],[-70.21447916666733,42.80890625000049],[-70.213020833334,42.80859375000049],[-70.21197916666733,42.807239583333825],[-70.210520833334,42.806927083333825]],[[-70.22468750000066,42.762239583333866],[-70.22614583333399,42.761927083333866],[-70.23026041666732,42.75776041666721],[-70.23046875000065,42.755885416667205],[-70.23119791666733,42.754947916667206],[-70.23109375000065,42.753072916667215],[-70.22854166666733,42.75057291666721],[-70.22604166666733,42.750364583333884],[-70.22432291666733,42.74963541666722],[-70.21994791666734,42.74973958333388],[-70.219114583334,42.750364583333884],[-70.21723958333399,42.75057291666721],[-70.216614583334,42.751197916667216],[-70.214739583334,42.75140625000054],[-70.21411458333401,42.75203125000055],[-70.212239583334,42.752239583333875],[-70.211145833334,42.75359375000054],[-70.208020833334,42.75473958333387],[-70.20677083333402,42.75619791666721],[-70.205520833334,42.75640625000054],[-70.20390625000068,42.75802083333387],[-70.20359375000068,42.759479166667205],[-70.20276041666735,42.7602604166672],[-70.20088541666735,42.76052083333387],[-70.20041666666735,42.761041666667204],[-70.20057291666735,42.7619791666672],[-70.20119791666735,42.762239583333866],[-70.20140625000069,42.76286458333387],[-70.20302083333402,42.762135416667206],[-70.206770833334,42.762239583333866],[-70.20739583333402,42.76286458333387],[-70.208645833334,42.7630729166672],[-70.20906250000068,42.763697916667205],[-70.21031250000067,42.76390625000053],[-70.21135416666733,42.765260416667196],[-70.21260416666735,42.76546875000054],[-70.21338541666734,42.7661979166672],[-70.21447916666733,42.76625000000053],[-70.215677083334,42.765572916667196],[-70.218802083334,42.76536458333387],[-70.220208333334,42.764635416667204],[-70.222708333334,42.764427083333864],[-70.22468750000066,42.762239583333866]]]}},{"type":"Feature","properties":{"min_depth":80,"max_depth":150},"geometry":{"type":"Polygon","coordinates":[[[-70.21703125000067,43.34510416666667],[-70.217239583334,43.343854166666674],[-70.217864583334,43.34343750000001],[-70.218020833334,43.34239583333334],[-70.21947916666733,43.34192708333334],[-70.21979166666733,43.341406250000006],[-70.222708333334,43.341093750000006],[-70.22359375000066,43.34031250000001],[-70.22390625000067,43.33885416666668],[-70.224895833334,43.337968750000016],[-70.22593750000067,43.337968750000016],[-70.22635416666732,43.33859375000001],[-70.22760416666733,43.33885416666668],[-70.22869791666733,43.34119791666667],[-70.22843750000067,43.34458333333334],[-70.22760416666733,43.34536458333334],[-70.22635416666732,43.34557291666667],[-70.22593750000067,43.346197916666675],[-70.22468750000066,43.34640625],[-70.22442708333399,43.346927083333334],[-70.22223958333399,43.347239583333334],[-70.219583333334,43.35010416666667],[-70.21798631800802,43.35034371896557],[-70.21735561598601,43.35034447465934],[-70.21687500000067,43.35010416666667],[-70.21625000000067,43.34854166666667],[-70.21640625000067,43.34572916666667],[-70.21703125000067,43.34510416666667]]]}},{"type":"Feature","properties":{"min_depth":80,"max_depth":150},"geometry":{"type":"Polygon","coordinates":[[[-70.30546875000059,43.28072916666673],[-70.30656250000058,43.2795833333334],[-70.30807291666724,43.28109375000006],[-70.31026041666725,43.28140625000006],[-70.31125000000058,43.282395833333396],[-70.30973958333392,43.28385416666673],[-70.30947916666724,43.28510416666673],[-70.30802083333391,43.28557291666672],[-70.30729166666725,43.28625000000006],[-70.3065625000006,43.2859895833334],[-70.30609375000058,43.28234375000007],[-70.30546875000059,43.2817708333334],[-70.30546875000059,43.28072916666673]]]}},{"type":"Feature","properties":{"min_depth":80,"max_depth":150},"geometry":{"type":"Polygon","coordinates":[[[-70.32020833333391,43.2747395833334],[-70.32125000000057,43.276041666666735],[-70.32109375000057,43.276979166666734],[-70.32041666666724,43.277604166666734],[-70.31703125000058,43.27781250000007],[-70.31625000000058,43.277291666666734],[-70.31630208333391,43.27656250000007],[-70.31770833333391,43.27468750000007],[-70.32020833333391,43.2747395833334]]]}},{"type":"Feature","properties":{"min_depth":80,"max_depth":150},"geometry":{"type":"Polygon","coordinates":[[[-70.41125000000049,43.10885416666689],[-70.4120312500005,43.10807291666689],[-70.41515625000048,43.107760416666885],[-70.41552083333382,43.10723958333355],[-70.41645833333382,43.107083333333556],[-70.41697916666715,43.10755208333355],[-70.41713541666715,43.10911458333355],[-70.41776041666715,43.10968750000022],[-70.41791666666715,43.11062500000022],[-70.41713541666715,43.11156250000022],[-70.41692708333382,43.11281250000022],[-70.41541666666716,43.11427083333355],[-70.41447916666715,43.11458333333355],[-70.41307291666715,43.11427083333355],[-70.41276041666715,43.11302083333355],[-70.41223958333383,43.11276041666689],[-70.41125000000049,43.10885416666689]]]}},{"type":"Feature","properties":{"min_depth":80,"max_depth":150},"geometry":{"type":"Polygon","coordinates":[[[-70.58375000000034,42.884687500000425],[-70.58406250000033,42.88208333333376],[-70.585260416667,42.88302083333376],[-70.585572916667,42.88447916666709],[-70.58859375000033,42.88718750000042],[-70.58843750000034,42.888645833333754],[-70.58739583333367,42.88869791666709],[-70.58531250000033,42.88640625000042],[-70.58406250000034,42.88598958333376],[-70.58375000000034,42.884687500000425]]]}},{"type":"Feature","properties":{"min_depth":150,"max_depth":400},"geometry":{"type":"Polygon","coordinates":[[[-70.17994791666737,43.149635416666854],[-70.17807291666736,43.149427083333514],[-70.17557291666738,43.146875000000186],[-70.17536458333404,43.14437500000019],[-70.17458333333404,43.14250000000019],[-70.17473958333404,43.14062500000019],[-70.17536458333404,43.14010416666686],[-70.1754687500007,43.13906250000019],[-70.17885416666736,43.13557291666686],[-70.18010416666738,43.13536458333353],[-70.18119791666737,43.13442708333353],[-70.1820312500007,43.1334375000002],[-70.18223958333404,43.1321875000002],[-70.18286458333404,43.13192708333353],[-70.18369791666737,43.1306250000002],[-70.18369791666737,43.12854166666687],[-70.1829687500007,43.12760416666687],[-70.18276041666736,43.12635416666687],[-70.1803125000007,43.1239062500002],[-70.17906250000071,43.12369791666688],[-70.17848958333403,43.12307291666687],[-70.1748437500007,43.12276041666687],[-70.17276041666737,43.12057291666687],[-70.17135416666738,43.12041666666688],[-70.17000000000071,43.121093750000206],[-70.16416666666738,43.12156250000021],[-70.16296875000072,43.123229166666874],[-70.16276041666738,43.12447916666687],[-70.16187500000072,43.12526041666687],[-70.15895833333406,43.12557291666687],[-70.15843750000073,43.126197916666875],[-70.15718750000072,43.1264062500002],[-70.15677083333406,43.12703125000021],[-70.1557291666674,43.12697916666687],[-70.15526041666739,43.12552083333354],[-70.15380208333406,43.12427083333354],[-70.15380208333406,43.123229166666874],[-70.15442708333406,43.12281250000021],[-70.15489583333407,43.121354166666876],[-70.15614583333405,43.121093750000206],[-70.15723958333405,43.11973958333354],[-70.15942708333405,43.11942708333354],[-70.16109375000072,43.117708333333546],[-70.16140625000072,43.11479166666688],[-70.16203125000072,43.114114583333546],[-70.16223958333406,43.112239583333555],[-70.16359375000071,43.110989583333556],[-70.16375000000072,43.108645833333554],[-70.16359375000071,43.107343750000226],[-70.16286458333406,43.10640625000022],[-70.16177083333406,43.10546875000023],[-70.16052083333405,43.10526041666689],[-70.1601041666674,43.104635416666895],[-70.15906250000073,43.104635416666895],[-70.15828125000073,43.10526041666689],[-70.15593750000073,43.10541666666689],[-70.15265625000073,43.105312500000224],[-70.15125000000073,43.10479166666689],[-70.15140625000073,43.10385416666689],[-70.15442708333406,43.10114583333356],[-70.15463541666739,43.09989583333356],[-70.1551041666674,43.09958333333356],[-70.15541666666739,43.0938541666669],[-70.15442708333406,43.08651041666691],[-70.15380208333406,43.08593750000024],[-70.15359375000072,43.08468750000024],[-70.14989583333406,43.081250000000246],[-70.14974775195368,43.049659305520336],[-70.1497273990476,43.00843652955567],[-70.15036458333407,42.98125000000034],[-70.15114583333406,42.974583333333676],[-70.15348958333405,42.97442708333367],[-70.15442708333406,42.973697916667014],[-70.15536458333406,42.97260416666701],[-70.1555729166674,42.97135416666701],[-70.15609375000072,42.97109375000035],[-70.15656250000073,42.96890625000035],[-70.15781250000072,42.968593750000345],[-70.15885416666738,42.96723958333368],[-70.1601041666674,42.96703125000035],[-70.16062500000072,42.96640625000035],[-70.16312500000072,42.96619791666702],[-70.16468750000072,42.965468750000355],[-70.16781250000072,42.965468750000355],[-70.16911458333405,42.96609375000035],[-70.17348958333405,42.96630208333369],[-70.17552083333405,42.96703125000035],[-70.17927083333403,42.96723958333368],[-70.18020833333404,42.967864583333686],[-70.18270833333403,42.96807291666701],[-70.18479166666737,42.96942708333368],[-70.18729166666736,42.96963541666702],[-70.18838541666736,42.97026041666701],[-70.19494791666736,42.97026041666701],[-70.19572916666736,42.96963541666702],[-70.19697916666735,42.96942708333368],[-70.19786458333402,42.96843750000035],[-70.19786458333402,42.96739583333368],[-70.19723958333402,42.96692708333369],[-70.19625000000069,42.96302083333369],[-70.19703125000069,42.961614583333684],[-70.19723958333402,42.95973958333369],[-70.19854166666735,42.958802083333694],[-70.20062500000068,42.958802083333694],[-70.20265625000069,42.95953125000036],[-70.20828125000068,42.959739583333686],[-70.21229166666734,42.961250000000355],[-70.21359375000067,42.96036458333369],[-70.21718750000066,42.956406250000356],[-70.21843750000068,42.95619791666703],[-70.21921875000066,42.955468750000364],[-70.22031250000066,42.95541666666703],[-70.22109375000066,42.95557291666702],[-70.22218750000066,42.95692708333369],[-70.22343750000067,42.95713541666703],[-70.22401041666733,42.95776041666702],[-70.22765625000065,42.95807291666702],[-70.22989583333398,42.959427083333686],[-70.23427083333398,42.959739583333686],[-70.234895833334,42.96036458333369],[-70.23593750000066,42.96046875000036],[-70.23885416666731,42.96359375000035],[-70.24010416666732,42.96380208333369],[-70.24062500000065,42.96442708333368],[-70.24312500000065,42.964531250000356],[-70.24395833333398,42.96390625000035],[-70.24687500000064,42.96343750000035],[-70.24692708333397,42.962187500000354],[-70.24390625000065,42.95947916666702],[-70.24276041666731,42.956354166667026],[-70.24177083333399,42.955468750000364],[-70.24052083333397,42.95526041666702],[-70.23942708333398,42.9538020833337],[-70.23880208333398,42.95359375000036],[-70.23807291666732,42.95276041666703],[-70.23744791666732,42.950572916667035],[-70.23588541666732,42.9503645833337],[-70.23494791666732,42.949739583333695],[-70.23260416666733,42.9495833333337],[-70.22838541666732,42.949739583333695],[-70.22713541666732,42.9503645833337],[-70.22401041666733,42.95026041666703],[-70.22364583333399,42.949739583333695],[-70.22218750000066,42.9492708333337],[-70.22203125000067,42.94822916666703],[-70.221302083334,42.94744791666703],[-70.22109375000066,42.94557291666704],[-70.22031250000066,42.9447395833337],[-70.21885416666733,42.9444270833337],[-70.21640625000067,42.94192708333371],[-70.21526041666733,42.937239583333714],[-70.21473958333401,42.936979166667044],[-70.21453125000068,42.935729166667045],[-70.21390625000068,42.93531250000038],[-70.21369791666734,42.93406250000038],[-70.21307291666734,42.93364583333371],[-70.21286458333401,42.932395833333715],[-70.21223958333401,42.93197916666705],[-70.21203125000068,42.93072916666705],[-70.21140625000068,42.93031250000038],[-70.21119791666734,42.929062500000384],[-70.21057291666735,42.92864583333372],[-70.21036458333401,42.92739583333372],[-70.20973958333401,42.92697916666705],[-70.20953125000068,42.925729166667054],[-70.208802083334,42.92463541666705],[-70.208802083334,42.92203125000039],[-70.20958333333401,42.920208333333726],[-70.21052083333402,42.91968750000039],[-70.21364583333401,42.91963541666706],[-70.215052083334,42.92036458333373],[-70.216927083334,42.920572916667055],[-70.21718750000066,42.92109375000039],[-70.21843750000068,42.92130208333373],[-70.21906250000067,42.922031250000394],[-70.22031250000066,42.92223958333372],[-70.22557291666732,42.92776041666705],[-70.22744791666733,42.92796875000039],[-70.22807291666732,42.92859375000038],[-70.22994791666733,42.92880208333372],[-70.23072916666732,42.929427083333714],[-70.23510416666731,42.92973958333371],[-70.23572916666733,42.93036458333372],[-70.23697916666731,42.930572916667046],[-70.23723958333397,42.93109375000038],[-70.23911458333399,42.93130208333372],[-70.23989583333397,42.93192708333371],[-70.24364583333399,42.93213541666705],[-70.24614583333398,42.93286458333372],[-70.25239583333396,42.933072916667044],[-70.25692708333396,42.93526041666704],[-70.26505208333396,42.935364583333715],[-70.26812500000062,42.93458333333371],[-70.26911458333396,42.93526041666704],[-70.27421875000061,42.93557291666704],[-70.27505208333395,42.93619791666705],[-70.27692708333394,42.936406250000374],[-70.27718750000061,42.93692708333371],[-70.27843750000062,42.93713541666705],[-70.27953125000062,42.93807291666704],[-70.28036458333395,42.939062500000375],[-70.28057291666728,42.940312500000374],[-70.2821875000006,42.9419270833337],[-70.28343750000062,42.94213541666704],[-70.2842187500006,42.94286458333371],[-70.2860937500006,42.943072916667035],[-70.28645833333394,42.94359375000037],[-70.2893750000006,42.94390625000037],[-70.29036458333394,42.9447395833337],[-70.2910937500006,42.94578125000037],[-70.2914062500006,42.950885416667035],[-70.29302083333393,42.952760416667026],[-70.30114583333392,42.95557291666702],[-70.30385416666725,42.958593750000354],[-70.30531250000058,42.958906250000354],[-70.30739583333393,42.961197916667025],[-70.3084375000006,42.96130208333369],[-70.30895833333392,42.961927083333684],[-70.31145833333392,42.962135416667024],[-70.31255208333391,42.96286458333369],[-70.31442708333391,42.963072916667016],[-70.3155208333339,42.96442708333368],[-70.31843750000058,42.965468750000355],[-70.31906250000058,42.96619791666702],[-70.32031250000057,42.96640625000035],[-70.3219270833339,42.96802083333368],[-70.32213541666724,42.96927083333368],[-70.32296875000057,42.97026041666701],[-70.32359375000057,42.97046875000035],[-70.32385416666723,42.97109375000034],[-70.32510416666724,42.97140625000035],[-70.32536458333391,42.97328125000034],[-70.32463541666723,42.97406250000034],[-70.32447916666723,42.97510416666701],[-70.32322916666725,42.975520833333675],[-70.32276041666724,42.97697916666701],[-70.32223958333391,42.97718750000034],[-70.32203125000058,42.97843750000034],[-70.32140625000058,42.978854166667006],[-70.32119791666724,42.980104166667005],[-70.32057291666725,42.98062500000034],[-70.32010416666725,42.983541666667],[-70.31885416666724,42.98390625000033],[-70.31843750000058,42.98453125000034],[-70.31718750000057,42.98473958333366],[-70.31677083333392,42.98536458333367],[-70.3155208333339,42.985260416666996],[-70.31359375000058,42.983072916667],[-70.31218750000059,42.982916666667],[-70.31078125000059,42.983697916667005],[-70.30890625000058,42.98390625000033],[-70.30864583333391,42.984427083333664],[-70.30739583333393,42.984635416667004],[-70.30692708333392,42.985260416666996],[-70.30223958333391,42.98640625000033],[-70.30161458333393,42.987031250000335],[-70.29973958333392,42.98723958333366],[-70.2987500000006,42.988541666667],[-70.2995312500006,42.99020833333366],[-70.29927083333394,42.99291666666699],[-70.29807291666727,42.991979166666994],[-70.29760416666727,42.99052083333366],[-70.2950000000006,42.98958333333366],[-70.2931250000006,42.98973958333366],[-70.29276041666726,42.99026041666699],[-70.29088541666727,42.99046875000033],[-70.29010416666726,42.991093750000324],[-70.28572916666727,42.991406250000324],[-70.28385416666727,42.992552083333656],[-70.28390625000061,42.99442708333366],[-70.28552083333393,42.99609375000032],[-70.28677083333395,42.99630208333366],[-70.2873437500006,42.99692708333365],[-70.29098958333392,42.99723958333365],[-70.29156250000061,42.99786458333366],[-70.2928125000006,42.998072916666985],[-70.29442708333393,42.99973958333366],[-70.29463541666726,43.00161458333365],[-70.29536458333394,43.00286458333365],[-70.29536458333394,43.00546875000031],[-70.29463541666726,43.00687500000031],[-70.29442708333393,43.00937500000031],[-70.29208333333393,43.01177083333364],[-70.29307291666726,43.01276041666697],[-70.29494791666727,43.01307291666698],[-70.29557291666727,43.015260416666976],[-70.29718750000059,43.016927083333634],[-70.29864583333392,43.017239583333634],[-70.29958333333393,43.01885416666697],[-70.2995312500006,43.019947916666965],[-70.29880208333392,43.021197916666964],[-70.29859375000059,43.02432291666697],[-70.29796875000059,43.02489583333363],[-70.29781250000059,43.025937500000296],[-70.29635416666726,43.02640625000029],[-70.2962500000006,43.02677083333363],[-70.2907812500006,43.026927083333625],[-70.28697916666727,43.02307291666696],[-70.28552083333393,43.02276041666696],[-70.28447916666727,43.0214062500003],[-70.28322916666728,43.02119791666697],[-70.28255208333394,43.020572916666964],[-70.27744791666728,43.020260416666964],[-70.27677083333396,43.01963541666697],[-70.27552083333394,43.01942708333363],[-70.27510416666729,43.01880208333364],[-70.27385416666728,43.0185937500003],[-70.27343750000063,43.01796875000031],[-70.27218750000061,43.01776041666697],[-70.27192708333395,43.017239583333634],[-70.27005208333395,43.01703125000031],[-70.26942708333395,43.0164062500003],[-70.26755208333395,43.016197916666975],[-70.26682291666728,43.01557291666697],[-70.2590104166673,43.014427083333636],[-70.25859375000063,43.0139062500003],[-70.25671875000063,43.01369791666698],[-70.25593750000064,43.01296875000031],[-70.25489583333398,43.012864583333645],[-70.2544791666673,43.01223958333364],[-70.25302083333396,43.01192708333364],[-70.2527604166673,43.011406250000306],[-70.2505729166673,43.011093750000306],[-70.25031250000063,43.01057291666697],[-70.24906250000065,43.01036458333365],[-70.2483854166673,43.00973958333364],[-70.24328125000065,43.00973958333364],[-70.24270833333398,43.01026041666697],[-70.24020833333398,43.010468750000314],[-70.23911458333399,43.01119791666698],[-70.23723958333397,43.011406250000306],[-70.23697916666731,43.01192708333364],[-70.23572916666733,43.01234375000031],[-70.23557291666732,43.01598958333364],[-70.23619791666732,43.016562500000305],[-70.23640625000066,43.0178125000003],[-70.23703125000065,43.01822916666697],[-70.23723958333399,43.01947916666697],[-70.23885416666731,43.0210937500003],[-70.24177083333399,43.02213541666697],[-70.24239583333399,43.022864583333636],[-70.24364583333397,43.02307291666696],[-70.24968750000063,43.02942708333362],[-70.25093750000065,43.02963541666696],[-70.25218750000063,43.03109375000029],[-70.25364583333396,43.03140625000029],[-70.25723958333396,43.03526041666695],[-70.25911458333397,43.03546875000029],[-70.26020833333396,43.03619791666696],[-70.26270833333396,43.03640625000028],[-70.26302083333395,43.036927083333616],[-70.26427083333397,43.037135416666956],[-70.26484375000062,43.03776041666695],[-70.26848958333395,43.03807291666695],[-70.26885416666728,43.03859375000028],[-70.26979166666729,43.038750000000285],[-70.27031250000061,43.04015625000028],[-70.27041666666729,43.04343750000028],[-70.26942708333395,43.049375000000275],[-70.26880208333395,43.04989583333361],[-70.26859375000062,43.05114583333361],[-70.26796875000062,43.05156250000027],[-70.26776041666729,43.05281250000027],[-70.26713541666729,43.05322916666694],[-70.26692708333395,43.05447916666694],[-70.26630208333395,43.0548958333336],[-70.26609375000062,43.0561458333336],[-70.26114583333396,43.06109375000026],[-70.25989583333397,43.0613020833336],[-70.25947916666729,43.06192708333359],[-70.2582291666673,43.06213541666693],[-70.25765625000062,43.062760416666926],[-70.25453125000064,43.062968750000266],[-70.25281250000064,43.06369791666693],[-70.24906250000063,43.06390625000026],[-70.24848958333396,43.06442708333359],[-70.24536458333398,43.06463541666693],[-70.2443229166673,43.06526041666692],[-70.24119791666732,43.065468750000264],[-70.23979166666732,43.06619791666693],[-70.23729166666732,43.066406250000256],[-70.23677083333399,43.06703125000026],[-70.23552083333398,43.06723958333359],[-70.23510416666733,43.067864583333595],[-70.23385416666731,43.06807291666692],[-70.23057291666733,43.07135416666692],[-70.230364583334,43.07260416666692],[-70.22963541666732,43.07322916666692],[-70.22963541666732,43.074270833333586],[-70.23109375000065,43.075520833333584],[-70.23130208333399,43.07677083333358],[-70.23203125000066,43.07739583333358],[-70.23223958333399,43.07864583333358],[-70.23276041666732,43.07890625000025],[-70.23296875000065,43.08078125000024],[-70.23359375000065,43.08161458333358],[-70.23390625000066,43.086718750000244],[-70.23458333333399,43.087395833333574],[-70.23390625000066,43.08812500000024],[-70.23359375000065,43.091041666666904],[-70.231614583334,43.0927604166669],[-70.22505208333399,43.0930729166669],[-70.223958333334,43.093697916666905],[-70.221458333334,43.09390625000023],[-70.22114583333399,43.094427083333564],[-70.21989583333401,43.094635416666904],[-70.21906250000066,43.0954166666669],[-70.21859375000066,43.1008854166669],[-70.21796875000067,43.10156250000023],[-70.217864583334,43.10260416666689],[-70.21375000000067,43.10687500000022],[-70.21390625000068,43.10781250000022],[-70.21453125000068,43.108385416666884],[-70.21473958333401,43.11026041666689],[-70.21536458333401,43.110729166666886],[-70.21625000000067,43.11333333333355],[-70.21609375000067,43.11520833333355],[-70.21390625000068,43.11718750000021],[-70.21375000000067,43.11812500000021],[-70.21609375000067,43.12057291666688],[-70.21609375000067,43.12276041666688],[-70.21328125000068,43.12536458333354],[-70.21140625000066,43.12526041666687],[-70.211145833334,43.124739583333536],[-70.20989583333402,43.12453125000021],[-70.20932291666733,43.1239062500002],[-70.20697916666734,43.12375000000021],[-70.20567708333401,43.1239062500002],[-70.20307291666735,43.12546875000021],[-70.20286458333402,43.1260937500002],[-70.20140625000069,43.127187500000204],[-70.20119791666735,43.1284375000002],[-70.20046875000068,43.1295312500002],[-70.20057291666735,43.1326562500002],[-70.20119791666735,43.133229166666865],[-70.20140625000069,43.134479166666864],[-70.20203125000069,43.13489583333353],[-70.20223958333402,43.13614583333353],[-70.20291666666735,43.136562500000196],[-70.20140625000069,43.13911458333353],[-70.20130208333401,43.14348958333352],[-70.20208333333402,43.145104166666854],[-70.20140625000069,43.14552083333352],[-70.20109375000068,43.14697916666685],[-70.20010416666736,43.14786458333352],[-70.19885416666735,43.14807291666685],[-70.19859375000068,43.14859375000018],[-70.19671875000068,43.14880208333352],[-70.19609375000068,43.149427083333514],[-70.19421875000069,43.149635416666854],[-70.19333333333402,43.150260416666846],[-70.18833333333403,43.150468750000186],[-70.18505208333403,43.15119791666685],[-70.18432291666736,43.150572916666846],[-70.18119791666737,43.15036458333352],[-70.17994791666737,43.149635416666854]]]}},{"type":"Feature","properties":{"min_depth":150,"max_depth":400},"geometry":{"type":"Polygon","coordinates":[[[-70.15036458333407,43.15161458333352],[-70.14984375000073,43.15067708333351],[-70.14979733869971,43.15009230094081],[-70.14979526358267,43.145889358885995],[-70.15052083333407,43.14458333333352],[-70.15192708333406,43.14442708333352],[-70.15218750000072,43.143906250000185],[-70.15343750000073,43.14369791666686],[-70.15427083333405,43.14307291666685],[-70.16156250000071,43.14276041666685],[-70.16229166666739,43.14223958333352],[-70.16479166666738,43.142031250000194],[-70.16567708333405,43.14140625000019],[-70.16697916666737,43.14125000000019],[-70.16932291666737,43.14140625000019],[-70.16989583333405,43.142031250000194],[-70.17093750000072,43.14213541666686],[-70.17276041666737,43.14395833333352],[-70.17286458333405,43.14645833333352],[-70.17197916666737,43.14776041666685],[-70.17072916666739,43.14796875000019],[-70.1701562500007,43.14859375000018],[-70.16651041666738,43.14890625000018],[-70.16578125000072,43.14953125000019],[-70.16390625000071,43.14973958333351],[-70.16328125000072,43.15036458333352],[-70.16140625000071,43.150572916666846],[-70.16114583333405,43.15109375000018],[-70.15989583333406,43.15130208333352],[-70.15947916666738,43.15192708333351],[-70.1582291666674,43.15213541666685],[-70.15791666666739,43.15260416666685],[-70.15453125000073,43.15286458333352],[-70.15348958333405,43.15223958333351],[-70.15114583333406,43.152083333333515],[-70.15036458333407,43.15161458333352]]]}},{"type":"Feature","properties":{"min_depth":150,"max_depth":400},"geometry":{"type":"Polygon","coordinates":[[[-70.15062500000073,43.16140625000017],[-70.14989583333406,43.162083333333506],[-70.14980233577747,43.16021338220149],[-70.14980170692097,43.15893969625744],[-70.1502604166674,43.15880208333351],[-70.15088541666739,43.15953125000018],[-70.1524479166674,43.15953125000018],[-70.1532291666674,43.15880208333351],[-70.15447916666739,43.15859375000017],[-70.15489583333407,43.15796875000018],[-70.15614583333405,43.15807291666684],[-70.15692708333405,43.15895833333351],[-70.15708333333406,43.160000000000174],[-70.15692708333405,43.16187500000017],[-70.15625000000072,43.16260416666684],[-70.15489583333407,43.16286458333351],[-70.1535416666674,43.16140625000017],[-70.15250000000073,43.16125000000017],[-70.15062500000073,43.16140625000017]]]}},{"type":"Feature","properties":{"min_depth":150,"max_depth":400},"geometry":{"type":"Polygon","coordinates":[[[-70.17239583333405,42.95552083333369],[-70.17437500000071,42.95473958333369],[-70.1818750000007,42.95463541666703],[-70.1837500000007,42.954895833333694],[-70.18604166666736,42.95625000000036],[-70.18770833333403,42.955468750000364],[-70.18979166666736,42.955468750000364],[-70.19104166666736,42.95619791666703],[-70.19354166666736,42.956406250000356],[-70.19458333333402,42.95739583333369],[-70.19255208333402,42.957864583333695],[-70.18442708333403,42.95807291666702],[-70.1837500000007,42.95843750000036],[-70.1767187500007,42.958593750000354],[-70.17239583333405,42.956979166667026],[-70.17208333333404,42.956041666667026],[-70.17239583333405,42.95552083333369]]]}},{"type":"Feature","properties":{"min_depth":150,"max_depth":400},"geometry":{"type":"Polygon","coordinates":[[[-70.24401041666731,42.910572916667064],[-70.24312500000065,42.91119791666707],[-70.24062500000065,42.9110937500004],[-70.24010416666732,42.910468750000405],[-70.23885416666731,42.910260416667064],[-70.23807291666732,42.90942708333374],[-70.23796875000065,42.907552083333734],[-70.23859375000065,42.90697916666707],[-70.23906250000066,42.90552083333374],[-70.24119791666732,42.90463541666708],[-70.24380208333397,42.90463541666708],[-70.24494791666731,42.90526041666707],[-70.25005208333397,42.90557291666707],[-70.2513541666673,42.906927083333734],[-70.25281250000063,42.907239583333734],[-70.25359375000063,42.9081250000004],[-70.2536979166673,42.9106250000004],[-70.2529166666673,42.91177083333373],[-70.2490104166673,42.91192708333373],[-70.24765625000063,42.910572916667064],[-70.24635416666732,42.91041666666707],[-70.24401041666731,42.910572916667064]]]}},{"type":"Feature","properties":{"min_depth":150,"max_depth":400},"geometry":{"type":"Polygon","coordinates":[[[-70.31343750000059,42.932968750000384],[-70.31239583333392,42.93286458333372],[-70.31197916666724,42.93223958333371],[-70.31052083333391,42.93192708333371],[-70.31031250000058,42.93140625000038],[-70.30885416666725,42.93109375000038],[-70.30671875000058,42.92890625000038],[-70.30161458333393,42.92859375000038],[-70.3009375000006,42.92796875000039],[-70.29968750000059,42.92776041666705],[-70.29927083333394,42.927135416667056],[-70.29802083333392,42.926927083333716],[-70.29526041666726,42.923906250000385],[-70.29307291666726,42.923593750000386],[-70.29213541666726,42.92276041666705],[-70.2914062500006,42.92192708333373],[-70.29119791666727,42.92005208333372],[-70.2904687500006,42.91927083333373],[-70.29026041666727,42.91802083333373],[-70.28848958333393,42.91640625000039],[-70.2848437500006,42.91640625000039],[-70.2828125000006,42.91859375000039],[-70.27817708333394,42.920260416667055],[-70.27130208333395,42.92036458333373],[-70.26802083333395,42.91942708333372],[-70.26687500000062,42.91807291666706],[-70.26395833333396,42.91776041666706],[-70.26192708333396,42.91557291666706],[-70.25973958333395,42.91526041666706],[-70.25947916666729,42.91473958333373],[-70.2582291666673,42.9145312500004],[-70.2576041666673,42.913802083333735],[-70.2563541666673,42.913593750000395],[-70.2555729166673,42.91276041666707],[-70.2554166666673,42.91135416666707],[-70.2558854166673,42.910885416667064],[-70.25822916666729,42.91041666666707],[-70.2624479166673,42.910572916667064],[-70.2632291666673,42.91119791666707],[-70.26447916666729,42.9114062500004],[-70.26489583333397,42.9120312500004],[-70.26614583333395,42.91223958333373],[-70.26656250000063,42.912864583333736],[-70.26869791666729,42.913593750000395],[-70.27963541666728,42.913593750000395],[-70.28088541666727,42.9129687500004],[-70.28276041666727,42.91276041666706],[-70.28338541666727,42.91213541666707],[-70.28526041666727,42.91192708333373],[-70.28776041666727,42.90942708333374],[-70.28786458333394,42.907552083333734],[-70.2853125000006,42.904739583333736],[-70.28406250000062,42.90453125000041],[-70.28328125000061,42.903802083333744],[-70.2814062500006,42.903593750000404],[-70.28093750000062,42.90296875000041],[-70.27989583333395,42.90296875000041],[-70.27942708333394,42.903593750000404],[-70.27755208333394,42.903802083333744],[-70.27630208333395,42.90453125000041],[-70.27317708333395,42.90442708333374],[-70.27223958333396,42.90364583333374],[-70.27192708333395,42.90218750000041],[-70.27005208333395,42.90057291666707],[-70.26567708333396,42.900468750000414],[-70.26234375000062,42.90192708333374],[-70.25718750000064,42.90208333333374],[-70.25036458333398,42.90119791666708],[-70.24927083333398,42.900468750000414],[-70.24822916666731,42.90036458333375],[-70.24640625000065,42.898645833333745],[-70.24609375000064,42.89718750000041],[-70.24296875000064,42.89427083333375],[-70.24286458333398,42.89322916666708],[-70.24223958333398,42.892552083333754],[-70.24192708333398,42.88744791666709],[-70.24130208333398,42.88640625000042],[-70.24265625000064,42.88557291666709],[-70.24953125000064,42.88536458333376],[-70.25359375000063,42.884635416667095],[-70.26296875000062,42.884427083333755],[-70.26421875000062,42.88380208333376],[-70.26578125000063,42.883697916667096],[-70.26776041666729,42.881979166667094],[-70.2680729166673,42.88052083333376],[-70.26890625000061,42.87973958333376],[-70.27078125000062,42.87953125000043],[-70.27140625000061,42.878906250000426],[-70.27359375000061,42.87859375000043],[-70.27395833333395,42.878072916667094],[-70.27645833333395,42.87786458333377],[-70.27755208333394,42.8771354166671],[-70.27942708333394,42.87692708333376],[-70.2796875000006,42.87640625000043],[-70.28093750000062,42.8761979166671],[-70.28156250000062,42.87546875000044],[-70.28260416666728,42.87536458333377],[-70.28338541666727,42.874635416667104],[-70.28526041666727,42.874427083333764],[-70.28593750000061,42.873750000000435],[-70.28692708333394,42.87473958333377],[-70.28807291666728,42.879427083333766],[-70.28869791666727,42.87989583333376],[-70.28890625000061,42.88114583333376],[-70.28958333333394,42.88156250000043],[-70.28890625000061,42.882239583333764],[-70.2887500000006,42.88364583333376],[-70.28973958333394,42.88614583333376],[-70.29135416666726,42.887760416667085],[-70.29447916666726,42.88890625000042],[-70.29718750000059,42.89192708333375],[-70.2984375000006,42.89213541666709],[-70.29921875000059,42.892864583333754],[-70.30109375000059,42.89307291666708],[-70.30135416666725,42.89359375000041],[-70.30260416666727,42.89380208333375],[-70.30302083333392,42.894427083333746],[-70.30427083333393,42.894635416667086],[-70.30479166666726,42.89526041666708],[-70.30729166666725,42.89546875000042],[-70.30885416666726,42.896197916667084],[-70.31260416666724,42.89640625000041],[-70.31338541666724,42.89703125000042],[-70.31526041666724,42.89723958333374],[-70.31588541666724,42.89786458333375],[-70.31776041666724,42.898072916667076],[-70.31812500000058,42.89859375000041],[-70.32062500000058,42.89880208333375],[-70.32145833333391,42.89942708333374],[-70.3239583333339,42.89963541666708],[-70.32494791666724,42.900260416667074],[-70.32932291666724,42.900468750000414],[-70.33088541666723,42.90119791666708],[-70.33244791666723,42.901302083333746],[-70.33322916666724,42.90203125000041],[-70.33447916666722,42.90223958333374],[-70.33552083333389,42.903593750000404],[-70.33697916666722,42.903906250000404],[-70.33802083333389,42.90526041666707],[-70.34093750000056,42.90640625000041],[-70.34109375000055,42.908593750000406],[-70.34031250000055,42.90942708333373],[-70.33718750000055,42.910572916667064],[-70.3345833333339,42.913229166667065],[-70.33776041666722,42.91635416666706],[-70.33807291666723,42.917812500000394],[-70.33875000000056,42.91822916666706],[-70.33796875000056,42.91906250000039],[-70.33776041666722,42.92031250000039],[-70.33578125000057,42.922031250000394],[-70.33421875000056,42.922031250000394],[-70.33296875000056,42.92109375000039],[-70.3328645833339,42.920572916667055],[-70.3322395833339,42.92031250000039],[-70.33203125000057,42.91906250000039],[-70.33140625000057,42.91864583333373],[-70.33093750000057,42.917187500000395],[-70.3280208333339,42.91609375000039],[-70.32776041666723,42.91557291666706],[-70.32557291666723,42.91526041666706],[-70.3252083333339,42.91473958333373],[-70.32229166666724,42.91442708333373],[-70.32177083333391,42.913802083333735],[-70.3205208333339,42.913593750000395],[-70.31947916666724,42.91223958333373],[-70.31822916666725,42.9120312500004],[-70.31791666666724,42.9115625000004],[-70.31182291666725,42.91130208333374],[-70.30906250000059,42.912291666667066],[-70.30890625000059,42.91520833333373],[-70.30968750000058,42.91609375000039],[-70.31114583333391,42.91640625000039],[-70.31276041666725,42.918072916667064],[-70.31307291666725,42.92026041666706],[-70.31359375000058,42.920520833333725],[-70.31380208333391,42.921770833333724],[-70.31453125000058,42.922395833333724],[-70.31473958333392,42.92364583333372],[-70.31609375000058,42.92468750000039],[-70.31640625000058,42.92614583333372],[-70.31859375000057,42.92802083333372],[-70.31963541666724,42.93093750000038],[-70.32036458333391,42.93156250000038],[-70.32036458333391,42.93260416666705],[-70.3194270833339,42.93359375000038],[-70.31755208333391,42.93380208333372],[-70.31572916666725,42.93453125000038],[-70.31531250000057,42.933906250000376],[-70.31406250000059,42.93369791666705],[-70.31343750000059,42.932968750000384]]]}},{"type":"Feature","properties":{"min_depth":150,"max_depth":400},"geometry":{"type":"Polygon","coordinates":[[[-70.40885416666715,42.88692708333375],[-70.40796875000049,42.88593750000042],[-70.40796875000049,42.88489583333376],[-70.40890625000048,42.88390625000042],[-70.4107812500005,42.883697916667096],[-70.41166666666716,42.88307291666709],[-70.41666666666715,42.88296875000043],[-70.41916666666715,42.883697916667096],[-70.42416666666715,42.88390625000042],[-70.42489583333382,42.88453125000043],[-70.4261458333338,42.884739583333754],[-70.42708333333381,42.88572916666709],[-70.42567708333381,42.88692708333375],[-70.41880208333382,42.88713541666709],[-70.41708333333382,42.88760416666709],[-70.41083333333383,42.887760416667085],[-70.41010416666717,42.88713541666709],[-70.40885416666715,42.88692708333375]]]}}]}