{"type":"FeatureCollection","features":[{"type":"Feature","id":0,"geometry":{"type":"LineString","coordinates":[[-70.83661458333334,42.82046875000072],[-70.83539634913747,42.820333390645615]]},"properties":{"n":188.6664534929954,"e":0,"m":[-70.83600546623542,42.820401070323165],"length_m":100.00000000023834}},{"type":"Feature","id":1,"geometry":{"type":"LineString","coordinates":[[-70.83539634913747,42.820333390645615],[-70.83473958333335,42.82026041666737],[-70.83440502051074,42.81992585384478]]},"properties":{"n":193.233652535719,"e":0,"m":[-70.83478723203953,42.820265710968066],"length_m":99.99999999979767}},{"type":"Feature","id":2,"geometry":{"type":"LineString","coordinates":[[-70.83440502051074,42.81992585384478],[-70.83390625000001,42.81942708333405],[-70.83386631099803,42.81914751032025]]},"properties":{"n":233.90912479580777,"e":0,"m":[-70.83404206519826,42.8195628985323],"length_m":99.99999999979818}},{"type":"Feature","id":3,"geometry":{"type":"LineString","coordinates":[[-70.83386631099803,42.81914751032025],[-70.8337386710786,42.818254030884205]]},"properties":{"n":264.0547405285467,"e":0,"m":[-70.83380249103831,42.81870077060223],"length_m":100.00000000047945}},{"type":"Feature","id":4,"geometry":{"type":"LineString","coordinates":[[-70.8337386710786,42.818254030884205],[-70.83361103115917,42.81736055144817]]},"properties":{"n":264.0547405290994,"e":0,"m":[-70.83367485111889,42.81780729116619],"length_m":99.99999999955313}},{"type":"Feature","id":5,"geometry":{"type":"LineString","coordinates":[[-70.83361103115917,42.81736055144817],[-70.83359375,42.81723958333405],[-70.83291666666668,42.81677083333405],[-70.8329942409127,42.81669325908802]]},"properties":{"n":223.52241878874906,"e":0,"m":[-70.83326795267529,42.817014031340015],"length_m":100.00000000063127}},{"type":"Feature","id":6,"geometry":{"type":"LineString","coordinates":[[-70.8329942409127,42.81669325908802],[-70.83372015153766,42.815967348463055]]},"properties":{"n":306.0908751998802,"e":0,"m":[-70.83335719622518,42.81633030377553],"length_m":99.99999999971507}},{"type":"Feature","id":7,"geometry":{"type":"LineString","coordinates":[[-70.83372015153766,42.815967348463055],[-70.83375000000001,42.815937500000715],[-70.83298939021152,42.81527830485069]]},"properties":{"n":229.93221655732037,"e":0,"m":[-70.83338600329908,42.81562203619325],"length_m":99.99999999990489}},{"type":"Feature","id":8,"geometry":{"type":"LineString","coordinates":[[-70.83298939021152,42.81527830485069],[-70.83296875,42.81526041666738],[-70.83302083333334,42.814739583334045],[-70.83346828657106,42.814605347362736]]},"properties":{"n":274.16930784207455,"e":0,"m":[-70.83301121542013,42.814835762466075],"length_m":99.99999999988648}},{"type":"Feature","id":9,"geometry":{"type":"LineString","coordinates":[[-70.83346828657106,42.814605347362736],[-70.83458333333334,42.81427083333405],[-70.83457792507384,42.81425190442578]]},"properties":{"n":337.63085719493057,"e":0,"m":[-70.83403807396772,42.81443441114374],"length_m":99.99999999987806}},{"type":"Feature","id":10,"geometry":{"type":"LineString","coordinates":[[-70.83457792507384,42.81425190442578],[-70.83447916666668,42.81390625000071],[-70.83377165734423,42.8137293726701]]},"properties":{"n":198.92941969248278,"e":0,"m":[-70.83435448731619,42.81387508016309],"length_m":99.99999999989076}},{"type":"Feature","id":11,"geometry":{"type":"LineString","coordinates":[[-70.83377165734423,42.8137293726701],[-70.83322916666668,42.81359375000071],[-70.83304474946542,42.813132706997564]]},"properties":{"n":246.0785760350413,"e":0,"m":[-70.8332172288832,42.813563905542],"length_m":100.00000000033737}},{"type":"Feature","id":12,"geometry":{"type":"LineString","coordinates":[[-70.83304474946542,42.813132706997564],[-70.83291666666668,42.81281250000072],[-70.833057362545,42.8122571215336]]},"properties":{"n":280.4630488651068,"e":0,"m":[-70.83294546847162,42.812698808665395],"length_m":100.0000000002299}},{"type":"Feature","id":13,"geometry":{"type":"LineString","coordinates":[[-70.833057362545,42.8122571215336],[-70.83328115069179,42.81137374727001]]},"properties":{"n":280.4630488703542,"e":0,"m":[-70.83316925661839,42.81181543440181],"length_m":100.00000000013215}},{"type":"Feature","id":14,"geometry":{"type":"LineString","coordinates":[[-70.83328115069179,42.81137374727001],[-70.83350493883856,42.81049037300643]]},"properties":{"n":280.4630488651068,"e":0,"m":[-70.83339304476517,42.810932060138214],"length_m":99.99999999996301}},{"type":"Feature","id":15,"geometry":{"type":"LineString","coordinates":[[-70.83350493883856,42.81049037300643],[-70.83372872698534,42.809606998742844]]},"properties":{"n":280.4630488651068,"e":0,"m":[-70.83361683291196,42.81004868587464],"length_m":99.99999999996301}},{"type":"Feature","id":16,"geometry":{"type":"LineString","coordinates":[[-70.83372872698534,42.809606998742844],[-70.83390625000001,42.808906250000724],[-70.83415193305991,42.80885711338874]]},"properties":{"n":280.4630488651068,"e":0,"m":[-70.83384062105873,42.80916531161105],"length_m":99.99999999968186}},{"type":"Feature","id":17,"geometry":{"type":"LineString","coordinates":[[-70.83415193305991,42.80885711338874],[-70.83442708333334,42.80880208333406],[-70.83493287823563,42.80938569283669]]},"properties":{"n":57.716416142355854,"e":0,"m":[-70.83460378512012,42.80900597001111],"length_m":100.00000000019885}},{"type":"Feature","id":18,"geometry":{"type":"LineString","coordinates":[[-70.83493287823563,42.80938569283669],[-70.83510416666667,42.809583333334054],[-70.83547728607967,42.808977014287926]]},"properties":{"n":294.1608172265416,"e":0,"m":[-70.83522509551712,42.809386823952075],"length_m":99.99999999980807}},{"type":"Feature","id":19,"geometry":{"type":"LineString","coordinates":[[-70.83547728607967,42.808977014287926],[-70.83552083333333,42.80890625000072],[-70.83660103903227,42.808674777350944]]},"properties":{"n":343.6189110917287,"e":0,"m":[-70.83600989827684,42.80880145036996],"length_m":100.00000000020343}},{"type":"Feature","id":20,"geometry":{"type":"LineString","coordinates":[[-70.83660103903227,42.808674777350944],[-70.83697916666668,42.80859375000072],[-70.83703125000001,42.808072916667385],[-70.83695284663831,42.80800496708724]]},"properties":{"n":274.16930784207455,"e":0,"m":[-70.83699530881765,42.80843232849093],"length_m":99.99999999963613}},{"type":"Feature","id":21,"geometry":{"type":"LineString","coordinates":[[-70.83695284663831,42.80800496708724],[-70.83625,42.807395833334056],[-70.83637935657077,42.80735603131229]]},"properties":{"n":229.9322165648388,"e":0,"m":[-70.83655623355074,42.80766123574469],"length_m":100.00000000024342}},{"type":"Feature","id":22,"geometry":{"type":"LineString","coordinates":[[-70.83637935657077,42.80735603131229],[-70.83751466907007,42.807006704389416]]},"properties":{"n":337.11574880752704,"e":0,"m":[-70.83694701282042,42.807181367850845],"length_m":99.9999999999829}},{"type":"Feature","id":23,"geometry":{"type":"LineString","coordinates":[[-70.83751466907007,42.807006704389416],[-70.83760416666667,42.80697916666739],[-70.83787219948277,42.806175068219055]]},"properties":{"n":283.6575823633829,"e":0,"m":[-70.83772671436607,42.80661152356918],"length_m":99.99999999943277}},{"type":"Feature","id":24,"geometry":{"type":"LineString","coordinates":[[-70.83787219948277,42.806175068219055],[-70.83791666666667,42.80604166666739],[-70.83745300656717,42.8053598135799]]},"properties":{"n":243.63244644117168,"e":0,"m":[-70.83772665690869,42.80576224055271],"length_m":100.00000000094434}},{"type":"Feature","id":25,"geometry":{"type":"LineString","coordinates":[[-70.83745300656717,42.8053598135799],[-70.83703125000001,42.804739583334054],[-70.83678756809475,42.8046351482318]]},"properties":{"n":243.63244643880176,"e":0,"m":[-70.83717935622566,42.804957386607086],"length_m":99.99999999935935}},{"type":"Feature","id":26,"geometry":{"type":"LineString","coordinates":[[-70.83678756809475,42.8046351482318],[-70.83630208333334,42.804427083334055],[-70.83630208333334,42.80393930650409]]},"properties":{"n":266.4199685295789,"e":0,"m":[-70.83630208333334,42.80438846209159],"length_m":100.00000000015267}},{"type":"Feature","id":27,"geometry":{"type":"LineString","coordinates":[[-70.83630208333334,42.80393930650409],[-70.83630208333334,42.80390625000072],[-70.83692708333334,42.80359375000073],[-70.83697152530729,42.803282656183086]]},"properties":{"n":325.55375141789926,"e":0,"m":[-70.83677280194888,42.803670890692956],"length_m":100.00000000007941}},{"type":"Feature","id":28,"geometry":{"type":"LineString","coordinates":[[-70.83697152530729,42.803282656183086],[-70.83709916522672,42.802389176747056]]},"properties":{"n":275.9452594709006,"e":0,"m":[-70.837035345267,42.802835916465064],"length_m":99.99999999955313}},{"type":"Feature","id":29,"geometry":{"type":"LineString","coordinates":[[-70.83709916522672,42.802389176747056],[-70.83722680514616,42.80149569731101]]},"properties":{"n":275.9452594714533,"e":0,"m":[-70.83716298518645,42.801942437029034],"length_m":100.00000000047945}},{"type":"Feature","id":30,"geometry":{"type":"LineString","coordinates":[[-70.83722680514616,42.80149569731101],[-70.83723958333334,42.80140625000073],[-70.837892822165,42.800753011169064]]},"properties":{"n":306.09087520302353,"e":0,"m":[-70.83752986685252,42.801115966481554],"length_m":100.00000000037818}},{"type":"Feature","id":31,"geometry":{"type":"LineString","coordinates":[[-70.837892822165,42.800753011169064],[-70.83791666666667,42.800729166667395],[-70.83907851263606,42.8005355256725]]},"properties":{"n":347.12161728935223,"e":0,"m":[-70.83847785957379,42.80063563451621],"length_m":99.99999999989684}},{"type":"Feature","id":32,"geometry":{"type":"LineString","coordinates":[[-70.83907851263606,42.8005355256725],[-70.83979166666667,42.800416666667395],[-70.84029096699997,42.80044440557481]]},"properties":{"n":347.12161728935223,"e":0,"m":[-70.83967916569833,42.80043541682879],"length_m":100.00000000004357}},{"type":"Feature","id":33,"geometry":{"type":"LineString","coordinates":[[-70.84029096699997,42.80044440557481],[-70.84151970811536,42.8005126689701]]},"properties":{"n":4.358154112921178,"e":0,"m":[-70.84090533755767,42.800478537272454],"length_m":99.99999999930743}},{"type":"Feature","id":34,"geometry":{"type":"LineString","coordinates":[[-70.84151970811536,42.8005126689701],[-70.84260416666666,42.80057291666739],[-70.84269468899541,42.800655209693524]]},"properties":{"n":4.358154107195028,"e":0,"m":[-70.84213407867306,42.800546800667746],"length_m":100.00000000065442}},{"type":"Feature","id":35,"geometry":{"type":"LineString","coordinates":[[-70.84269468899541,42.800655209693524],[-70.84317708333333,42.801093750000724],[-70.84362602789295,42.80117071192523]]},"properties":{"n":51.27507742322631,"e":0,"m":[-70.84308014273296,42.80100562218221],"length_m":99.99999999910804}},{"type":"Feature","id":36,"geometry":{"type":"LineString","coordinates":[[-70.84362602789295,42.80117071192523],[-70.844825608336,42.8013763542869]]},"properties":{"n":13.23355937111343,"e":0,"m":[-70.84422581811448,42.80127353310606],"length_m":100.00000000057204}},{"type":"Feature","id":37,"geometry":{"type":"LineString","coordinates":[[-70.844825608336,42.8013763542869],[-70.84602518877902,42.80158199664856]]},"properties":{"n":13.233559367140586,"e":0,"m":[-70.84542539855751,42.801479175467726],"length_m":99.99999999945227}},{"type":"Feature","id":38,"geometry":{"type":"LineString","coordinates":[[-70.84602518877902,42.80158199664856],[-70.84682291666667,42.801718750000724],[-70.84691232967297,42.802012535592894]]},"properties":{"n":13.23355937111343,"e":0,"m":[-70.84662497900054,42.8016848178294],"length_m":100.00000000027615}},{"type":"Feature","id":39,"geometry":{"type":"LineString","coordinates":[[-70.84691232967297,42.802012535592894],[-70.84717923874766,42.80288952255259]]},"properties":{"n":77.4909700344014,"e":0,"m":[-70.84704578421031,42.802451029072735],"length_m":100.00000000044142}},{"type":"Feature","id":40,"geometry":{"type":"LineString","coordinates":[[-70.84717923874766,42.80288952255259],[-70.84744614782237,42.80376650951228]]},"properties":{"n":77.49097003034774,"e":0,"m":[-70.847312693285,42.80332801603244],"length_m":99.99999999973392}},{"type":"Feature","id":41,"geometry":{"type":"LineString","coordinates":[[-70.84744614782237,42.80376650951228],[-70.84771305689705,42.804643496471975]]},"properties":{"n":77.4909700344014,"e":0,"m":[-70.8475796023597,42.804205002992134],"length_m":100.00000000044142}},{"type":"Feature","id":42,"geometry":{"type":"LineString","coordinates":[[-70.84771305689705,42.804643496471975],[-70.84791666666666,42.805312500000724],[-70.8478745042855,42.8055233119066]]},"properties":{"n":77.4909700344014,"e":0,"m":[-70.8478465114344,42.80508198995182],"length_m":99.99999999981614}},{"type":"Feature","id":43,"geometry":{"type":"LineString","coordinates":[[-70.8478745042855,42.8055233119066],[-70.84776041666666,42.80609375000073],[-70.84750034106908,42.80635382559831]]},"properties":{"n":98.29492285070074,"e":0,"m":[-70.84778561292931,42.80596776868751],"length_m":100.0000000002048}},{"type":"Feature","id":44,"geometry":{"type":"LineString","coordinates":[[-70.84750034106908,42.80635382559831],[-70.84677443044411,42.80707973622327]]},"properties":{"n":126.09087520302353,"e":0,"m":[-70.84713738575661,42.80671678091079],"length_m":99.99999999896248}},{"type":"Feature","id":45,"geometry":{"type":"LineString","coordinates":[[-70.84677443044411,42.80707973622327],[-70.84625,42.80760416666739],[-70.84657984329834,42.807670135327065]]},"properties":{"n":126.09087520419222,"e":0,"m":[-70.84641147513163,42.807442691535755],"length_m":100.00000000022646}},{"type":"Feature","id":46,"geometry":{"type":"LineString","coordinates":[[-70.84657984329834,42.807670135327065],[-70.84776823192215,42.80790781305181]]},"properties":{"n":15.342166755871345,"e":0,"m":[-70.84717403761026,42.807788974189435],"length_m":100.00000000011507}},{"type":"Feature","id":47,"geometry":{"type":"LineString","coordinates":[[-70.84776823192215,42.80790781305181],[-70.84859374999999,42.808072916667385],[-70.84883235710721,42.8082850118738]]},"properties":{"n":15.342166750725424,"e":0,"m":[-70.84836242623405,42.8080266519142],"length_m":100.00000000065384}},{"type":"Feature","id":48,"geometry":{"type":"LineString","coordinates":[[-70.84883235710721,42.8082850118738],[-70.84953125,42.80890625000072],[-70.84958814251632,42.808991588775214]]},"properties":{"n":50.645174221359156,"e":0,"m":[-70.84922307216377,42.808632314146294],"length_m":99.9999999996513}},{"type":"Feature","id":49,"geometry":{"type":"LineString","coordinates":[[-70.84958814251632,42.808991588775214],[-70.84987676956987,42.809424529355546]]},"properties":{"n":64.08121748317188,"e":0,"m":[-70.8497324560431,42.809208059065384],"length_m":53.58479686031857}},{"type":"Feature","id":50,"geometry":{"type":"LineString","coordinates":[[-70.84987676956987,42.8166006275276],[-70.8494547711456,42.81744462437616]]},"properties":{"n":110.026004751796,"e":0,"m":[-70.84966577035773,42.81702262595188],"length_m":99.9999999998705}},{"type":"Feature","id":51,"geometry":{"type":"LineString","coordinates":[[-70.8494547711456,42.81744462437616],[-70.84927083333332,42.81781250000071],[-70.84857728699002,42.81784717731788]]},"properties":{"n":176.07622475588207,"e":0,"m":[-70.84919199486121,42.81781644192432],"length_m":99.99999999997462}},{"type":"Feature","id":52,"geometry":{"type":"LineString","coordinates":[[-70.84857728699002,42.81784717731788],[-70.84822916666667,42.81786458333404],[-70.84768692415928,42.81735623098336]]},"properties":{"n":232.13255838850466,"e":0,"m":[-70.84806514096398,42.817710809237774],"length_m":100.00000000033496}},{"type":"Feature","id":53,"geometry":{"type":"LineString","coordinates":[[-70.84768692415928,42.81735623098336],[-70.84739583333334,42.81708333333405],[-70.84702505354831,42.81756534705457]]},"properties":{"n":119.28131523240131,"e":0,"m":[-70.84732641235416,42.81717358060697],"length_m":100.00000000018105}},{"type":"Feature","id":54,"geometry":{"type":"LineString","coordinates":[[-70.84702505354831,42.81756534705457],[-70.846875,42.81776041666738],[-70.84595932980923,42.81785852418782]]},"properties":{"n":171.63860779918681,"e":0,"m":[-70.84656893259762,42.81779320960335],"length_m":100.00000000006224}},{"type":"Feature","id":55,"geometry":{"type":"LineString","coordinates":[[-70.84595932980923,42.81785852418782],[-70.84474012423244,42.81798915335676]]},"properties":{"n":171.6386078044662,"e":0,"m":[-70.84534972702083,42.81792383877229],"length_m":100.0000000000382}},{"type":"Feature","id":56,"geometry":{"type":"LineString","coordinates":[[-70.84474012423244,42.81798915335676],[-70.84395833333333,42.818072916667376],[-70.84386387941659,42.81838776305651]]},"properties":{"n":171.63860779918681,"e":0,"m":[-70.84413052144406,42.81805446794123],"length_m":99.9999999998587}},{"type":"Feature","id":57,"geometry":{"type":"LineString","coordinates":[[-70.84386387941659,42.81838776305651],[-70.84380208333333,42.8185937500007],[-70.84453125,42.81890625000071],[-70.8445241827487,42.81897692251371]]},"properties":{"n":30.451899659145674,"e":0,"m":[-70.8440838898068,42.81871452420363],"length_m":99.99999999980994}},{"type":"Feature","id":58,"geometry":{"type":"LineString","coordinates":[[-70.8445241827487,42.81897692251371],[-70.84447916666667,42.819427083334034],[-70.84386999956324,42.81947784725932]]},"properties":{"n":131.49929724440545,"e":0,"m":[-70.84447938605601,42.81942488944073],"length_m":99.99999999948037}},{"type":"Feature","id":59,"geometry":{"type":"LineString","coordinates":[[-70.84386999956324,42.81947784725932],[-70.84322916666667,42.81953125000071],[-70.8428686617884,42.819193276677325]]},"properties":{"n":188.06562503310332,"e":0,"m":[-70.84325783441476,42.8195288610217],"length_m":100.00000000062519}},{"type":"Feature","id":60,"geometry":{"type":"LineString","coordinates":[[-70.8428686617884,42.819193276677325],[-70.84239583333334,42.81875000000071],[-70.84220672871785,42.81905729500086]]},"properties":{"n":232.13255838522917,"e":0,"m":[-70.8424904449837,42.818838698422915],"length_m":99.99999999979413}},{"type":"Feature","id":61,"geometry":{"type":"LineString","coordinates":[[-70.84220672871785,42.81905729500086],[-70.84197916666668,42.819427083334034],[-70.84132887775417,42.81956256019081]]},"properties":{"n":163.535301165213,"e":0,"m":[-70.84192131065392,42.819439136670034],"length_m":100.00000000024127}},{"type":"Feature","id":62,"geometry":{"type":"LineString","coordinates":[[-70.84132887775417,42.81956256019081],[-70.84072916666668,42.81968750000071],[-70.84047092112984,42.820089215280234]]},"properties":{"n":142.77983874028223,"e":0,"m":[-70.84073644485441,42.8196859837116],"length_m":100.00000000024461}},{"type":"Feature","id":63,"geometry":{"type":"LineString","coordinates":[[-70.84047092112984,42.820089215280234],[-70.83994800591067,42.82090263895447]]},"properties":{"n":115.10885424905213,"e":0,"m":[-70.84020946352025,42.82049592711735],"length_m":99.99999999966671}},{"type":"Feature","id":64,"geometry":{"type":"LineString","coordinates":[[-70.83994800591067,42.82090263895447],[-70.83979166666667,42.82114583333404],[-70.83893190961138,42.82120724455228]]},"properties":{"n":174.403692245437,"e":0,"m":[-70.83954512498755,42.82116344345398],"length_m":100.0000000000533}},{"type":"Feature","id":65,"geometry":{"type":"LineString","coordinates":[[-70.83893190961138,42.82120724455228],[-70.83833333333334,42.82125000000071],[-70.83771541804602,42.821157312707605]]},"properties":{"n":185.08619032812814,"e":0,"m":[-70.83831892597797,42.821247838897406],"length_m":99.99999999981839}},{"type":"Feature","id":66,"geometry":{"type":"LineString","coordinates":[[-70.83771541804602,42.821157312707605],[-70.83729166666667,42.821093750000706],[-70.83679605904997,42.82063626604682]]},"properties":{"n":231.70128444672443,"e":0,"m":[-70.83717792639327,42.8209887589791],"length_m":100.00000000008112}},{"type":"Feature","id":67,"geometry":{"type":"LineString","coordinates":[[-70.83679605904997,42.82063626604682],[-70.83661458333334,42.82046875000072]]},"properties":{"n":231.70128442856378,"e":0,"m":[-70.83670532119166,42.820552508023766],"length_m":23.76161771877704}},{"type":"Feature","id":68,"geometry":{"type":"LineString","coordinates":[[-70.84260416666666,43.12625000000043],[-70.84194598043565,43.12700944565161]]},"properties":{"n":122.2835838604942,"e":0,"m":[-70.84227507355115,43.126629722826024],"length_m":100.00000000036978}},{"type":"Feature","id":69,"geometry":{"type":"LineString","coordinates":[[-70.84194598043565,43.12700944565161],[-70.84192708333333,43.127031250000435],[-70.84140625,43.127031250000435],[-70.84120976013988,43.12655967433609]]},"properties":{"n":252.35126582498398,"e":0,"m":[-70.84138883034095,43.126989442818676],"length_m":99.99999999994597}},{"type":"Feature","id":70,"geometry":{"type":"LineString","coordinates":[[-70.84120976013988,43.12655967433609],[-70.84114583333334,43.12640625000043],[-70.84015895614154,43.12624177046847]]},"properties":{"n":192.87838271064774,"e":0,"m":[-70.84075960920381,43.12634187931218],"length_m":99.99999999937664}},{"type":"Feature","id":71,"geometry":{"type":"LineString","coordinates":[[-70.84015895614154,43.12624177046847],[-70.83989583333334,43.1261979166671],[-70.83928795456667,43.12565402513903]]},"properties":{"n":230.82927499299538,"e":0,"m":[-70.839677136762,43.12600224078749],"length_m":100.0000000001842}},{"type":"Feature","id":72,"geometry":{"type":"LineString","coordinates":[[-70.83928795456667,43.12565402513903],[-70.83890625000001,43.12531250000043],[-70.83877208512948,43.124865283765374]]},"properties":{"n":246.87105069877418,"e":0,"m":[-70.8389037207923,43.125304069308086],"length_m":99.99999999973676}},{"type":"Feature","id":73,"geometry":{"type":"LineString","coordinates":[[-70.83877208512948,43.124865283765374],[-70.83850881380386,43.12398771267994]]},"properties":{"n":257.66416135792997,"e":0,"m":[-70.83864044946667,43.12442649822266],"length_m":100.00000000043887}},{"type":"Feature","id":74,"geometry":{"type":"LineString","coordinates":[[-70.83850881380386,43.12398771267994],[-70.8384375,43.123750000000435],[-70.83795760042312,43.12430373028145]]},"properties":{"n":122.2835838604942,"e":0,"m":[-70.83828669353862,43.12392400745586],"length_m":100.00000000002596}},{"type":"Feature","id":75,"geometry":{"type":"LineString","coordinates":[[-70.83795760042312,43.12430373028145],[-70.83776041666667,43.12453125000044],[-70.83723958333334,43.12442708333378],[-70.83720612317944,43.12419286225642]]},"properties":{"n":195.34216675587135,"e":0,"m":[-70.83752224762839,43.124483616192784],"length_m":99.99999999952907}},{"type":"Feature","id":76,"geometry":{"type":"LineString","coordinates":[[-70.83720612317944,43.12419286225642],[-70.83707848326,43.12329938282038]]},"properties":{"n":264.05474052323933,"e":0,"m":[-70.83714230321972,43.1237461225384],"length_m":100.00000000057591}},{"type":"Feature","id":77,"geometry":{"type":"LineString","coordinates":[[-70.83707848326,43.12329938282038],[-70.83695084334056,43.12240590338434]]},"properties":{"n":264.0547405290994,"e":0,"m":[-70.83701466330028,43.122852643102355],"length_m":99.99999999955313}},{"type":"Feature","id":78,"geometry":{"type":"LineString","coordinates":[[-70.83695084334056,43.12240590338434],[-70.83692708333334,43.12223958333377],[-70.8362892838727,43.1216753761186]]},"properties":{"n":230.5097202808716,"e":0,"m":[-70.83668112417195,43.12202200407562],"length_m":100.00000000034927}},{"type":"Feature","id":79,"geometry":{"type":"LineString","coordinates":[[-70.8362892838727,43.1216753761186],[-70.83557291666668,43.121041666667104],[-70.83556141132433,43.12096496438485]]},"properties":{"n":230.5097202808716,"e":0,"m":[-70.83589744357347,43.12132874816158],"length_m":99.99999999961895}},{"type":"Feature","id":80,"geometry":{"type":"LineString","coordinates":[[-70.83556141132433,43.12096496438485],[-70.83542746303792,43.12007197580869]]},"properties":{"n":263.759767557181,"e":0,"m":[-70.83549443718113,43.12051847009677],"length_m":100.00000000017818}},{"type":"Feature","id":81,"geometry":{"type":"LineString","coordinates":[[-70.83542746303792,43.12007197580869],[-70.83541666666667,43.12000000000044],[-70.83559887789714,43.119184844495706]]},"properties":{"n":279.2547769824197,"e":0,"m":[-70.83549978531686,43.11962815340756],"length_m":100.0000000002794}},{"type":"Feature","id":82,"geometry":{"type":"LineString","coordinates":[[-70.83559887789714,43.119184844495706],[-70.83579706305774,43.118298226671996]]},"properties":{"n":279.2547769824197,"e":0,"m":[-70.83569797047744,43.11874153558385],"length_m":99.99999999990263}},{"type":"Feature","id":83,"geometry":{"type":"LineString","coordinates":[[-70.83579706305774,43.118298226671996],[-70.83599524821834,43.117411608848286]]},"properties":{"n":279.2547769824197,"e":0,"m":[-70.83589615563804,43.11785491776014],"length_m":99.99999999990263}},{"type":"Feature","id":84,"geometry":{"type":"LineString","coordinates":[[-70.83599524821834,43.117411608848286],[-70.83619343337894,43.116524991024576]]},"properties":{"n":279.2547769824197,"e":0,"m":[-70.83609434079862,43.11696829993643],"length_m":99.99999999990263}},{"type":"Feature","id":85,"geometry":{"type":"LineString","coordinates":[[-70.83619343337894,43.116524991024576],[-70.83639161853952,43.115638373200866]]},"properties":{"n":279.2547769824197,"e":0,"m":[-70.83629252595924,43.11608168211272],"length_m":99.99999999990263}},{"type":"Feature","id":86,"geometry":{"type":"LineString","coordinates":[[-70.83639161853952,43.115638373200866],[-70.83640625000001,43.11557291666711],[-70.83707856865777,43.114900598009335]]},"properties":{"n":306.09087520733556,"e":0,"m":[-70.83671561334529,43.115263553321824],"length_m":100.00000000039954}},{"type":"Feature","id":87,"geometry":{"type":"LineString","coordinates":[[-70.83707856865777,43.114900598009335],[-70.83723958333334,43.11473958333377],[-70.83819577663742,43.114686461483544]]},"properties":{"n":355.64184589280495,"e":0,"m":[-70.83758140607972,43.11472059318119],"length_m":100.00000000027134}},{"type":"Feature","id":88,"geometry":{"type":"LineString","coordinates":[[-70.83819577663742,43.114686461483544],[-70.83911458333334,43.11463541666711],[-70.83932545023454,43.11480189053649]]},"properties":{"n":355.64184589280495,"e":0,"m":[-70.83881014719512,43.1146523297859],"length_m":99.99999999970882}},{"type":"Feature","id":89,"geometry":{"type":"LineString","coordinates":[[-70.83932545023454,43.11480189053649],[-70.84010416666666,43.11541666666711],[-70.84014956457479,43.11536478334355]]},"properties":{"n":47.28184590990208,"e":0,"m":[-70.83974344322776,43.11513188500482],"length_m":99.99999999971473}},{"type":"Feature","id":90,"geometry":{"type":"LineString","coordinates":[[-70.84014956457479,43.11536478334355],[-70.84081225551871,43.11460742226478]]},"properties":{"n":302.53166723516756,"e":0,"m":[-70.84048091004675,43.11498610280416],"length_m":99.99999999996375}},{"type":"Feature","id":91,"geometry":{"type":"LineString","coordinates":[[-70.84081225551871,43.11460742226478],[-70.84147494646264,43.113850061186014]]},"properties":{"n":302.53166723516756,"e":0,"m":[-70.84114360099068,43.114228741725405],"length_m":99.99999999996375}},{"type":"Feature","id":92,"geometry":{"type":"LineString","coordinates":[[-70.84147494646264,43.113850061186014],[-70.84156250000001,43.113750000000444],[-70.84203125,43.11406250000044],[-70.84211488621658,43.11437314880483]]},"properties":{"n":42.4439804688546,"e":0,"m":[-70.8418970383096,43.113973025540176],"length_m":100.00000000049138}},{"type":"Feature","id":93,"geometry":{"type":"LineString","coordinates":[[-70.84211488621658,43.11437314880483],[-70.84235221172419,43.11525464354738]]},"properties":{"n":78.89621609994808,"e":0,"m":[-70.84223354897038,43.11481389617611],"length_m":99.99999999927766}},{"type":"Feature","id":94,"geometry":{"type":"LineString","coordinates":[[-70.84235221172419,43.11525464354738],[-70.84239583333334,43.11541666666711],[-70.84298831797354,43.114824182026915]]},"properties":{"n":306.09087520419223,"e":0,"m":[-70.84262536266105,43.115187137339404],"length_m":100.00000000034544}},{"type":"Feature","id":95,"geometry":{"type":"LineString","coordinates":[[-70.84298831797354,43.114824182026915],[-70.84322916666667,43.114583333333776],[-70.84371422859851,43.11506839526562]]},"properties":{"n":53.90912479580779,"e":0,"m":[-70.84335127328603,43.11470543995313],"length_m":100.0000000002637}},{"type":"Feature","id":96,"geometry":{"type":"LineString","coordinates":[[-70.84371422859851,43.11506839526562],[-70.8440625,43.11541666666711],[-70.84449428645452,43.1150712375035]]},"properties":{"n":336.7536879681713,"e":0,"m":[-70.84407928934145,43.11540323519396],"length_m":100.00000000018751}},{"type":"Feature","id":97,"geometry":{"type":"LineString","coordinates":[[-70.84449428645452,43.1150712375035],[-70.84510416666666,43.114583333333776],[-70.84517398607797,43.11481606470478]]},"properties":{"n":312.34011955092524,"e":0,"m":[-70.84490928356757,43.11473923981305],"length_m":99.99999999994347}},{"type":"Feature","id":98,"geometry":{"type":"LineString","coordinates":[[-70.84517398607797,43.11481606470478],[-70.84543725740359,43.11569363579021]]},"properties":{"n":77.66416135678992,"e":0,"m":[-70.84530562174078,43.115254850247496],"length_m":99.99999999952905}},{"type":"Feature","id":99,"geometry":{"type":"LineString","coordinates":[[-70.84543725740359,43.11569363579021],[-70.84557291666667,43.11614583333377],[-70.8459837858645,43.11646188656288]]},"properties":{"n":66.96740540559823,"e":0,"m":[-70.84556889306641,43.11613242133292],"length_m":100.00000000016041}},{"type":"Feature","id":100,"geometry":{"type":"LineString","coordinates":[[-70.8459837858645,43.11646188656288],[-70.84683143361978,43.11711392329772]]},"properties":{"n":46.53937834524423,"e":0,"m":[-70.84640760974214,43.1167879049303],"length_m":100.00000000002935}},{"type":"Feature","id":101,"geometry":{"type":"LineString","coordinates":[[-70.84683143361978,43.11711392329772],[-70.84692708333333,43.11718750000044],[-70.84709123127848,43.11797541013721]]},"properties":{"n":81.36456382869741,"e":0,"m":[-70.8469987179809,43.117531346308766],"length_m":100.00000000017488}},{"type":"Feature","id":102,"geometry":{"type":"LineString","coordinates":[[-70.84709123127848,43.11797541013721],[-70.84718749999999,43.11843750000044],[-70.84769359488877,43.1186601817515]]},"properties":{"n":67.01802172752829,"e":0,"m":[-70.84718374457607,43.11841947396566],"length_m":100.00000000002385}},{"type":"Feature","id":103,"geometry":{"type":"LineString","coordinates":[[-70.84769359488877,43.1186601817515],[-70.84874861130851,43.119124388976175]]},"properties":{"n":31.114866227409834,"e":0,"m":[-70.84822110309864,43.11889228536384],"length_m":99.99999999979644}},{"type":"Feature","id":104,"geometry":{"type":"LineString","coordinates":[[-70.84874861130851,43.119124388976175],[-70.84979166666666,43.119583333333765],[-70.84979390075303,43.119593386722414]]},"properties":{"n":31.11486623197823,"e":0,"m":[-70.84927611951836,43.119356492588516],"length_m":100.00000000005096}},{"type":"Feature","id":105,"geometry":{"type":"LineString","coordinates":[[-70.84979390075303,43.119593386722414],[-70.84987676956987,43.11996629639825]]},"properties":{"n":80.79841606462631,"e":0,"m":[-70.84983533516146,43.11977984156034],"length_m":42.053455506538526}},{"type":"Feature","id":106,"geometry":{"type":"LineString","coordinates":[[-70.84987676956987,43.12714209809184],[-70.84942708333332,43.127760416667094],[-70.84915792835793,43.127790322775475]]},"properties":{"n":117.93070153834375,"e":0,"m":[-70.84958816186519,43.127538933685784],"length_m":100.00000000019763}},{"type":"Feature","id":107,"geometry":{"type":"LineString","coordinates":[[-70.84915792835793,43.127790322775475],[-70.84793969416205,43.127925682130574]]},"properties":{"n":171.3335465070046,"e":0,"m":[-70.84854881125999,43.127858002453024],"length_m":100.00000000023834}},{"type":"Feature","id":108,"geometry":{"type":"LineString","coordinates":[[-70.84793969416205,43.127925682130574],[-70.84755208333333,43.127968750000434],[-70.84691911768604,43.12837154632144]]},"properties":{"n":138.8801992439452,"e":0,"m":[-70.84738328738487,43.128076165604],"length_m":100.00000000001089}},{"type":"Feature","id":109,"geometry":{"type":"LineString","coordinates":[[-70.84691911768604,43.12837154632144],[-70.84640625,43.12869791666711],[-70.84624596680375,43.12831323699606]]},"properties":{"n":138.8801992439452,"e":0,"m":[-70.84645494798721,43.12866692703887],"length_m":99.99999999934505}},{"type":"Feature","id":110,"geometry":{"type":"LineString","coordinates":[[-70.84624596680375,43.12831323699606],[-70.84614583333334,43.128072916667094],[-70.84535274782344,43.1277821186468]]},"properties":{"n":206.7021103766214,"e":0,"m":[-70.84590319032807,43.12798394756516],"length_m":100.00000000025227}},{"type":"Feature","id":111,"geometry":{"type":"LineString","coordinates":[[-70.84535274782344,43.1277821186468],[-70.84425186281415,43.127378460810064]]},"properties":{"n":206.70211037425216,"e":0,"m":[-70.8448023053188,43.12758028972843],"length_m":100.00000000006828}},{"type":"Feature","id":112,"geometry":{"type":"LineString","coordinates":[[-70.84425186281415,43.127378460810064],[-70.84315097780485,43.12697480297333]]},"properties":{"n":206.70211037425216,"e":0,"m":[-70.84370142030951,43.12717663189169],"length_m":100.00000000006828}},{"type":"Feature","id":113,"geometry":{"type":"LineString","coordinates":[[-70.84315097780485,43.12697480297333],[-70.84302083333333,43.12692708333376],[-70.84260416666666,43.12625000000043]]},"properties":{"n":245.8391827704986,"e":0,"m":[-70.84284231347479,43.12663698856366],"length_m":94.43129264188372}},{"type":"Feature","id":114,"geometry":{"type":"LineString","coordinates":[[-70.21864583333391,43.561562500000036],[-70.21758351932353,43.56110722256702]]},"properties":{"n":210.45189965914568,"e":0,"m":[-70.21811467632871,43.56133486128352],"length_m":99.99999999983429}},{"type":"Feature","id":115,"geometry":{"type":"LineString","coordinates":[[-70.21758351932353,43.56110722256702],[-70.21718750000056,43.56093750000004],[-70.21710348620543,43.560377408032494]]},"properties":{"n":263.759767557181,"e":0,"m":[-70.21717046034864,43.56082390232057],"length_m":100.00000000008284}},{"type":"Feature","id":116,"geometry":{"type":"LineString","coordinates":[[-70.21710348620543,43.560377408032494],[-70.21703125000057,43.55989583333337],[-70.21671188402047,43.55955365549755]]},"properties":{"n":260.84426412430264,"e":0,"m":[-70.21703651206222,43.55993091374442],"length_m":100.00000000038577}},{"type":"Feature","id":117,"geometry":{"type":"LineString","coordinates":[[-70.21671188402047,43.55955365549755],[-70.2163020833339,43.55911458333337],[-70.21628460572559,43.558747553558725]]},"properties":{"n":235.76977587070542,"e":0,"m":[-70.21636528636327,43.559182300864826],"length_m":99.99999999998002}},{"type":"Feature","id":118,"geometry":{"type":"LineString","coordinates":[[-70.21628460572559,43.558747553558725],[-70.21625000000057,43.55802083333337],[-70.21605638021262,43.5579240234394]]},"properties":{"n":268.01190181875387,"e":0,"m":[-70.2162632302389,43.558298668338196],"length_m":100.00000000008819}},{"type":"Feature","id":119,"geometry":{"type":"LineString","coordinates":[[-70.21605638021262,43.5579240234394],[-70.21504015160566,43.557415909135926]]},"properties":{"n":214.44624857770026,"e":0,"m":[-70.21554826590915,43.55766996628766],"length_m":99.99999999951794}},{"type":"Feature","id":120,"geometry":{"type":"LineString","coordinates":[[-70.21504015160566,43.557415909135926],[-70.21468750000057,43.557239583333384],[-70.2138828298821,43.557239583333384]]},"properties":{"n":180.0,"e":0,"m":[-70.21449898203268,43.557239583333384],"length_m":100.00000000054652}},{"type":"Feature","id":121,"geometry":{"type":"LineString","coordinates":[[-70.2138828298821,43.557239583333384],[-70.21265052558093,43.557239583333384]]},"properties":{"n":180.0,"e":0,"m":[-70.21326667773151,43.557239583333384],"length_m":100.0}},{"type":"Feature","id":122,"geometry":{"type":"LineString","coordinates":[[-70.21265052558093,43.557239583333384],[-70.21141822127974,43.55723958333337]]},"properties":{"n":180.0000000053361,"e":0,"m":[-70.21203437343034,43.557239583333384],"length_m":100.0}},{"type":"Feature","id":123,"geometry":{"type":"LineString","coordinates":[[-70.21141822127974,43.55723958333337],[-70.21018591697857,43.55723958333337]]},"properties":{"n":180.0,"e":0,"m":[-70.21080206912916,43.55723958333337],"length_m":100.0}},{"type":"Feature","id":124,"geometry":{"type":"LineString","coordinates":[[-70.21018591697857,43.55723958333337],[-70.2089536126774,43.55723958333337]]},"properties":{"n":180.0,"e":0,"m":[-70.20956976482799,43.55723958333337],"length_m":100.0}},{"type":"Feature","id":125,"geometry":{"type":"LineString","coordinates":[[-70.2089536126774,43.55723958333337],[-70.20843750000057,43.55723958333337],[-70.20792595042644,43.55760497588633]]},"properties":{"n":135.58287711940037,"e":0,"m":[-70.20836604545063,43.557290622297614],"length_m":99.99999999928772}},{"type":"Feature","id":126,"geometry":{"type":"LineString","coordinates":[[-70.20792595042644,43.55760497588633],[-70.20770833333391,43.5577604166667],[-70.20678670493639,43.55783721903316]]},"properties":{"n":173.47844226655263,"e":0,"m":[-70.20739887008487,43.55778620527079],"length_m":100.00000000047437}},{"type":"Feature","id":127,"geometry":{"type":"LineString","coordinates":[[-70.20678670493639,43.55783721903316],[-70.20556237463943,43.557939246557915]]},"properties":{"n":173.47844226655263,"e":0,"m":[-70.20617453978792,43.557888232795534],"length_m":100.00000000028521}},{"type":"Feature","id":128,"geometry":{"type":"LineString","coordinates":[[-70.20556237463943,43.557939246557915],[-70.20520833333391,43.55796875000004],[-70.20457905368379,43.55841294740013]]},"properties":{"n":135.92179047828435,"e":0,"m":[-70.20502169178934,43.558100496972685],"length_m":99.99999999995107}},{"type":"Feature","id":129,"geometry":{"type":"LineString","coordinates":[[-70.20457905368379,43.55841294740013],[-70.20432291666725,43.558593750000036],[-70.20345878509998,43.558697445788106]]},"properties":{"n":170.65202700348345,"e":0,"m":[-70.20406675478806,43.55862448942554],"length_m":99.99999999936938}},{"type":"Feature","id":130,"geometry":{"type":"LineString","coordinates":[[-70.20345878509998,43.558697445788106],[-70.20302083333391,43.55875000000004],[-70.20223565173137,43.558697654559865]]},"properties":{"n":185.22535893139536,"e":0,"m":[-70.20284924326907,43.558738560662384],"length_m":100.0000000002442}},{"type":"Feature","id":131,"geometry":{"type":"LineString","coordinates":[[-70.20223565173137,43.558697654559865],[-70.20100846865597,43.55861584235484]]},"properties":{"n":185.22535893188135,"e":0,"m":[-70.20162206019367,43.55865674845736],"length_m":99.99999999959294}},{"type":"Feature","id":132,"geometry":{"type":"LineString","coordinates":[[-70.20100846865597,43.55861584235484],[-70.20067708333391,43.558593750000036],[-70.20012323043012,43.558113744150084]]},"properties":{"n":229.93221656286246,"e":0,"m":[-70.2005072572474,43.55844656739172],"length_m":96.8265620336236}},{"type":"Feature","id":133,"geometry":{"type":"LineString","coordinates":[[-70.20012323043012,42.80018926957119],[-70.20022266888381,42.800089831117496]]},"properties":{"n":306.09087519482716,"e":0,"m":[-70.20017294965697,42.80013955034435],"length_m":13.69844306879275}},{"type":"Feature","id":134,"geometry":{"type":"LineString","coordinates":[[-70.80644399778348,42.800089831117496],[-70.80692708333336,42.8005729166674],[-70.80696978028799,42.8008717953498]]},"properties":{"n":53.90912479580779,"e":0,"m":[-70.80680695309596,42.800452786429986],"length_m":100.00000000010982}},{"type":"Feature","id":135,"geometry":{"type":"LineString","coordinates":[[-70.80696978028799,42.8008717953498],[-70.80709742020744,42.801765274785836]]},"properties":{"n":84.05474052379202,"e":0,"m":[-70.8070336002477,42.801318535067814],"length_m":99.99999999964959}},{"type":"Feature","id":136,"geometry":{"type":"LineString","coordinates":[[-70.80709742020744,42.801765274785836],[-70.80722506012687,42.80265875422188]]},"properties":{"n":84.0547405285467,"e":0,"m":[-70.80716124016716,42.80221201450386],"length_m":100.00000000047945}},{"type":"Feature","id":137,"geometry":{"type":"LineString","coordinates":[[-70.80722506012687,42.80265875422188],[-70.80723958333337,42.8027604166674],[-70.8079166666667,42.80322916666739],[-70.80782340745984,42.803322425874256]]},"properties":{"n":43.522418788749086,"e":0,"m":[-70.80758468785095,42.802999335179564],"length_m":99.99999999995954}},{"type":"Feature","id":138,"geometry":{"type":"LineString","coordinates":[[-70.80782340745984,42.803322425874256],[-70.80723958333337,42.80390625000073],[-70.80722011028135,42.80408150746883]]},"properties":{"n":126.09087520419222,"e":0,"m":[-70.80746045214735,42.803685381186746],"length_m":100.00000000011205}},{"type":"Feature","id":139,"geometry":{"type":"LineString","coordinates":[[-70.80722011028135,42.80408150746883],[-70.80712062373263,42.804976886407346]]},"properties":{"n":94.63064971749637,"e":0,"m":[-70.80717036700699,42.80452919693809],"length_m":99.99999999928143}},{"type":"Feature","id":140,"geometry":{"type":"LineString","coordinates":[[-70.80712062373263,42.804976886407346],[-70.80708333333337,42.805312500000724],[-70.80734319578636,42.80584118568093]]},"properties":{"n":70.28706222103543,"e":0,"m":[-70.80713536283515,42.805418353125056],"length_m":100.00000000008743}},{"type":"Feature","id":141,"geometry":{"type":"LineString","coordinates":[[-70.80734319578636,42.80584118568093],[-70.80775886168874,42.806686850792694]]},"properties":{"n":70.2870622260588,"e":0,"m":[-70.80755102873755,42.8062640182368],"length_m":100.00000000004685}},{"type":"Feature","id":142,"geometry":{"type":"LineString","coordinates":[[-70.80775886168874,42.806686850792694],[-70.80817452759113,42.807532515904455]]},"properties":{"n":70.28706222103543,"e":0,"m":[-70.80796669463994,42.80710968334858],"length_m":100.00000000036101}},{"type":"Feature","id":143,"geometry":{"type":"LineString","coordinates":[[-70.80817452759113,42.807532515904455],[-70.80859019349353,42.80837818101622]]},"properties":{"n":70.28706222103543,"e":0,"m":[-70.80838236054232,42.80795534846033],"length_m":100.00000000036101}},{"type":"Feature","id":144,"geometry":{"type":"LineString","coordinates":[[-70.80859019349353,42.80837818101622],[-70.80859375000003,42.80838541666739],[-70.80865728001385,42.8092748368607]]},"properties":{"n":87.01934707169961,"e":0,"m":[-70.80862524087475,42.8088262889133],"length_m":99.99999999920014}},{"type":"Feature","id":145,"geometry":{"type":"LineString","coordinates":[[-70.80865728001385,42.8092748368607],[-70.80872135829205,42.81017193275553]]},"properties":{"n":87.01934707169961,"e":0,"m":[-70.80868931915295,42.809723384808116],"length_m":100.00000000060021}},{"type":"Feature","id":146,"geometry":{"type":"LineString","coordinates":[[-70.80872135829205,42.81017193275553],[-70.80878543657025,42.811069028650344]]},"properties":{"n":87.01934707702847,"e":0,"m":[-70.80875339743115,42.81062048070293],"length_m":99.9999999996217}},{"type":"Feature","id":147,"geometry":{"type":"LineString","coordinates":[[-70.80878543657025,42.811069028650344],[-70.80884951484845,42.811966124545165]]},"properties":{"n":87.01934707169961,"e":0,"m":[-70.80881747570935,42.81151757659775],"length_m":100.00000000060021}},{"type":"Feature","id":148,"geometry":{"type":"LineString","coordinates":[[-70.80884951484845,42.811966124545165],[-70.80891359312665,42.81286322043998]]},"properties":{"n":87.01934707702847,"e":0,"m":[-70.80888155398755,42.81241467249258],"length_m":99.9999999996217}},{"type":"Feature","id":149,"geometry":{"type":"LineString","coordinates":[[-70.80891359312665,42.81286322043998],[-70.80897767140486,42.8137603163348]]},"properties":{"n":87.01934707169961,"e":0,"m":[-70.80894563226576,42.813311768387386],"length_m":99.99999999967014}},{"type":"Feature","id":150,"geometry":{"type":"LineString","coordinates":[[-70.80897767140486,42.8137603163348],[-70.80904174968306,42.81465741222962]]},"properties":{"n":87.01934707169961,"e":0,"m":[-70.80900971054395,42.81420886428221],"length_m":100.00000000060021}},{"type":"Feature","id":151,"geometry":{"type":"LineString","coordinates":[[-70.80904174968306,42.81465741222962],[-70.80906250000004,42.814947916667386],[-70.80937500000003,42.81541666666738],[-70.809490329348,42.81543588822537]]},"properties":{"n":64.08121748235871,"e":0,"m":[-70.80915739279607,42.81509025586143],"length_m":99.99999999998185}},{"type":"Feature","id":152,"geometry":{"type":"LineString","coordinates":[[-70.809490329348,42.81543588822537],[-70.81031250000004,42.81557291666738],[-70.8105368476906,42.81580450138023]]},"properties":{"n":12.878382705445901,"e":0,"m":[-70.81009098241027,42.815535997069084],"length_m":99.99999999962762}},{"type":"Feature","id":153,"geometry":{"type":"LineString","coordinates":[[-70.8105368476906,42.81580450138023],[-70.811247702449,42.81653828693729]]},"properties":{"n":54.77070669966147,"e":0,"m":[-70.81089227506979,42.816171394158765],"length_m":99.99999999996304}},{"type":"Feature","id":154,"geometry":{"type":"LineString","coordinates":[[-70.811247702449,42.81653828693729],[-70.81192708333336,42.81723958333405],[-70.81193148820941,42.817279227218535]]},"properties":{"n":54.77070669530269,"e":0,"m":[-70.8116031298282,42.81690517971582],"length_m":100.00000000047093}},{"type":"Feature","id":155,"geometry":{"type":"LineString","coordinates":[[-70.81193148820941,42.817279227218535],[-70.81203097475814,42.81817460615705]]},"properties":{"n":85.3693502878223,"e":0,"m":[-70.81198123148377,42.81772691668779],"length_m":99.99999999935662}},{"type":"Feature","id":156,"geometry":{"type":"LineString","coordinates":[[-70.81203097475814,42.81817460615705],[-70.81213046130686,42.81906998509557]]},"properties":{"n":85.3693502882531,"e":0,"m":[-70.8120807180325,42.818622295626305],"length_m":100.0000000002097}},{"type":"Feature","id":157,"geometry":{"type":"LineString","coordinates":[[-70.81213046130686,42.81906998509557],[-70.81213541666669,42.81911458333404],[-70.81271293511023,42.81985710704716]]},"properties":{"n":60.44782130893937,"e":0,"m":[-70.81240903902342,42.819466383506985],"length_m":99.99999999976066}},{"type":"Feature","id":158,"geometry":{"type":"LineString","coordinates":[[-70.81271293511023,42.81985710704716],[-70.81286458333336,42.82005208333404],[-70.81284211741433,42.82072606090484]]},"properties":{"n":91.39195361085558,"e":0,"m":[-70.81285708484923,42.82027703785818],"length_m":100.00000000016469}},{"type":"Feature","id":159,"geometry":{"type":"LineString","coordinates":[[-70.81284211741433,42.82072606090484],[-70.81281250000004,42.82161458333404],[-70.81280172302546,42.82161997182133]]},"properties":{"n":91.39195361619008,"e":0,"m":[-70.81282714997946,42.821175083951495],"length_m":100.0000000003273}},{"type":"Feature","id":160,"geometry":{"type":"LineString","coordinates":[[-70.81280172302546,42.82161997182133],[-70.81187500000003,42.82208333333404],[-70.81183425873786,42.82215666760593]]},"properties":{"n":145.5537514178993,"e":0,"m":[-70.81229360872197,42.82187402897306],"length_m":99.99999999985513}},{"type":"Feature","id":161,"geometry":{"type":"LineString","coordinates":[[-70.81183425873786,42.82215666760593],[-70.8113716905339,42.82298929037306]]},"properties":{"n":112.04708955549573,"e":0,"m":[-70.81160297463589,42.82257297898949],"length_m":100.000000000213}},{"type":"Feature","id":162,"geometry":{"type":"LineString","coordinates":[[-70.8113716905339,42.82298929037306],[-70.81135416666669,42.82302083333404],[-70.8113397630683,42.82388504923685]]},"properties":{"n":90.69607951338087,"e":0,"m":[-70.81134724844233,42.82343592679557],"length_m":99.99999999943333}},{"type":"Feature","id":163,"geometry":{"type":"LineString","coordinates":[[-70.8113397630683,42.82388504923685],[-70.81132479232028,42.82478329411941]]},"properties":{"n":90.69607951878137,"e":0,"m":[-70.81133227769429,42.824334171678125],"length_m":100.00000000024421}},{"type":"Feature","id":164,"geometry":{"type":"LineString","coordinates":[[-70.81132479232028,42.82478329411941],[-70.81130982157222,42.825681539001984]]},"properties":{"n":90.6960795134457,"e":0,"m":[-70.81131730694625,42.8252324165607],"length_m":100.00000000025553}},{"type":"Feature","id":165,"geometry":{"type":"LineString","coordinates":[[-70.81130982157222,42.825681539001984],[-70.81130208333336,42.82614583333404],[-70.8115125764149,42.826551784277]]},"properties":{"n":83.64772243921385,"e":0,"m":[-70.81130233619821,42.826130661443266],"length_m":100.0000000000223}},{"type":"Feature","id":166,"geometry":{"type":"LineString","coordinates":[[-70.8115125764149,42.826551784277],[-70.8119482812045,42.8273920720855]]},"properties":{"n":69.29422338856459,"e":0,"m":[-70.8117304288097,42.826971928181244],"length_m":99.99999999993739}},{"type":"Feature","id":167,"geometry":{"type":"LineString","coordinates":[[-70.8119482812045,42.8273920720855],[-70.81203125000003,42.827552083334034],[-70.81210378262443,42.82827740957823]]},"properties":{"n":85.83069215260345,"e":0,"m":[-70.81205898593174,42.82782944265121],"length_m":99.99999999992222}},{"type":"Feature","id":168,"geometry":{"type":"LineString","coordinates":[[-70.81210378262443,42.82827740957823],[-70.81218750000002,42.82911458333403],[-70.81225060395248,42.82915139397298]]},"properties":{"n":85.83069215792543,"e":0,"m":[-70.81214857931714,42.82872537650524],"length_m":99.99999999970741}},{"type":"Feature","id":169,"geometry":{"type":"LineString","coordinates":[[-70.81225060395248,42.82915139397298],[-70.8132127699299,42.82971265745981]]},"properties":{"n":38.66740041195645,"e":0,"m":[-70.8127316869412,42.82943202571639],"length_m":100.00000000072596}},{"type":"Feature","id":170,"geometry":{"type":"LineString","coordinates":[[-70.8132127699299,42.82971265745981],[-70.81343750000002,42.82984375000071],[-70.81352886882858,42.83052901621484]]},"properties":{"n":84.44852771109672,"e":0,"m":[-70.81346926230728,42.830081967305105],"length_m":99.99999999906258}},{"type":"Feature","id":171,"geometry":{"type":"LineString","coordinates":[[-70.81352886882858,42.83052901621484],[-70.81364808187118,42.83142311403431]]},"properties":{"n":84.44852771109672,"e":0,"m":[-70.81358847534989,42.830976065124574],"length_m":100.00000000045625}},{"type":"Feature","id":172,"geometry":{"type":"LineString","coordinates":[[-70.81364808187118,42.83142311403431],[-70.81375000000003,42.8321875000007],[-70.81373442072045,42.83231732733052]]},"properties":{"n":84.44852771161293,"e":0,"m":[-70.81370768839247,42.83187016294405],"length_m":99.99999999957382}},{"type":"Feature","id":173,"geometry":{"type":"LineString","coordinates":[[-70.81373442072045,42.83231732733052],[-70.81362703346501,42.833212221125876]]},"properties":{"n":94.99929332226229,"e":0,"m":[-70.81368072709273,42.8327647742282],"length_m":100.00000000078992}},{"type":"Feature","id":174,"geometry":{"type":"LineString","coordinates":[[-70.81362703346501,42.833212221125876],[-70.81359375000002,42.833489583334035],[-70.81311465013411,42.834001724570015]]},"properties":{"n":124.29157855763339,"e":0,"m":[-70.8134617931032,42.83363064070652],"length_m":99.99999999945976}},{"type":"Feature","id":175,"geometry":{"type":"LineString","coordinates":[[-70.81311465013411,42.834001724570015],[-70.81242036419593,42.83474389229703]]},"properties":{"n":124.29157855623119,"e":0,"m":[-70.81276750716502,42.83437280843352],"length_m":100.00000000009382}},{"type":"Feature","id":176,"geometry":{"type":"LineString","coordinates":[[-70.81242036419593,42.83474389229703],[-70.81208333333336,42.835104166667364],[-70.81248336432388,42.83546281514162]]},"properties":{"n":75.33747753667481,"e":0,"m":[-70.81209465621234,42.83511431821404],"length_m":99.99999999995084}},{"type":"Feature","id":177,"geometry":{"type":"LineString","coordinates":[[-70.81248336432388,42.83546281514162],[-70.81326078054697,42.8361598089968]]},"properties":{"n":50.88611613927188,"e":0,"m":[-70.81287207243543,42.83581131206921],"length_m":100.00000000035944}},{"type":"Feature","id":178,"geometry":{"type":"LineString","coordinates":[[-70.81326078054697,42.8361598089968],[-70.81359375000002,42.83645833333403],[-70.81363646809332,42.8369709504535]]},"properties":{"n":86.52370311650272,"e":0,"m":[-70.81359910733272,42.836522621326374],"length_m":99.99999999938619}},{"type":"Feature","id":179,"geometry":{"type":"LineString","coordinates":[[-70.81363646809332,42.8369709504535],[-70.8137111896145,42.83786760870776]]},"properties":{"n":86.52370311617916,"e":0,"m":[-70.81367382885391,42.83741927958062],"length_m":100.00000000067018}},{"type":"Feature","id":180,"geometry":{"type":"LineString","coordinates":[[-70.8137111896145,42.83786760870776],[-70.81378591113568,42.83876426696201]]},"properties":{"n":86.52370311650272,"e":0,"m":[-70.81374855037508,42.838315937834885],"length_m":99.99999999974058}},{"type":"Feature","id":181,"geometry":{"type":"LineString","coordinates":[[-70.81378591113568,42.83876426696201],[-70.81380208333336,42.83895833333403],[-70.81414348725929,42.83961675519117]]},"properties":{"n":69.29422338856459,"e":0,"m":[-70.81392563486449,42.839196611286916],"length_m":100.00000000013077}},{"type":"Feature","id":182,"geometry":{"type":"LineString","coordinates":[[-70.81414348725929,42.83961675519117],[-70.81453125000003,42.84036458333402],[-70.81453783184358,42.84046331098731]]},"properties":{"n":69.29422338856459,"e":0,"m":[-70.81436133965408,42.84003689909543],"length_m":100.00000000018552}},{"type":"Feature","id":183,"geometry":{"type":"LineString","coordinates":[[-70.81453783184358,42.84046331098731],[-70.81459764866052,42.84136056324139]]},"properties":{"n":87.21773391808017,"e":0,"m":[-70.81456774025204,42.84091193711435],"length_m":99.99999999932976}},{"type":"Feature","id":184,"geometry":{"type":"LineString","coordinates":[[-70.81459764866052,42.84136056324139],[-70.81465746547747,42.84225781549547]]},"properties":{"n":87.2177339130094,"e":0,"m":[-70.81462755706899,42.84180918936843],"length_m":100.00000000030518}},{"type":"Feature","id":185,"geometry":{"type":"LineString","coordinates":[[-70.81465746547747,42.84225781549547],[-70.8147172822944,42.843155067749564]]},"properties":{"n":87.21773391833919,"e":0,"m":[-70.81468737388595,42.84270644162252],"length_m":100.00000000025997}},{"type":"Feature","id":186,"geometry":{"type":"LineString","coordinates":[[-70.8147172822944,42.843155067749564],[-70.81473958333336,42.84348958333403],[-70.81524403497062,42.84391642702709]]},"properties":{"n":49.25482578324349,"e":0,"m":[-70.81484187496129,42.84357613778843],"length_m":100.00000000022848}},{"type":"Feature","id":187,"geometry":{"type":"LineString","coordinates":[[-70.81524403497062,42.84391642702709],[-70.81541666666669,42.84406250000069],[-70.8149339231552,42.84467397511523]]},"properties":{"n":119.92049346280668,"e":0,"m":[-70.81524125847888,42.84428468370525],"length_m":99.99999999932818}},{"type":"Feature","id":188,"geometry":{"type":"LineString","coordinates":[[-70.8149339231552,42.84467397511523],[-70.81463541666669,42.84505208333401],[-70.81463541666669,42.84551414183354]]},"properties":{"n":100.57081337010057,"e":0,"m":[-70.81463541666669,42.845064986246044],"length_m":100.00000000046182}},{"type":"Feature","id":189,"geometry":{"type":"LineString","coordinates":[[-70.81463541666669,42.84551414183354],[-70.81463541666669,42.84641245300853]]},"properties":{"n":90.0,"e":0,"m":[-70.81463541666669,42.84596329742104],"length_m":100.0}},{"type":"Feature","id":190,"geometry":{"type":"LineString","coordinates":[[-70.81463541666669,42.84641245300853],[-70.81463541666669,42.846614583334016],[-70.81510644862482,42.847220195851584]]},"properties":{"n":60.44782130166563,"e":0,"m":[-70.814802552538,42.846829472311406],"length_m":100.0000000000004}},{"type":"Feature","id":191,"geometry":{"type":"LineString","coordinates":[[-70.81510644862482,42.847220195851584],[-70.81536458333336,42.847552083334016],[-70.81542181706546,42.84806718692287]]},"properties":{"n":85.3693502878223,"e":0,"m":[-70.8153720737911,42.847619497453614],"length_m":99.99999999946718}},{"type":"Feature","id":192,"geometry":{"type":"LineString","coordinates":[[-70.81542181706546,42.84806718692287],[-70.81552130361419,42.84896256586139]]},"properties":{"n":85.3693502882531,"e":0,"m":[-70.81547156033982,42.84851487639212],"length_m":100.00000000028489}},{"type":"Feature","id":193,"geometry":{"type":"LineString","coordinates":[[-70.81552130361419,42.84896256586139],[-70.8155729166667,42.849427083334014],[-70.816002898027,42.8497247627373]]},"properties":{"n":72.62404761350913,"e":0,"m":[-70.81557104688855,42.849410255330646],"length_m":99.99999999974875}},{"type":"Feature","id":194,"geometry":{"type":"LineString","coordinates":[[-70.816002898027,42.8497247627373],[-70.81625000000003,42.84989583333402],[-70.81614583333337,42.850260416667346],[-70.815793822275,42.85036601998487]]},"properties":{"n":101.76518180703766,"e":0,"m":[-70.8161938514947,42.850092353102646],"length_m":100.00000000035892}},{"type":"Feature","id":195,"geometry":{"type":"LineString","coordinates":[[-70.815793822275,42.85036601998487],[-70.81465424748167,42.85070789242286]]},"properties":{"n":157.63085719493054,"e":0,"m":[-70.81522403487833,42.85053695620386],"length_m":100.00000000019001}},{"type":"Feature","id":196,"geometry":{"type":"LineString","coordinates":[[-70.81465424748167,42.85070789242286],[-70.81458333333336,42.85072916666736],[-70.81502769959329,42.851506807622236]]},"properties":{"n":67.3856600125111,"e":0,"m":[-70.81479077284241,42.8510921858082],"length_m":99.99999999949253}},{"type":"Feature","id":197,"geometry":{"type":"LineString","coordinates":[[-70.81502769959329,42.851506807622236],[-70.81541666666669,42.85218750000068],[-70.81539884458083,42.85234789877337]]},"properties":{"n":67.3856600125111,"e":0,"m":[-70.81526462634417,42.85192142943627],"length_m":100.00000000023134}},{"type":"Feature","id":198,"geometry":{"type":"LineString","coordinates":[[-70.81539884458083,42.85234789877337],[-70.8152993580321,42.85324327771188]]},"properties":{"n":94.63064971174691,"e":0,"m":[-70.81534910130647,42.85279558824263],"length_m":100.0000000002097}},{"type":"Feature","id":199,"geometry":{"type":"LineString","coordinates":[[-70.8152993580321,42.85324327771188],[-70.81526041666669,42.853593750000684],[-70.81481864446319,42.85403552220419]]},"properties":{"n":126.09087520419222,"e":0,"m":[-70.81518159977566,42.8536725668917],"length_m":99.99999999940258}},{"type":"Feature","id":200,"geometry":{"type":"LineString","coordinates":[[-70.81481864446319,42.85403552220419],[-70.81458333333336,42.85427083333401],[-70.81531993413299,42.85455414133387]]},"properties":{"n":27.816838342024653,"e":0,"m":[-70.81477498213843,42.85434454441289],"length_m":99.99999999994523}},{"type":"Feature","id":201,"geometry":{"type":"LineString","coordinates":[[-70.81531993413299,42.85455414133387],[-70.81593750000002,42.854791666667346],[-70.81605159544768,42.85517198482621]]},"properties":{"n":27.816838344514718,"e":0,"m":[-70.81586488612753,42.85476373825485],"length_m":100.00000000073801}},{"type":"Feature","id":202,"geometry":{"type":"LineString","coordinates":[[-70.81605159544768,42.85517198482621],[-70.81625000000003,42.85583333333402],[-70.81623158954851,42.85605425875213]]},"properties":{"n":77.66416135678992,"e":0,"m":[-70.8161832311105,42.85561077036892],"length_m":99.99999999944484}},{"type":"Feature","id":203,"geometry":{"type":"LineString","coordinates":[[-70.81623158954851,42.85605425875213],[-70.81615686802732,42.85695091700638]]},"properties":{"n":93.47629688349728,"e":0,"m":[-70.81619422878792,42.856502587879255],"length_m":99.99999999974058}},{"type":"Feature","id":204,"geometry":{"type":"LineString","coordinates":[[-70.81615686802732,42.85695091700638],[-70.81609375000002,42.85770833333401],[-70.8159781397274,42.85781949705769]]},"properties":{"n":93.47629688382085,"e":0,"m":[-70.81611950726673,42.857399246133504],"length_m":100.0000000004693}},{"type":"Feature","id":205,"geometry":{"type":"LineString","coordinates":[[-70.8159781397274,42.85781949705769],[-70.8152336591838,42.85853534373423]]},"properties":{"n":127.16676192137386,"e":0,"m":[-70.8156058994556,42.85817742039596],"length_m":99.99999999986089}},{"type":"Feature","id":206,"geometry":{"type":"LineString","coordinates":[[-70.8152336591838,42.85853534373423],[-70.81473958333336,42.859010416667346],[-70.81470346382295,42.85931141258747]]},"properties":{"n":127.16676192137386,"e":0,"m":[-70.814861418912,42.858893267072496],"length_m":100.00000000028146}},{"type":"Feature","id":207,"geometry":{"type":"LineString","coordinates":[[-70.81470346382295,42.85931141258747],[-70.81459607656751,42.86020630638282]]},"properties":{"n":94.99929332711308,"e":0,"m":[-70.81464977019522,42.85975885948515],"length_m":99.99999999978098}},{"type":"Feature","id":208,"geometry":{"type":"LineString","coordinates":[[-70.81459607656751,42.86020630638282],[-70.81458333333336,42.860312500000674],[-70.81463605191783,42.861103278767644]]},"properties":{"n":87.21773391833919,"e":0,"m":[-70.81460614350937,42.8606546526406],"length_m":100.00000000046568}},{"type":"Feature","id":209,"geometry":{"type":"LineString","coordinates":[[-70.81463605191783,42.861103278767644],[-70.81469586873476,42.86200053102173]]},"properties":{"n":87.21773391808017,"e":0,"m":[-70.81466596032631,42.86155190489468],"length_m":99.99999999932976}},{"type":"Feature","id":210,"geometry":{"type":"LineString","coordinates":[[-70.81469586873476,42.86200053102173],[-70.81473958333336,42.862656250000676],[-70.81495609997903,42.862839456393154]]},"properties":{"n":87.21773391833919,"e":0,"m":[-70.81472577714324,42.86244915714877],"length_m":100.0000000002392}},{"type":"Feature","id":211,"geometry":{"type":"LineString","coordinates":[[-70.81495609997903,42.862839456393154],[-70.81541666666669,42.86322916666734],[-70.81513536854645,42.863553741421455]]},"properties":{"n":49.25482578324349,"e":0,"m":[-70.81535825998834,42.863179745631804],"length_m":100.00000000002129}},{"type":"Feature","id":212,"geometry":{"type":"LineString","coordinates":[[-70.81513536854645,42.863553741421455],[-70.81473958333336,42.86401041666735],[-70.81469677094408,42.86436718657798]]},"properties":{"n":122.28358385598301,"e":0,"m":[-70.81480627543095,42.86393346424704],"length_m":99.99999999969015}},{"type":"Feature","id":213,"geometry":{"type":"LineString","coordinates":[[-70.81469677094408,42.86436718657798],[-70.81458938368864,42.86526208037333]]},"properties":{"n":94.99929332179728,"e":0,"m":[-70.81464307731636,42.86481463347565],"length_m":99.99999999986214}},{"type":"Feature","id":214,"geometry":{"type":"LineString","coordinates":[[-70.81458938368864,42.86526208037333],[-70.81458333333336,42.86531250000067],[-70.81463977998321,42.866159199748395]]},"properties":{"n":87.21773391833919,"e":0,"m":[-70.81460987157473,42.86571057362135],"length_m":100.00000000061667}},{"type":"Feature","id":215,"geometry":{"type":"LineString","coordinates":[[-70.81463977998321,42.866159199748395],[-70.81469959680015,42.86705645200248]]},"properties":{"n":87.21773391275038,"e":0,"m":[-70.81466968839169,42.86660782587544],"length_m":99.99999999937496}},{"type":"Feature","id":216,"geometry":{"type":"LineString","coordinates":[[-70.81469959680015,42.86705645200248],[-70.81473958333336,42.86765625000067],[-70.81500622898575,42.867881873245004]]},"properties":{"n":87.21773391808017,"e":0,"m":[-70.81472950520863,42.867505078129525],"length_m":100.00000000100023}},{"type":"Feature","id":217,"geometry":{"type":"LineString","coordinates":[[-70.81500622898575,42.867881873245004],[-70.81541666666669,42.868229166667334],[-70.81507838982638,42.868593464803055]]},"properties":{"n":77.72495147517755,"e":0,"m":[-70.81540838899507,42.86822216248366],"length_m":99.99999999970623}},{"type":"Feature","id":218,"geometry":{"type":"LineString","coordinates":[[-70.81507838982638,42.868593464803055],[-70.81473958333336,42.868958333334],[-70.81467133336484,42.86941333312412]]},"properties":{"n":107.46262746973913,"e":0,"m":[-70.81473830750805,42.868966838836045],"length_m":100.00000000011704}},{"type":"Feature","id":219,"geometry":{"type":"LineString","coordinates":[[-70.81467133336484,42.86941333312412],[-70.81458333333336,42.870000000000665],[-70.81460896504241,42.87030758050924]]},"properties":{"n":96.24023244223893,"e":0,"m":[-70.81460435922163,42.8698598274122],"length_m":99.99999999930398}},{"type":"Feature","id":220,"geometry":{"type":"LineString","coordinates":[[-70.81460896504241,42.87030758050924],[-70.8146836865636,42.8712042387635]]},"properties":{"n":86.52370311085289,"e":0,"m":[-70.814646325803,42.87075590963637],"length_m":100.00000000072666}},{"type":"Feature","id":221,"geometry":{"type":"LineString","coordinates":[[-70.8146836865636,42.8712042387635],[-70.81473958333336,42.871875000000664],[-70.81489779465707,42.87206972162985]]},"properties":{"n":86.52370311617916,"e":0,"m":[-70.8147210473242,42.87165256789062],"length_m":99.99999999912072}},{"type":"Feature","id":222,"geometry":{"type":"LineString","coordinates":[[-70.81489779465707,42.87206972162985],[-70.81541666666669,42.872708333333996],[-70.81535383726869,42.87285755315426]]},"properties":{"n":59.36229192476966,"e":0,"m":[-70.81521179059017,42.87245617816289],"length_m":100.00000000050107}},{"type":"Feature","id":223,"geometry":{"type":"LineString","coordinates":[[-70.81535383726869,42.87285755315426],[-70.81499224999993,42.87371632291755]]},"properties":{"n":107.06303865412747,"e":0,"m":[-70.8151730436343,42.8732869380359],"length_m":100.00000000015564}},{"type":"Feature","id":224,"geometry":{"type":"LineString","coordinates":[[-70.81499224999993,42.87371632291755],[-70.81463066273118,42.874575092680836]]},"properties":{"n":107.06303865412747,"e":0,"m":[-70.81481145636556,42.8741457077992],"length_m":100.00000000015564}},{"type":"Feature","id":225,"geometry":{"type":"LineString","coordinates":[[-70.81463066273118,42.874575092680836],[-70.81458333333336,42.87468750000066],[-70.81466979774649,42.875465679718836]]},"properties":{"n":85.3693502878223,"e":0,"m":[-70.81462005447213,42.87501799024958],"length_m":99.99999999929285}},{"type":"Feature","id":226,"geometry":{"type":"LineString","coordinates":[[-70.81466979774649,42.875465679718836],[-70.81473958333336,42.87609375000066],[-70.81495629849796,42.87631046516526]]},"properties":{"n":85.3693502882531,"e":0,"m":[-70.81471954102085,42.8759133691881],"length_m":100.00000000039735}},{"type":"Feature","id":227,"geometry":{"type":"LineString","coordinates":[[-70.81495629849796,42.87631046516526],[-70.81536458333336,42.87671875000066],[-70.81536458333336,42.877111810504836]]},"properties":{"n":53.90912479580779,"e":0,"m":[-70.81531925381046,42.87667342047774],"length_m":99.9999999995982}},{"type":"Feature","id":228,"geometry":{"type":"LineString","coordinates":[[-70.81536458333336,42.877111810504836],[-70.81536458333336,42.87801012167982]]},"properties":{"n":90.0,"e":0,"m":[-70.81536458333336,42.87756096609233],"length_m":100.0}},{"type":"Feature","id":229,"geometry":{"type":"LineString","coordinates":[[-70.81536458333336,42.87801012167982],[-70.81536458333336,42.878281250000654],[-70.81490867712944,42.8788131405719]]},"properties":{"n":121.99838881309904,"e":0,"m":[-70.81523517332988,42.87843222833805],"length_m":100.00000000047012}},{"type":"Feature","id":230,"geometry":{"type":"LineString","coordinates":[[-70.81490867712944,42.8788131405719],[-70.81473958333336,42.87901041666733],[-70.81469525621068,42.87967532350746]]},"properties":{"n":92.78226608166081,"e":0,"m":[-70.81472516461916,42.879226697380425],"length_m":99.99999999975729}},{"type":"Feature","id":231,"geometry":{"type":"LineString","coordinates":[[-70.81469525621068,42.87967532350746],[-70.81463543939375,42.88057257576155]]},"properties":{"n":92.78226608166081,"e":0,"m":[-70.81466534780222,42.88012394963451],"length_m":100.00000000025997}},{"type":"Feature","id":232,"geometry":{"type":"LineString","coordinates":[[-70.81463543939375,42.88057257576155],[-70.81457562257681,42.88146982801564]]},"properties":{"n":92.7822660869906,"e":0,"m":[-70.81460553098528,42.88102120188859],"length_m":100.00000000030518}},{"type":"Feature","id":233,"geometry":{"type":"LineString","coordinates":[[-70.81457562257681,42.88146982801564],[-70.81453125000003,42.88213541666732],[-70.8144067427543,42.88234885766]]},"properties":{"n":92.78226608166081,"e":0,"m":[-70.81454571416833,42.88191845414268],"length_m":99.99999999983352}},{"type":"Feature","id":234,"geometry":{"type":"LineString","coordinates":[[-70.8144067427543,42.88234885766],[-70.81392451591451,42.8831755322425]]},"properties":{"n":113.03673544952197,"e":0,"m":[-70.8141656293344,42.88276219495125],"length_m":100.00000000004377}},{"type":"Feature","id":235,"geometry":{"type":"LineString","coordinates":[[-70.81392451591451,42.8831755322425],[-70.81380208333336,42.883385416667316],[-70.81372785542631,42.8840534678308]]},"properties":{"n":94.6306497121777,"e":0,"m":[-70.81377759870067,42.88360577836155],"length_m":99.99999999949421}},{"type":"Feature","id":236,"geometry":{"type":"LineString","coordinates":[[-70.81372785542631,42.8840534678308],[-70.81362836887759,42.88494884676932]]},"properties":{"n":94.63064971174691,"e":0,"m":[-70.81367811215195,42.88450115730006],"length_m":100.0000000002097}},{"type":"Feature","id":237,"geometry":{"type":"LineString","coordinates":[[-70.81362836887759,42.88494884676932],[-70.81359375000002,42.885260416667315],[-70.8130729166667,42.885520833333985],[-70.81305218211098,42.88564524066823]]},"properties":{"n":145.55375142091754,"e":0,"m":[-70.81343925831352,42.88533766251057],"length_m":99.99999999966968}},{"type":"Feature","id":238,"geometry":{"type":"LineString","coordinates":[[-70.81305218211098,42.88564524066823],[-70.81290355649332,42.88653699437418]]},"properties":{"n":96.92718674242855,"e":0,"m":[-70.81297786930216,42.88609111752121],"length_m":100.00000000018503}},{"type":"Feature","id":239,"geometry":{"type":"LineString","coordinates":[[-70.81290355649332,42.88653699437418],[-70.81286458333336,42.88677083333398],[-70.81227557782177,42.88727569520106]]},"properties":{"n":130.37994715144805,"e":0,"m":[-70.81267475404549,42.886933544152164],"length_m":100.00000000016188}},{"type":"Feature","id":240,"geometry":{"type":"LineString","coordinates":[[-70.81227557782177,42.88727569520106],[-70.81213541666669,42.88739583333399],[-70.81213541666669,42.88813643429927]]},"properties":{"n":90.0,"e":0,"m":[-70.81213541666669,42.88768727871177],"length_m":99.99999999998991}},{"type":"Feature","id":241,"geometry":{"type":"LineString","coordinates":[[-70.81213541666669,42.88813643429927],[-70.81213541666669,42.88843750000065],[-70.81274990688469,42.888832529426494]]},"properties":{"n":41.40817380279629,"e":0,"m":[-70.81228778247008,42.88853544944568],"length_m":99.99999999984009}},{"type":"Feature","id":242,"geometry":{"type":"LineString","coordinates":[[-70.81274990688469,42.888832529426494],[-70.81286458333336,42.888906250000645],[-70.81286458333336,42.88942708333397],[-70.81254776001379,42.889559093050465]]},"properties":{"n":90.0,"e":0,"m":[-70.81286458333336,42.88924394736164],"length_m":100.00000000006564}},{"type":"Feature","id":243,"geometry":{"type":"LineString","coordinates":[[-70.81254776001379,42.889559093050465],[-70.81223958333337,42.88968750000065],[-70.81210417858058,42.89031938884699]]},"properties":{"n":98.8782856219335,"e":0,"m":[-70.81219927300862,42.88987561484946],"length_m":100.00000000027586}},{"type":"Feature","id":244,"geometry":{"type":"LineString","coordinates":[[-70.81210417858058,42.89031938884699],[-70.81192708333336,42.89114583333398],[-70.81187100671919,42.891192241566394]]},"properties":{"n":98.87828562275705,"e":0,"m":[-70.81200908415254,42.89076316284452],"length_m":99.99999999971007}},{"type":"Feature","id":245,"geometry":{"type":"LineString","coordinates":[[-70.81187100671919,42.891192241566394],[-70.81105647596553,42.89186633598322]]},"properties":{"n":131.37479587358655,"e":0,"m":[-70.81146374134237,42.891529288774805],"length_m":99.99999999977673}},{"type":"Feature","id":246,"geometry":{"type":"LineString","coordinates":[[-70.81105647596553,42.89186633598322],[-70.8104166666667,42.89239583333398],[-70.81047056513462,42.892584477971745]]},"properties":{"n":131.37479587358655,"e":0,"m":[-70.81064921058869,42.89220338319163],"length_m":100.0000000001113}},{"type":"Feature","id":247,"geometry":{"type":"LineString","coordinates":[[-70.81047056513462,42.892584477971745],[-70.81052083333336,42.89276041666731],[-70.81142281384884,42.89305033897585]]},"properties":{"n":23.794413314547207,"e":0,"m":[-70.81085903524006,42.89286912442303],"length_m":100.00000000000226}},{"type":"Feature","id":248,"geometry":{"type":"LineString","coordinates":[[-70.81142281384884,42.89305033897585],[-70.8119791666667,42.89322916666731],[-70.81200190514907,42.89368393631466]]},"properties":{"n":60.56934594531685,"e":0,"m":[-70.81197946227229,42.89323507877917],"length_m":99.99999999981038}},{"type":"Feature","id":249,"geometry":{"type":"LineString","coordinates":[[-70.81200190514907,42.89368393631466],[-70.81203125000003,42.894270833333984],[-70.81171639885453,42.894480734097634]]},"properties":{"n":87.91258275321502,"e":0,"m":[-70.81202434802583,42.894132793850154],"length_m":100.00000000041517}},{"type":"Feature","id":250,"geometry":{"type":"LineString","coordinates":[[-70.81171639885453,42.894480734097634],[-70.81140625000003,42.89468750000064],[-70.81128432884184,42.895272721559984]]},"properties":{"n":98.63543617210378,"e":0,"m":[-70.81137684213942,42.894828657731544],"length_m":99.99999999966917}},{"type":"Feature","id":251,"geometry":{"type":"LineString","coordinates":[[-70.81128432884184,42.895272721559984],[-70.81114583333337,42.89593750000065],[-70.81087025526126,42.89604084177768]]},"properties":{"n":98.63543617130259,"e":0,"m":[-70.81119181554425,42.89571678538843],"length_m":100.00000000040188}},{"type":"Feature","id":252,"geometry":{"type":"LineString","coordinates":[[-70.81087025526126,42.89604084177768],[-70.80989583333337,42.89640625000064],[-70.8098747650714,42.89650456855654]]},"properties":{"n":152.7775580652267,"e":0,"m":[-70.81032234980721,42.89624630632296],"length_m":99.99999999993638}},{"type":"Feature","id":253,"geometry":{"type":"LineString","coordinates":[[-70.8098747650714,42.89650456855654],[-70.8096845762153,42.89739211655159]]},"properties":{"n":98.8782856280292,"e":0,"m":[-70.80977967064334,42.896948342554076],"length_m":99.99999999966828}},{"type":"Feature","id":254,"geometry":{"type":"LineString","coordinates":[[-70.8096845762153,42.89739211655159],[-70.80949438735921,42.89827966454666]]},"properties":{"n":98.8782856219335,"e":0,"m":[-70.80958948178726,42.89783589054913],"length_m":100.0000000004447}},{"type":"Feature","id":255,"geometry":{"type":"LineString","coordinates":[[-70.80949438735921,42.89827966454666],[-70.80942708333336,42.89859375000064],[-70.80887213552619,42.89900996085602]]},"properties":{"n":134.1852919300243,"e":0,"m":[-70.80930158189655,42.89868787607825],"length_m":100.0000000003087}},{"type":"Feature","id":256,"geometry":{"type":"LineString","coordinates":[[-70.80887213552619,42.89900996085602],[-70.80880208333336,42.89906250000064],[-70.80880208333336,42.89988754397395]]},"properties":{"n":90.0,"e":0,"m":[-70.80880208333336,42.89943838838646],"length_m":99.99999999954254}},{"type":"Feature","id":257,"geometry":{"type":"LineString","coordinates":[[-70.80880208333336,42.89988754397395],[-70.80880208333336,42.900104166667305],[-70.80932414637918,42.900669734966954]]},"properties":{"n":56.063621948999256,"e":0,"m":[-70.80898016589488,42.90029708944229],"length_m":99.99999999962299}},{"type":"Feature","id":258,"geometry":{"type":"LineString","coordinates":[[-70.80932414637918,42.900669734966954],[-70.80942708333336,42.90078125000064],[-70.80946343764299,42.901544690502995]]},"properties":{"n":88.01190181342102,"e":0,"m":[-70.8094420621563,42.90109580528246],"length_m":100.00000000071041}},{"type":"Feature","id":259,"geometry":{"type":"LineString","coordinates":[[-70.80946343764299,42.901544690502995],[-70.80950618861638,42.90244246094405]]},"properties":{"n":88.01190181856877,"e":0,"m":[-70.80948481312969,42.90199357572352],"length_m":99.99999999971142}},{"type":"Feature","id":260,"geometry":{"type":"LineString","coordinates":[[-70.80950618861638,42.90244246094405],[-70.80954893958977,42.90334023138511]]},"properties":{"n":88.01190181856877,"e":0,"m":[-70.80952756410308,42.90289134616458],"length_m":99.99999999971142}},{"type":"Feature","id":261,"geometry":{"type":"LineString","coordinates":[[-70.80954893958977,42.90334023138511],[-70.80958333333336,42.904062500000634],[-70.80956831055609,42.90423776573556]]},"properties":{"n":88.01190181875388,"e":0,"m":[-70.80957031507647,42.90378911660564],"length_m":100.00000000029718}},{"type":"Feature","id":262,"geometry":{"type":"LineString","coordinates":[[-70.80956831055609,42.90423776573556],[-70.80949146232193,42.90513432846739]]},"properties":{"n":93.57536557106974,"e":0,"m":[-70.80952988643901,42.90468604710148],"length_m":99.99999999974747}},{"type":"Feature","id":263,"geometry":{"type":"LineString","coordinates":[[-70.80949146232193,42.90513432846739],[-70.80942708333336,42.9058854166673],[-70.8093297261207,42.9060127299454]]},"properties":{"n":93.57536557106974,"e":0,"m":[-70.80945303820485,42.90558260983331],"length_m":99.99999999984264}},{"type":"Feature","id":264,"geometry":{"type":"LineString","coordinates":[[-70.8093297261207,42.9060127299454],[-70.80875000000003,42.906770833333965],[-70.80877454548454,42.90679537881847]]},"properties":{"n":119.13733240292964,"e":0,"m":[-70.80902971880191,42.90640504720843],"length_m":100.00000000028683}},{"type":"Feature","id":265,"geometry":{"type":"LineString","coordinates":[[-70.80877454548454,42.90679537881847],[-70.80950045610952,42.90752128944344]]},"properties":{"n":53.90912479580779,"e":0,"m":[-70.80913750079702,42.90715833413095],"length_m":100.0000000002637}},{"type":"Feature","id":266,"geometry":{"type":"LineString","coordinates":[[-70.80950045610952,42.90752128944344],[-70.80958333333336,42.9076041666673],[-70.80894029993226,42.90824720006841]]},"properties":{"n":126.0908751998802,"e":0,"m":[-70.80930325524474,42.907884244755934],"length_m":99.99999999971507}},{"type":"Feature","id":267,"geometry":{"type":"LineString","coordinates":[[-70.80894029993226,42.90824720006841],[-70.80875000000003,42.90843750000063],[-70.80942708333336,42.9088541666673],[-70.80942987717958,42.90887092974468]]},"properties":{"n":40.17056622412538,"e":0,"m":[-70.8089739653138,42.9085753248091],"length_m":100.0000000000815}},{"type":"Feature","id":268,"geometry":{"type":"LineString","coordinates":[[-70.80942987717958,42.90887092974468],[-70.80957850279725,42.90976268345064]]},"properties":{"n":83.07281326286858,"e":0,"m":[-70.80950418998843,42.90931680659766],"length_m":100.00000000029735}},{"type":"Feature","id":269,"geometry":{"type":"LineString","coordinates":[[-70.80957850279725,42.90976268345064],[-70.80958333333336,42.909791666667296],[-70.80903270843652,42.91056254152288]]},"properties":{"n":117.50562683108065,"e":0,"m":[-70.8093172695095,42.91016415602069],"length_m":99.99999999931107}},{"type":"Feature","id":270,"geometry":{"type":"LineString","coordinates":[[-70.80903270843652,42.91056254152288],[-70.80880208333336,42.91088541666729],[-70.80874291167261,42.911417961614]]},"properties":{"n":94.63064971174691,"e":0,"m":[-70.80879265494698,42.91097027214474],"length_m":100.00000000042868}},{"type":"Feature","id":271,"geometry":{"type":"LineString","coordinates":[[-70.80874291167261,42.911417961614],[-70.80864342512389,42.912313340552515]]},"properties":{"n":94.63064971174691,"e":0,"m":[-70.80869316839825,42.911865651083254],"length_m":100.0000000002097}},{"type":"Feature","id":272,"geometry":{"type":"LineString","coordinates":[[-70.80864342512389,42.912313340552515],[-70.80859375000003,42.9127604166673],[-70.80823783566952,42.91312781210524]]},"properties":{"n":110.14470610135479,"e":0,"m":[-70.80859326304872,42.912760919326715],"length_m":99.99999999942654}},{"type":"Feature","id":273,"geometry":{"type":"LineString","coordinates":[[-70.80823783566952,42.91312781210524],[-70.80752698091112,42.913861597662304]]},"properties":{"n":125.22929330469732,"e":0,"m":[-70.80788240829033,42.91349470488377],"length_m":100.00000000050028}},{"type":"Feature","id":274,"geometry":{"type":"LineString","coordinates":[[-70.80752698091112,42.913861597662304],[-70.80697916666671,42.914427083333955],[-70.80670800046444,42.9144851903773]]},"properties":{"n":125.22929330033853,"e":0,"m":[-70.80717155353193,42.91422849044083],"length_m":99.99999999944009}},{"type":"Feature","id":275,"geometry":{"type":"LineString","coordinates":[[-70.80670800046444,42.9144851903773],[-70.80552571895359,42.91473853641533]]},"properties":{"n":163.61891108660927,"e":0,"m":[-70.80611685970901,42.91461186339631],"length_m":100.00000000038288}},{"type":"Feature","id":276,"geometry":{"type":"LineString","coordinates":[[-70.80552571895359,42.91473853641533],[-70.80552083333336,42.914739583333954],[-70.8049206063716,42.91551987838425]]},"properties":{"n":119.28131522774702,"e":0,"m":[-70.80522196517744,42.91512811193666],"length_m":99.99999999976795}},{"type":"Feature","id":277,"geometry":{"type":"LineString","coordinates":[[-70.8049206063716,42.91551987838425],[-70.80447916666671,42.91609375000062],[-70.80415771573607,42.91614732515573]]},"properties":{"n":119.28131522774702,"e":0,"m":[-70.80461924756575,42.91591164483186],"length_m":100.00000000061848}},{"type":"Feature","id":278,"geometry":{"type":"LineString","coordinates":[[-70.80415771573607,42.91614732515573],[-70.80322916666671,42.91630208333396],[-70.80310686911892,42.916485529655645]]},"properties":{"n":167.12161728935226,"e":0,"m":[-70.80355706267379,42.916247433999445],"length_m":99.99999999985998}},{"type":"Feature","id":279,"geometry":{"type":"LineString","coordinates":[[-70.80310686911892,42.916485529655645],[-70.8029166666667,42.916770833333956],[-70.80212242586552,42.91682047338403]]},"properties":{"n":175.09958308610004,"e":0,"m":[-70.80273632577952,42.9167821046394],"length_m":100.0000000001913}},{"type":"Feature","id":280,"geometry":{"type":"LineString","coordinates":[[-70.80212242586552,42.91682047338403],[-70.80089462603753,42.91689721087328]]},"properties":{"n":175.09958309096078,"e":0,"m":[-70.80150852595153,42.91685884212866],"length_m":99.9999999992084}},{"type":"Feature","id":281,"geometry":{"type":"LineString","coordinates":[[-70.80089462603753,42.91689721087328],[-70.79966682620955,42.91697394836253]]},"properties":{"n":175.09958309141663,"e":0,"m":[-70.80028072612353,42.916935579617906],"length_m":100.00000000013632}},{"type":"Feature","id":282,"geometry":{"type":"LineString","coordinates":[[-70.79966682620955,42.91697394836253],[-70.79843902638154,42.91705068585178]]},"properties":{"n":175.09958308610004,"e":0,"m":[-70.79905292629554,42.91701231710716],"length_m":100.00000000005677}},{"type":"Feature","id":283,"geometry":{"type":"LineString","coordinates":[[-70.79843902638154,42.91705068585178],[-70.79721122655354,42.917127423341036]]},"properties":{"n":175.09958309141663,"e":0,"m":[-70.79782512646754,42.91708905459641],"length_m":100.00000000013632}},{"type":"Feature","id":284,"geometry":{"type":"LineString","coordinates":[[-70.79721122655354,42.917127423341036],[-70.79598342672554,42.91720416083028]]},"properties":{"n":175.09958308610004,"e":0,"m":[-70.79659732663956,42.917165792085655],"length_m":100.00000000005677}},{"type":"Feature","id":285,"geometry":{"type":"LineString","coordinates":[[-70.79598342672554,42.91720416083028],[-70.79475562689755,42.91728089831953]]},"properties":{"n":175.09958309141663,"e":0,"m":[-70.79536952681154,42.9172425295749],"length_m":100.00000000013632}},{"type":"Feature","id":286,"geometry":{"type":"LineString","coordinates":[[-70.79475562689755,42.91728089831953],[-70.79352782706955,42.917357635808784]]},"properties":{"n":175.09958309141663,"e":0,"m":[-70.79414172698355,42.91731926706416],"length_m":100.00000000013632}},{"type":"Feature","id":287,"geometry":{"type":"LineString","coordinates":[[-70.79352782706955,42.917357635808784],[-70.79291666666671,42.917395833333956],[-70.79322335038846,42.91778770697841]]},"properties":{"n":113.70565076322825,"e":0,"m":[-70.79291802915417,42.91739757429014],"length_m":99.99999999968396}},{"type":"Feature","id":288,"geometry":{"type":"LineString","coordinates":[[-70.79322335038846,42.91778770697841],[-70.79383399285703,42.91856797235493]]},"properties":{"n":60.295363408048374,"e":0,"m":[-70.79352867162274,42.91817783966667],"length_m":99.99999999952924}},{"type":"Feature","id":289,"geometry":{"type":"LineString","coordinates":[[-70.79383399285703,42.91856797235493],[-70.7938541666667,42.91859375000062],[-70.7949444727498,42.918944205527325]]},"properties":{"n":23.7944133215826,"e":0,"m":[-70.79438069414103,42.918762990974514],"length_m":100.00000000059464}},{"type":"Feature","id":290,"geometry":{"type":"LineString","coordinates":[[-70.7949444727498,42.918944205527325],[-70.79531250000005,42.91906250000062],[-70.79543225560587,42.91966127802982]]},"properties":{"n":81.70507714929927,"e":0,"m":[-70.79534336424972,42.91921682124892],"length_m":99.99999999975554}},{"type":"Feature","id":291,"geometry":{"type":"LineString","coordinates":[[-70.79543225560587,42.91966127802982],[-70.79552083333337,42.92010416666729],[-70.79608315870544,42.92029160845797]]},"properties":{"n":52.03858689502707,"e":0,"m":[-70.79552281036827,42.92010482567892],"length_m":100.00000000035323}},{"type":"Feature","id":292,"geometry":{"type":"LineString","coordinates":[[-70.79608315870544,42.92029160845797],[-70.79645833333338,42.920416666667286],[-70.79676122306051,42.920971964500374]]},"properties":{"n":68.31627908228386,"e":0,"m":[-70.79653356546706,42.920554592245715],"length_m":99.99999999980739}},{"type":"Feature","id":293,"geometry":{"type":"LineString","coordinates":[[-70.79676122306051,42.920971964500374],[-70.79677083333337,42.920989583333956],[-70.79692932919882,42.92186131059378]]},"properties":{"n":82.45003600181964,"e":0,"m":[-70.7968483725251,42.92141604888841],"length_m":100.00000000043153}},{"type":"Feature","id":294,"geometry":{"type":"LineString","coordinates":[[-70.79692932919882,42.92186131059378],[-70.79697916666672,42.92213541666728],[-70.79697445607188,42.92275721518729]]},"properties":{"n":90.31641212793434,"e":0,"m":[-70.79697785871383,42.922308066448785],"length_m":99.99999999989049}},{"type":"Feature","id":295,"geometry":{"type":"LineString","coordinates":[[-70.79697445607188,42.92275721518729],[-70.79696765078796,42.92365551266429]]},"properties":{"n":90.31641212793434,"e":0,"m":[-70.79697105342991,42.923206363925786],"length_m":99.9999999996531}},{"type":"Feature","id":296,"geometry":{"type":"LineString","coordinates":[[-70.79696765078796,42.92365551266429],[-70.79696084550403,42.92455381014129]]},"properties":{"n":90.31641212793434,"e":0,"m":[-70.796964248146,42.924104661402794],"length_m":99.9999999996531}},{"type":"Feature","id":297,"geometry":{"type":"LineString","coordinates":[[-70.79696084550403,42.92455381014129],[-70.79695404022011,42.925452107618305]]},"properties":{"n":90.3164121279638,"e":0,"m":[-70.79695744286208,42.9250029588798],"length_m":100.00000000058441}},{"type":"Feature","id":298,"geometry":{"type":"LineString","coordinates":[[-70.79695404022011,42.925452107618305],[-70.7969472349362,42.926350405095306]]},"properties":{"n":90.31641212793434,"e":0,"m":[-70.79695063757816,42.92590125635681],"length_m":99.9999999996531}},{"type":"Feature","id":299,"geometry":{"type":"LineString","coordinates":[[-70.7969472349362,42.926350405095306],[-70.79694042965228,42.927248702572314]]},"properties":{"n":90.31641212793434,"e":0,"m":[-70.79694383229425,42.92679955383381],"length_m":99.9999999996531}},{"type":"Feature","id":300,"geometry":{"type":"LineString","coordinates":[[-70.79694042965228,42.927248702572314],[-70.79693362436836,42.92814700004932]]},"properties":{"n":90.3164121279638,"e":0,"m":[-70.79693702701032,42.92769785131081],"length_m":100.00000000058441}},{"type":"Feature","id":301,"geometry":{"type":"LineString","coordinates":[[-70.79693362436836,42.92814700004932],[-70.79692708333337,42.92901041666728],[-70.79690616811325,42.929041789497454]]},"properties":{"n":90.31641212793434,"e":0,"m":[-70.7969302217264,42.928596148787825],"length_m":99.99999999973761}},{"type":"Feature","id":302,"geometry":{"type":"LineString","coordinates":[[-70.79690616811325,42.929041789497454],[-70.79640625000005,42.92979166666728],[-70.79640087890436,42.92985611981556]]},"properties":{"n":115.91878251530892,"e":0,"m":[-70.79663685006928,42.92944576656343],"length_m":99.99999999974895}},{"type":"Feature","id":303,"geometry":{"type":"LineString","coordinates":[[-70.79640087890436,42.92985611981556],[-70.79632615738316,42.93075277806982]]},"properties":{"n":93.47629688382085,"e":0,"m":[-70.79636351814376,42.93030444894269],"length_m":100.00000000072666}},{"type":"Feature","id":304,"geometry":{"type":"LineString","coordinates":[[-70.79632615738316,42.93075277806982],[-70.79625143586199,42.931649436324065]]},"properties":{"n":93.47629688349728,"e":0,"m":[-70.79628879662256,42.93120110719694],"length_m":99.99999999974058}},{"type":"Feature","id":305,"geometry":{"type":"LineString","coordinates":[[-70.79625143586199,42.931649436324065],[-70.79619791666671,42.932291666667275],[-70.7960450779971,42.932520924671685]]},"properties":{"n":93.47629688349728,"e":0,"m":[-70.79621407510139,42.93209776545119],"length_m":100.00000000022064}},{"type":"Feature","id":306,"geometry":{"type":"LineString","coordinates":[[-70.7960450779971,42.932520924671685],[-70.79550644190913,42.933328878803636]]},"properties":{"n":115.91878251284196,"e":0,"m":[-70.79577575995312,42.932924901737664],"length_m":99.9999999995861}},{"type":"Feature","id":307,"geometry":{"type":"LineString","coordinates":[[-70.79550644190913,42.933328878803636],[-70.79546875000004,42.93338541666727],[-70.79541311895913,42.9342198822809]]},"properties":{"n":92.78226608166081,"e":0,"m":[-70.79544302736761,42.933771256153854],"length_m":99.9999999999651}},{"type":"Feature","id":308,"geometry":{"type":"LineString","coordinates":[[-70.79541311895913,42.9342198822809],[-70.79536458333338,42.93494791666727],[-70.79524995637628,42.93509529418353]]},"properties":{"n":92.78226608166081,"e":0,"m":[-70.79538321055067,42.93466850840794],"length_m":100.00000000010934}},{"type":"Feature","id":309,"geometry":{"type":"LineString","coordinates":[[-70.79524995637628,42.93509529418353],[-70.79464216420266,42.9358767412639]]},"properties":{"n":119.55217869106065,"e":0,"m":[-70.79494606028946,42.93548601772372],"length_m":100.00000000003303}},{"type":"Feature","id":310,"geometry":{"type":"LineString","coordinates":[[-70.79464216420266,42.9358767412639],[-70.79463541666671,42.93588541666727],[-70.79453703458937,42.936770855363314]]},"properties":{"n":94.63064971174691,"e":0,"m":[-70.79458677786373,42.936323165894045],"length_m":100.00000000034677}},{"type":"Feature","id":311,"geometry":{"type":"LineString","coordinates":[[-70.79453703458937,42.936770855363314],[-70.79443754804065,42.93766623430182]]},"properties":{"n":94.63064970685903,"e":0,"m":[-70.79448729131501,42.93721854483257],"length_m":99.99999999928143}},{"type":"Feature","id":312,"geometry":{"type":"LineString","coordinates":[[-70.79443754804065,42.93766623430182],[-70.79442708333337,42.937760416667274],[-70.79372410368363,42.93837970826347]]},"properties":{"n":129.60700506987618,"e":0,"m":[-70.79411691188685,42.938033662941585],"length_m":100.00000000026174}},{"type":"Feature","id":313,"geometry":{"type":"LineString","coordinates":[[-70.79372410368363,42.93837970826347],[-70.7929384872772,42.939071798907236]]},"properties":{"n":129.60700506987618,"e":0,"m":[-70.79333129548041,42.93872575358535],"length_m":100.00000000017775}},{"type":"Feature","id":314,"geometry":{"type":"LineString","coordinates":[[-70.7929384872772,42.939071798907236],[-70.79223958333338,42.9396875000006],[-70.79222317877105,42.93978592737465]]},"properties":{"n":129.60700506236324,"e":0,"m":[-70.79254567907398,42.93941784422912],"length_m":100.00000000006345}},{"type":"Feature","id":315,"geometry":{"type":"LineString","coordinates":[[-70.79222317877105,42.93978592737465],[-70.79207455315338,42.94067768108061]]},"properties":{"n":96.92718673713142,"e":0,"m":[-70.7921488659622,42.94023180422763],"length_m":100.00000000029735}},{"type":"Feature","id":316,"geometry":{"type":"LineString","coordinates":[[-70.79207455315338,42.94067768108061],[-70.79203125000005,42.9409375000006],[-70.7915541828983,42.94147069264375]]},"properties":{"n":123.11380100472073,"e":0,"m":[-70.79189078911575,42.941094485694805],"length_m":99.99999999997371}},{"type":"Feature","id":317,"geometry":{"type":"LineString","coordinates":[[-70.7915541828983,42.94147069264375],[-70.79114583333339,42.94192708333393],[-70.79067320185567,42.94200585524688]]},"properties":{"n":123.11380100472073,"e":0,"m":[-70.79121757668082,42.94184689959268],"length_m":99.99999999984993}},{"type":"Feature","id":318,"geometry":{"type":"LineString","coordinates":[[-70.79067320185567,42.94200585524688],[-70.78989583333339,42.94213541666727],[-70.78965421809353,42.94239899692893]]},"properties":{"n":167.12161729054156,"e":0,"m":[-70.79007254879339,42.9421059640906],"length_m":99.9999999993674}},{"type":"Feature","id":319,"geometry":{"type":"LineString","coordinates":[[-70.78965421809353,42.94239899692893],[-70.78932291666672,42.94276041666726],[-70.78869102835269,42.942813074026766]]},"properties":{"n":157.1068257601628,"e":0,"m":[-70.78930319350117,42.942762060264386],"length_m":100.00000000021839}},{"type":"Feature","id":320,"geometry":{"type":"LineString","coordinates":[[-70.78869102835269,42.942813074026766],[-70.78746669805574,42.94291510155151]]},"properties":{"n":173.4784422718542,"e":0,"m":[-70.78807886320422,42.94286408778914],"length_m":100.00000000017943}},{"type":"Feature","id":321,"geometry":{"type":"LineString","coordinates":[[-70.78746669805574,42.94291510155151],[-70.78624236775877,42.94301712907627]]},"properties":{"n":173.47844226655263,"e":0,"m":[-70.78685453290726,42.94296611531389],"length_m":100.00000000028521}},{"type":"Feature","id":322,"geometry":{"type":"LineString","coordinates":[[-70.78624236775877,42.94301712907627],[-70.78619791666672,42.94302083333393],[-70.78541666666672,42.943541666667265],[-70.7853805921707,42.94363185290732]]},"properties":{"n":137.5560195311454,"e":0,"m":[-70.78577625064071,42.94330194401793],"length_m":100.00000000000398}},{"type":"Feature","id":323,"geometry":{"type":"LineString","coordinates":[[-70.7853805921707,42.94363185290732],[-70.78503563333514,42.94449424999619]]},"properties":{"n":106.2560217279982,"e":0,"m":[-70.78520811275293,42.94406305145176],"length_m":99.99999999995464}},{"type":"Feature","id":324,"geometry":{"type":"LineString","coordinates":[[-70.78503563333514,42.94449424999619],[-70.7846906744996,42.945356647085056]]},"properties":{"n":106.25602173312095,"e":0,"m":[-70.78486315391737,42.94492544854062],"length_m":99.99999999969394}},{"type":"Feature","id":325,"geometry":{"type":"LineString","coordinates":[[-70.7846906744996,42.945356647085056],[-70.78458333333339,42.9456250000006],[-70.7848958333334,42.94614583333393],[-70.78495859798755,42.94616675488532]]},"properties":{"n":66.37633684702341,"e":0,"m":[-70.78467658055226,42.945780412032036],"length_m":99.99999999979582}},{"type":"Feature","id":326,"geometry":{"type":"LineString","coordinates":[[-70.78495859798755,42.94616675488532],[-70.7860792946619,42.94654032044343]]},"properties":{"n":24.573056743791,"e":0,"m":[-70.78551894632471,42.94635353766437],"length_m":100.00000000069124}},{"type":"Feature","id":327,"geometry":{"type":"LineString","coordinates":[[-70.7860792946619,42.94654032044343],[-70.78614583333339,42.946562500000596],[-70.7861880541032,42.94740691539687]]},"properties":{"n":87.91258275302066,"e":0,"m":[-70.78616561122644,42.94695805786137],"length_m":99.99999999985539}},{"type":"Feature","id":328,"geometry":{"type":"LineString","coordinates":[[-70.7861880541032,42.94740691539687],[-70.78619791666672,42.94760416666726],[-70.78557498294576,42.94813810985666]]},"properties":{"n":130.37994715144805,"e":0,"m":[-70.78597415916947,42.94779595880776],"length_m":99.99999999966876}},{"type":"Feature","id":329,"geometry":{"type":"LineString","coordinates":[[-70.78557498294576,42.94813810985666],[-70.78477663049834,42.94882241195444]]},"properties":{"n":130.37994715144805,"e":0,"m":[-70.78517580672205,42.94848026090555],"length_m":99.99999999970625}},{"type":"Feature","id":330,"geometry":{"type":"LineString","coordinates":[[-70.78477663049834,42.94882241195444],[-70.78473958333339,42.94885416666725],[-70.7845978546167,42.94970453896736]]},"properties":{"n":96.92718674242855,"e":0,"m":[-70.78467216742554,42.94925866211438],"length_m":100.00000000045691}},{"type":"Feature","id":331,"geometry":{"type":"LineString","coordinates":[[-70.7845978546167,42.94970453896736],[-70.78453125000006,42.95010416666726],[-70.78402940574954,42.95043872950093]]},"properties":{"n":137.5560195311454,"e":0,"m":[-70.78448408754312,42.95013560830521],"length_m":100.00000000018679}},{"type":"Feature","id":332,"geometry":{"type":"LineString","coordinates":[[-70.78402940574954,42.95043872950093],[-70.78390625000006,42.95052083333392],[-70.78366319471367,42.95127700533601]]},"properties":{"n":103.18715338460517,"e":0,"m":[-70.78380375908897,42.95083969394621],"length_m":100.00000000002782}},{"type":"Feature","id":333,"geometry":{"type":"LineString","coordinates":[[-70.78366319471367,42.95127700533601],[-70.78343750000005,42.95197916666726],[-70.7832038636523,42.95202784090637]]},"properties":{"n":103.18715339101789,"e":0,"m":[-70.78352263033837,42.951714316725806],"length_m":99.99999999937421}},{"type":"Feature","id":334,"geometry":{"type":"LineString","coordinates":[[-70.7832038636523,42.95202784090637],[-70.78218750000005,42.95223958333392],[-70.78208801449152,42.952344753728646]]},"properties":{"n":164.05049252417658,"e":0,"m":[-70.78261143075255,42.95215126442715],"length_m":100.00000000056492}},{"type":"Feature","id":335,"geometry":{"type":"LineString","coordinates":[[-70.78208801449152,42.952344753728646],[-70.7813884567795,42.95308428616708]]},"properties":{"n":124.5887841185644,"e":0,"m":[-70.78173823563552,42.95271451994787],"length_m":99.99999999947687}},{"type":"Feature","id":336,"geometry":{"type":"LineString","coordinates":[[-70.7813884567795,42.95308428616708],[-70.78068889906746,42.953823818605514]]},"properties":{"n":124.58878412295734,"e":0,"m":[-70.78103867792349,42.95345405238629],"length_m":100.00000000000557}},{"type":"Feature","id":337,"geometry":{"type":"LineString","coordinates":[[-70.78068889906746,42.953823818605514],[-70.77998934135543,42.95456335104396]]},"properties":{"n":124.58878411992812,"e":0,"m":[-70.78033912021144,42.954193584824736],"length_m":100.00000000077227}},{"type":"Feature","id":338,"geometry":{"type":"LineString","coordinates":[[-70.77998934135543,42.95456335104396],[-70.7792897836434,42.95530288348239]]},"properties":{"n":124.5887841185644,"e":0,"m":[-70.77963956249941,42.95493311726318],"length_m":99.99999999947687}},{"type":"Feature","id":339,"geometry":{"type":"LineString","coordinates":[[-70.7792897836434,42.95530288348239],[-70.77859022593137,42.95604241592083]]},"properties":{"n":124.58878412295734,"e":0,"m":[-70.77894000478739,42.955672649701604],"length_m":100.00000000000557}},{"type":"Feature","id":340,"geometry":{"type":"LineString","coordinates":[[-70.77859022593137,42.95604241592083],[-70.77854166666673,42.95609375000059],[-70.77740709131449,42.95621531164547]]},"properties":{"n":171.6386078044662,"e":0,"m":[-70.77801669410287,42.956149997061004],"length_m":99.99999999960879}},{"type":"Feature","id":341,"geometry":{"type":"LineString","coordinates":[[-70.77740709131449,42.95621531164547],[-70.77618788573771,42.95634594081441]]},"properties":{"n":171.63860779918681,"e":0,"m":[-70.7767974885261,42.95628062622994],"length_m":99.99999999990277}},{"type":"Feature","id":342,"geometry":{"type":"LineString","coordinates":[[-70.77618788573771,42.95634594081441],[-70.77562500000006,42.95640625000058],[-70.7752024876916,42.95677905497863]]},"properties":{"n":134.17701163423214,"e":0,"m":[-70.77559492544223,42.95643278637514],"length_m":100.00000000079893}},{"type":"Feature","id":343,"geometry":{"type":"LineString","coordinates":[[-70.7752024876916,42.95677905497863],[-70.7747395833334,42.957187500000586],[-70.77464894994361,42.95755003355974]]},"properties":{"n":129.56230676009525,"e":0,"m":[-70.774810049941,42.957125323582126],"length_m":99.99999999931163}},{"type":"Feature","id":344,"geometry":{"type":"LineString","coordinates":[[-70.77464894994361,42.95755003355974],[-70.77442801111484,42.95843378887483]]},"properties":{"n":100.32835935475195,"e":0,"m":[-70.77453848052923,42.95799191121728],"length_m":100.00000000022999}},{"type":"Feature","id":345,"geometry":{"type":"LineString","coordinates":[[-70.77442801111484,42.95843378887483],[-70.77442708333339,42.958437500000585],[-70.77324976653992,42.958689782170616]]},"properties":{"n":163.61891109172873,"e":0,"m":[-70.77384090729535,42.95856310915159],"length_m":100.00000000058137}},{"type":"Feature","id":346,"geometry":{"type":"LineString","coordinates":[[-70.77324976653992,42.958689782170616],[-70.7722395833334,42.95890625000058],[-70.77213391646261,42.959011916871376]]},"properties":{"n":163.61891108510437,"e":0,"m":[-70.77265862578449,42.95881645518964],"length_m":99.99999999973137}},{"type":"Feature","id":347,"geometry":{"type":"LineString","coordinates":[[-70.77213391646261,42.959011916871376],[-70.77140800583764,42.959737827496355]]},"properties":{"n":126.09087520733554,"e":0,"m":[-70.77177096115012,42.959374872183865],"length_m":99.99999999991904}},{"type":"Feature","id":348,"geometry":{"type":"LineString","coordinates":[[-70.77140800583764,42.959737827496355],[-70.77140625000007,42.95973958333392],[-70.77121652117408,42.96062498452184]]},"properties":{"n":98.8782856219335,"e":0,"m":[-70.77131161560213,42.96018121052431],"length_m":100.00000000034235}},{"type":"Feature","id":349,"geometry":{"type":"LineString","coordinates":[[-70.77121652117408,42.96062498452184],[-70.771026332318,42.9615125325169]]},"properties":{"n":98.87828562275705,"e":0,"m":[-70.77112142674603,42.96106875851937],"length_m":99.99999999952453}},{"type":"Feature","id":350,"geometry":{"type":"LineString","coordinates":[[-70.771026332318,42.9615125325169],[-70.77093750000006,42.96192708333392],[-70.77031628980399,42.96208238588294]]},"properties":{"n":151.63647927829854,"e":0,"m":[-70.77089911977595,42.96193667838995],"length_m":100.00000000003938}},{"type":"Feature","id":351,"geometry":{"type":"LineString","coordinates":[[-70.77031628980399,42.96208238588294],[-70.76989583333341,42.96218750000058],[-70.76960925614648,42.96272244408286]]},"properties":{"n":111.3315851867173,"e":0,"m":[-70.76983339060075,42.962304059768194],"length_m":100.00000000015449}},{"type":"Feature","id":352,"geometry":{"type":"LineString","coordinates":[[-70.76960925614648,42.96272244408286],[-70.76916098723792,42.96355921271216]]},"properties":{"n":111.3315851886584,"e":0,"m":[-70.7693851216922,42.963140828397506],"length_m":99.9999999997339}},{"type":"Feature","id":353,"geometry":{"type":"LineString","coordinates":[[-70.76916098723792,42.96355921271216],[-70.7691145833334,42.96364583333391],[-70.76805114589614,42.96386397434669]]},"properties":{"n":164.2836578714426,"e":0,"m":[-70.76864426290622,42.963742309318974],"length_m":99.99999999976664}},{"type":"Feature","id":354,"geometry":{"type":"LineString","coordinates":[[-70.76805114589614,42.96386397434669],[-70.7670833333334,42.96406250000058],[-70.76712959940177,42.96422443123986]]},"properties":{"n":164.2836578714426,"e":0,"m":[-70.76745802888603,42.9639856393744],"length_m":100.00000000067655}},{"type":"Feature","id":355,"geometry":{"type":"LineString","coordinates":[[-70.76712959940177,42.96422443123986],[-70.76718750000006,42.96442708333391],[-70.7680552304018,42.964705996677324]]},"properties":{"n":23.794413319429722,"e":0,"m":[-70.76749145179303,42.964524782124506],"length_m":99.99999999980596}},{"type":"Feature","id":356,"geometry":{"type":"LineString","coordinates":[[-70.7680552304018,42.964705996677324],[-70.76864583333341,42.96489583333391],[-70.76870962087817,42.96532108363233]]},"properties":{"n":38.42700790258209,"e":0,"m":[-70.76861900901056,42.96488721123014],"length_m":99.99999999959897}},{"type":"Feature","id":357,"geometry":{"type":"LineString","coordinates":[[-70.76870962087817,42.96532108363233],[-70.7688020833334,42.96593750000057],[-70.76901677651509,42.96616752840952]]},"properties":{"n":83.75976755718105,"e":0,"m":[-70.76877659502138,42.96576757792041],"length_m":100.00000000034848}},{"type":"Feature","id":358,"geometry":{"type":"LineString","coordinates":[[-70.76901677651509,42.96616752840952],[-70.76953125000007,42.966718750000574],[-70.76953125000007,42.966950355456135]]},"properties":{"n":55.76977587070544,"e":0,"m":[-70.76936337417229,42.96653888304223],"length_m":99.99999999974706}},{"type":"Feature","id":359,"geometry":{"type":"LineString","coordinates":[[-70.76953125000007,42.966950355456135],[-70.76953125000007,42.96784866663113]]},"properties":{"n":90.0,"e":0,"m":[-70.76953125000007,42.96739951104363],"length_m":100.0}},{"type":"Feature","id":360,"geometry":{"type":"LineString","coordinates":[[-70.76953125000007,42.96784866663113],[-70.76953125000007,42.96828125000057],[-70.76921614124585,42.96868638982741]]},"properties":{"n":110.33459599811329,"e":0,"m":[-70.76952003733267,42.96829566628723],"length_m":99.99999999991573}},{"type":"Feature","id":361,"geometry":{"type":"LineString","coordinates":[[-70.76921614124585,42.96868638982741],[-70.7688020833334,42.96921875000057],[-70.76877037191319,42.96950415278238]]},"properties":{"n":119.55217869570255,"e":0,"m":[-70.76891224515904,42.96907711336759],"length_m":100.00000000028908}},{"type":"Feature","id":362,"geometry":{"type":"LineString","coordinates":[[-70.76877037191319,42.96950415278238],[-70.76867088536447,42.9703995317209]]},"properties":{"n":94.63064970642823,"e":0,"m":[-70.76872062863883,42.96995184225163],"length_m":100.0000000002097}},{"type":"Feature","id":363,"geometry":{"type":"LineString","coordinates":[[-70.76867088536447,42.9703995317209],[-70.76859375000006,42.97109375000058],[-70.76841818969858,42.97124980360189]]},"properties":{"n":94.6306497121777,"e":0,"m":[-70.76862114209011,42.970847221190155],"length_m":99.99999999984134}},{"type":"Feature","id":364,"geometry":{"type":"LineString","coordinates":[[-70.76841818969858,42.97124980360189],[-70.76765625000007,42.9719270833339],[-70.76762572418704,42.97192969983216]]},"properties":{"n":129.35482577864084,"e":0,"m":[-70.76802747464203,42.97159710587439],"length_m":99.99999999947373}},{"type":"Feature","id":365,"geometry":{"type":"LineString","coordinates":[[-70.76762572418704,42.97192969983216],[-70.76640185132416,42.97203460322041]]},"properties":{"n":173.29378592722387,"e":0,"m":[-70.7670137877556,42.971982151526284],"length_m":100.00000000057943}},{"type":"Feature","id":366,"geometry":{"type":"LineString","coordinates":[[-70.76640185132416,42.97203460322041],[-70.76517797846128,42.972139506608656]]},"properties":{"n":173.29378592130115,"e":0,"m":[-70.76578991489272,42.97208705491454],"length_m":99.99999999954574}},{"type":"Feature","id":367,"geometry":{"type":"LineString","coordinates":[[-70.76517797846128,42.972139506608656],[-70.76401041666674,42.972239583333895],[-70.76398464568763,42.97227639901834]]},"properties":{"n":173.29378592130115,"e":0,"m":[-70.76456604202984,42.97219195830278],"length_m":99.99999999984576}},{"type":"Feature","id":368,"geometry":{"type":"LineString","coordinates":[[-70.76398464568763,42.97227639901834],[-70.76364583333341,42.972760416667235],[-70.76319559081814,42.97289548942182]]},"properties":{"n":117.0342223982956,"e":0,"m":[-70.7637045906033,42.972676477710266],"length_m":100.0000000008217}},{"type":"Feature","id":369,"geometry":{"type":"LineString","coordinates":[[-70.76319559081814,42.97289548942182],[-70.76208333333341,42.97322916666724],[-70.76210113283683,42.97324635239468]]},"properties":{"n":157.630857189996,"e":0,"m":[-70.76262580342147,42.973066425640816],"length_m":99.99999999939463}},{"type":"Feature","id":370,"geometry":{"type":"LineString","coordinates":[[-70.76210113283683,42.97324635239468],[-70.76284366079769,42.97396327594309]]},"properties":{"n":52.9470779022573,"e":0,"m":[-70.76247239681726,42.97360481416888],"length_m":100.00000000034643}},{"type":"Feature","id":371,"geometry":{"type":"LineString","coordinates":[[-70.76284366079769,42.97396327594309],[-70.76358618875852,42.97468019949149]]},"properties":{"n":52.94707790547257,"e":0,"m":[-70.76321492477811,42.97432173771729],"length_m":99.99999999960318}},{"type":"Feature","id":372,"geometry":{"type":"LineString","coordinates":[[-70.76358618875852,42.97468019949149],[-70.76359375000007,42.97468750000057],[-70.76366771062402,42.975575027488034]]},"properties":{"n":86.52370311617916,"e":0,"m":[-70.76363034986343,42.97512669836091],"length_m":100.00000000066485}},{"type":"Feature","id":373,"geometry":{"type":"LineString","coordinates":[[-70.76366771062402,42.975575027488034],[-70.76369791666674,42.97593750000057],[-70.76326545412734,42.976369962539984]]},"properties":{"n":126.0908751998802,"e":0,"m":[-70.76362840943982,42.9760070072275],"length_m":99.99999999969884}},{"type":"Feature","id":374,"geometry":{"type":"LineString","coordinates":[[-70.76326545412734,42.976369962539984],[-70.76253954350237,42.977095873164956]]},"properties":{"n":126.0908751998802,"e":0,"m":[-70.76290249881484,42.976732917852466],"length_m":99.99999999971507}},{"type":"Feature","id":375,"geometry":{"type":"LineString","coordinates":[[-70.76253954350237,42.977095873164956],[-70.76223958333341,42.9773958333339],[-70.76221032332961,42.977922513402426]]},"properties":{"n":92.31911189534884,"e":0,"m":[-70.76223525598004,42.977473725694495],"length_m":100.00000000048044}},{"type":"Feature","id":376,"geometry":{"type":"LineString","coordinates":[[-70.76221032332961,42.977922513402426],[-70.76216045802872,42.978820088818296]]},"properties":{"n":92.31911189513292,"e":0,"m":[-70.76218539067916,42.978371301110364],"length_m":100.00000000002434}},{"type":"Feature","id":377,"geometry":{"type":"LineString","coordinates":[[-70.76216045802872,42.978820088818296],[-70.76211059272784,42.979717664234165]]},"properties":{"n":92.31911190046462,"e":0,"m":[-70.76213552537828,42.979268876526234],"length_m":99.99999999998664}},{"type":"Feature","id":378,"geometry":{"type":"LineString","coordinates":[[-70.76211059272784,42.979717664234165],[-70.76206072742696,42.980615239650035]]},"properties":{"n":92.31911190046462,"e":0,"m":[-70.76208566007739,42.9801664519421],"length_m":99.99999999998664}},{"type":"Feature","id":379,"geometry":{"type":"LineString","coordinates":[[-70.76206072742696,42.980615239650035],[-70.76203125000008,42.9811458333339],[-70.76185310820217,42.98148939251555]]},"properties":{"n":92.31911189513292,"e":0,"m":[-70.76203579477651,42.98106402735797],"length_m":100.0000000001672}},{"type":"Feature","id":380,"geometry":{"type":"LineString","coordinates":[[-70.76185310820217,42.98148939251555],[-70.76141740341258,42.98232968032405]]},"properties":{"n":110.7057766114354,"e":0,"m":[-70.76163525580738,42.981909536419806],"length_m":99.99999999993739}},{"type":"Feature","id":381,"geometry":{"type":"LineString","coordinates":[[-70.76141740341258,42.98232968032405],[-70.7613020833334,42.9825520833339],[-70.76125809852068,42.98321185552474]]},"properties":{"n":92.78226608166081,"e":0,"m":[-70.76128800692915,42.982763229397705],"length_m":99.99999999994037}},{"type":"Feature","id":382,"geometry":{"type":"LineString","coordinates":[[-70.76125809852068,42.98321185552474],[-70.76119828170376,42.98410910777882]]},"properties":{"n":92.78226608724962,"e":0,"m":[-70.76122819011222,42.98366048165178],"length_m":99.99999999928454}},{"type":"Feature","id":383,"geometry":{"type":"LineString","coordinates":[[-70.76119828170376,42.98410910777882],[-70.76119791666675,42.98411458333389],[-70.76050895163328,42.984852760155455]]},"properties":{"n":124.23022412929457,"e":0,"m":[-70.7608555492905,42.98448140552274],"length_m":100.00000000020506}},{"type":"Feature","id":384,"geometry":{"type":"LineString","coordinates":[[-70.76050895163328,42.984852760155455],[-70.76046875000007,42.984895833333894],[-70.76032874387599,42.98573587007833]]},"properties":{"n":96.92718673713142,"e":0,"m":[-70.76040305668482,42.98528999322535],"length_m":99.99999999980076}},{"type":"Feature","id":385,"geometry":{"type":"LineString","coordinates":[[-70.76032874387599,42.98573587007833],[-70.76026041666674,42.98614583333389],[-70.75980245547065,42.986498111177035]]},"properties":{"n":130.08224128720147,"e":0,"m":[-70.7602262793483,42.98617209280961],"length_m":100.00000000036023}},{"type":"Feature","id":386,"geometry":{"type":"LineString","coordinates":[[-70.75980245547065,42.986498111177035],[-70.75895480771537,42.987150147911876]]},"properties":{"n":133.46062165862895,"e":0,"m":[-70.75937863159301,42.98682412954445],"length_m":100.00000000066997}},{"type":"Feature","id":387,"geometry":{"type":"LineString","coordinates":[[-70.75895480771537,42.987150147911876],[-70.75890625000008,42.98718750000056],[-70.75872695616056,42.98802420458504]]},"properties":{"n":98.87828562275705,"e":0,"m":[-70.75882205058859,42.987580430587506],"length_m":99.99999999968169}},{"type":"Feature","id":388,"geometry":{"type":"LineString","coordinates":[[-70.75872695616056,42.98802420458504],[-70.75859375000007,42.98864583333389],[-70.75835496014471,42.988851108823596]]},"properties":{"n":98.87828562275705,"e":0,"m":[-70.75863186173251,42.98846797858257],"length_m":100.00000000000868}},{"type":"Feature","id":389,"geometry":{"type":"LineString","coordinates":[[-70.75835496014471,42.988851108823596],[-70.75755796082858,42.989536248586575]]},"properties":{"n":130.297408433322,"e":0,"m":[-70.75795646048665,42.98919367870509],"length_m":99.99999999995393}},{"type":"Feature","id":390,"geometry":{"type":"LineString","coordinates":[[-70.75755796082858,42.989536248586575],[-70.75676096151247,42.99022138834956]]},"properties":{"n":130.2974084292522,"e":0,"m":[-70.75715946117052,42.989878818468064],"length_m":99.99999999935159}},{"type":"Feature","id":391,"geometry":{"type":"LineString","coordinates":[[-70.75676096151247,42.99022138834956],[-70.75596396219633,42.99090652811255]]},"properties":{"n":130.29740842987087,"e":0,"m":[-70.7563624618544,42.99056395823106],"length_m":100.00000000066424}},{"type":"Feature","id":392,"geometry":{"type":"LineString","coordinates":[[-70.75596396219633,42.99090652811255],[-70.75562500000008,42.99119791666723],[-70.75491679222438,42.99119791666723]]},"properties":{"n":180.0,"e":0,"m":[-70.75553294437496,42.99119791666723],"length_m":99.9999999997544}},{"type":"Feature","id":393,"geometry":{"type":"LineString","coordinates":[[-70.75491679222438,42.99119791666723],[-70.75368448792321,42.99119791666723]]},"properties":{"n":180.0,"e":0,"m":[-70.7543006400738,42.99119791666723],"length_m":100.0}},{"type":"Feature","id":394,"geometry":{"type":"LineString","coordinates":[[-70.75368448792321,42.99119791666723],[-70.75354166666675,42.99119791666723],[-70.75269101353051,42.99070170233775]]},"properties":{"n":218.66740041195644,"e":0,"m":[-70.75317209651921,42.99098233408117],"length_m":100.00000000042506}},{"type":"Feature","id":395,"geometry":{"type":"LineString","coordinates":[[-70.75269101353051,42.99070170233775],[-70.75229166666675,42.99046875000056],[-70.75157200474358,42.99049873591403]]},"properties":{"n":176.72862551190047,"e":0,"m":[-70.75218715284437,42.99047310474316],"length_m":99.99999999935821}},{"type":"Feature","id":396,"geometry":{"type":"LineString","coordinates":[[-70.75157200474358,42.99049873591403],[-70.75034170854197,42.99054999825576]]},"properties":{"n":176.72862550687756,"e":0,"m":[-70.75095685664277,42.990524367084895],"length_m":99.99999999998147}},{"type":"Feature","id":397,"geometry":{"type":"LineString","coordinates":[[-70.75034170854197,42.99054999825576],[-70.74979166666675,42.99057291666722],[-70.74942188870097,42.990990102064536]]},"properties":{"n":122.86776693914832,"e":0,"m":[-70.74975627571557,42.99061284491983],"length_m":100.00000000035368}},{"type":"Feature","id":398,"geometry":{"type":"LineString","coordinates":[[-70.74942188870097,42.990990102064536],[-70.74875311467171,42.99174461635392]]},"properties":{"n":122.86776693914832,"e":0,"m":[-70.74908750168633,42.99136735920923],"length_m":100.00000000003025}},{"type":"Feature","id":399,"geometry":{"type":"LineString","coordinates":[[-70.74875311467171,42.99174461635392],[-70.74808434064249,42.99249913064331]]},"properties":{"n":122.86776694363023,"e":0,"m":[-70.74841872765711,42.99212187349862],"length_m":100.00000000030707}},{"type":"Feature","id":400,"geometry":{"type":"LineString","coordinates":[[-70.74808434064249,42.99249913064331],[-70.74776041666675,42.99286458333388],[-70.74718253491417,42.99305721058474]]},"properties":{"n":144.368427831052,"e":0,"m":[-70.74774288325133,42.99287042780569],"length_m":99.99999999967173}},{"type":"Feature","id":401,"geometry":{"type":"LineString","coordinates":[[-70.74718253491417,42.99305721058474],[-70.74713541666675,42.99307291666722],[-70.74713541666675,42.99359375000054],[-70.74743538674346,42.99385372406703]]},"properties":{"n":90.0,"e":0,"m":[-70.74713541666675,42.99348430391901],"length_m":99.99999999987531}},{"type":"Feature","id":402,"geometry":{"type":"LineString","coordinates":[[-70.74743538674346,42.99385372406703],[-70.74791666666675,42.994270833333886],[-70.74756526680675,42.994514110160054]]},"properties":{"n":49.932216561404005,"e":0,"m":[-70.74783199983104,42.994197455409584],"length_m":100.00000000022531}},{"type":"Feature","id":403,"geometry":{"type":"LineString","coordinates":[[-70.74756526680675,42.994514110160054],[-70.74723958333342,42.99473958333389],[-70.74715846595136,42.99530740500844]]},"properties":{"n":95.94525947620798,"e":0,"m":[-70.74722228591106,42.99486066529042],"length_m":99.99999999962668}},{"type":"Feature","id":404,"geometry":{"type":"LineString","coordinates":[[-70.74715846595136,42.99530740500844],[-70.7470308260319,42.996200884444484]]},"properties":{"n":95.94525947676068,"e":0,"m":[-70.74709464599162,42.99575414472646],"length_m":100.00000000057591}},{"type":"Feature","id":405,"geometry":{"type":"LineString","coordinates":[[-70.7470308260319,42.996200884444484],[-70.74692708333342,42.99692708333389],[-70.74677016402248,42.9970503770782]]},"properties":{"n":95.94525947620798,"e":0,"m":[-70.7469670060722,42.99664762416249],"length_m":99.9999999994755}},{"type":"Feature","id":406,"geometry":{"type":"LineString","coordinates":[[-70.74677016402248,42.9970503770782],[-70.74593202605442,42.9977089140531]]},"properties":{"n":132.85449028126257,"e":0,"m":[-70.74635109503845,42.99737964556565],"length_m":100.00000000014097}},{"type":"Feature","id":407,"geometry":{"type":"LineString","coordinates":[[-70.74593202605442,42.9977089140531],[-70.74546875000009,42.99807291666721],[-70.74567013198569,42.99844691178334]]},"properties":{"n":132.85449028126257,"e":0,"m":[-70.7455129570704,42.99803818254055],"length_m":99.99999999995717}},{"type":"Feature","id":408,"geometry":{"type":"LineString","coordinates":[[-70.74567013198569,42.99844691178334],[-70.74612039348744,42.99928311171515]]},"properties":{"n":68.568921884461,"e":0,"m":[-70.74589526273657,42.998865011749245],"length_m":99.99999999985651}},{"type":"Feature","id":409,"geometry":{"type":"LineString","coordinates":[[-70.74612039348744,42.99928311171515],[-70.74619791666676,42.99942708333388],[-70.74557291666676,42.99963541666722],[-70.74540421011814,42.99984461278749]]},"properties":{"n":155.426943256209,"e":0,"m":[-70.74583052279917,42.999549547956406],"length_m":99.9999999998042}},{"type":"Feature","id":410,"geometry":{"type":"LineString","coordinates":[[-70.74540421011814,42.99984461278749],[-70.74477968910655,43.000619018841874]]},"properties":{"n":120.45033049705606,"e":0,"m":[-70.74509194961234,43.000231815814686],"length_m":100.00000000044044}},{"type":"Feature","id":411,"geometry":{"type":"LineString","coordinates":[[-70.74477968910655,43.000619018841874],[-70.74427083333342,43.001250000000546],[-70.74409121207984,43.00114735928422]]},"properties":{"n":120.45033049976033,"e":0,"m":[-70.74446742860074,43.00100622186907],"length_m":99.99999999972393}},{"type":"Feature","id":412,"geometry":{"type":"LineString","coordinates":[[-70.74409121207984,43.00114735928422],[-70.74312136799816,43.00059316266611]]},"properties":{"n":218.09241373502525,"e":0,"m":[-70.743606290039,43.00087026097516],"length_m":99.99999999972889}},{"type":"Feature","id":413,"geometry":{"type":"LineString","coordinates":[[-70.74312136799816,43.00059316266611],[-70.7428125000001,43.00041666666721],[-70.74197972703529,43.00049597837815]]},"properties":{"n":172.5565955642011,"e":0,"m":[-70.7425906870619,43.00043779170894],"length_m":100.00000000064352}},{"type":"Feature","id":414,"geometry":{"type":"LineString","coordinates":[[-70.74197972703529,43.00049597837815],[-70.74171875000009,43.00052083333388],[-70.7412500000001,43.00104166666721],[-70.74128705157267,43.00112071002205]]},"properties":{"n":123.26774936461634,"e":0,"m":[-70.74152513449691,43.00073596167075],"length_m":100.00000000000216}},{"type":"Feature","id":415,"geometry":{"type":"LineString","coordinates":[[-70.74128705157267,43.00112071002205],[-70.74168551442227,43.00197076410121]]},"properties":{"n":71.13449476474003,"e":0,"m":[-70.74148628299747,43.00154573706163],"length_m":99.99999999967802}},{"type":"Feature","id":416,"geometry":{"type":"LineString","coordinates":[[-70.74168551442227,43.00197076410121],[-70.7420312500001,43.002708333333885],[-70.74204113765201,43.002826985156815]]},"properties":{"n":71.13449476141601,"e":0,"m":[-70.74188474584709,43.00239579114079],"length_m":100.0000000004654}},{"type":"Feature","id":417,"geometry":{"type":"LineString","coordinates":[[-70.74204113765201,43.002826985156815],[-70.7421158591732,43.003723643411064]]},"properties":{"n":86.52370311650272,"e":0,"m":[-70.7420784984126,43.00327531428394],"length_m":99.99999999979705}},{"type":"Feature","id":418,"geometry":{"type":"LineString","coordinates":[[-70.7421158591732,43.003723643411064],[-70.74219058069438,43.00462030166531]]},"properties":{"n":86.52370311650272,"e":0,"m":[-70.7421532199338,43.00417197253819],"length_m":99.99999999979705}},{"type":"Feature","id":419,"geometry":{"type":"LineString","coordinates":[[-70.74219058069438,43.00462030166531],[-70.74223958333343,43.00520833333387],[-70.74245573590281,43.00547436726541]]},"properties":{"n":86.52370311617916,"e":0,"m":[-70.74222794145498,43.00506863079244],"length_m":100.00000000045986}},{"type":"Feature","id":420,"geometry":{"type":"LineString","coordinates":[[-70.74245573590281,43.00547436726541],[-70.74291666666676,43.0060416666672],[-70.74282674252707,43.00627147280197]]},"properties":{"n":59.36229192476966,"e":0,"m":[-70.74276973183589,43.00586082379844],"length_m":99.99999999918444}},{"type":"Feature","id":421,"geometry":{"type":"LineString","coordinates":[[-70.74282674252707,43.00627147280197],[-70.74248871274308,43.00713532669441]]},"properties":{"n":105.92072440873095,"e":0,"m":[-70.74265772763508,43.00670339974819],"length_m":100.0000000003223}},{"type":"Feature","id":422,"geometry":{"type":"LineString","coordinates":[[-70.74248871274308,43.00713532669441],[-70.74215068295906,43.00799918058686]]},"properties":{"n":105.92072441386235,"e":0,"m":[-70.74231969785107,43.00756725364064],"length_m":100.00000000057777}},{"type":"Feature","id":423,"geometry":{"type":"LineString","coordinates":[[-70.74215068295906,43.00799918058686],[-70.74197916666677,43.00843750000054],[-70.7414237319144,43.00861603259951]]},"properties":{"n":127.08969232190084,"e":0,"m":[-70.74198166806707,43.00843110753307],"length_m":99.99999999978385}},{"type":"Feature","id":424,"geometry":{"type":"LineString","coordinates":[[-70.7414237319144,43.00861603259951],[-70.74052083333342,43.008906250000535],[-70.74041864493266,43.00906899449064]]},"properties":{"n":156.2055866805703,"e":0,"m":[-70.74085995330562,43.00879724715233],"length_m":99.99999999943157}},{"type":"Feature","id":425,"geometry":{"type":"LineString","coordinates":[[-70.74041864493266,43.00906899449064],[-70.7399057633867,43.009885805841606]]},"properties":{"n":114.5947297688826,"e":0,"m":[-70.74016220415969,43.009477400166126],"length_m":100.0000000002356}},{"type":"Feature","id":426,"geometry":{"type":"LineString","coordinates":[[-70.7399057633867,43.009885805841606],[-70.73939288184076,43.010702617192564]]},"properties":{"n":114.5947297688826,"e":0,"m":[-70.73964932261373,43.010294211517085],"length_m":100.0000000002356}},{"type":"Feature","id":427,"geometry":{"type":"LineString","coordinates":[[-70.73939288184076,43.010702617192564],[-70.73911458333343,43.01114583333386],[-70.7385609087822,43.011222732577096]]},"properties":{"n":118.1494256569254,"e":0,"m":[-70.73913644106779,43.01111102286805],"length_m":100.00000000021596}},{"type":"Feature","id":428,"geometry":{"type":"LineString","coordinates":[[-70.7385609087822,43.011222732577096],[-70.73735038025697,43.01139086153893]]},"properties":{"n":169.212841094931,"e":0,"m":[-70.73795564451959,43.01130679705801],"length_m":99.99999999994775}},{"type":"Feature","id":429,"geometry":{"type":"LineString","coordinates":[[-70.73735038025697,43.01139086153893],[-70.73723958333343,43.01140625000053],[-70.73648555659166,43.01200947139395]]},"properties":{"n":132.3401195473312,"e":0,"m":[-70.73690055370473,43.01167747370349],"length_m":99.99999999945379}},{"type":"Feature","id":430,"geometry":{"type":"LineString","coordinates":[[-70.73648555659166,43.01200947139395],[-70.73645833333343,43.01203125000054],[-70.73527416025539,43.01212993109038]]},"properties":{"n":173.4784422718542,"e":0,"m":[-70.73588632540387,43.012078917328004],"length_m":100.00000000022408}},{"type":"Feature","id":431,"geometry":{"type":"LineString","coordinates":[[-70.73527416025539,43.01212993109038],[-70.73404982995844,43.01223195861511]]},"properties":{"n":173.47844226655263,"e":0,"m":[-70.7346619951069,43.012180944852744],"length_m":100.00000000007365}},{"type":"Feature","id":432,"geometry":{"type":"LineString","coordinates":[[-70.73404982995844,43.01223195861511],[-70.73395833333343,43.012239583333866],[-70.73326013711073,43.01289670919054]]},"properties":{"n":127.75882656645872,"e":0,"m":[-70.73363743115213,43.01254160891626],"length_m":99.9999999999683}},{"type":"Feature","id":433,"geometry":{"type":"LineString","coordinates":[[-70.73326013711073,43.01289670919054],[-70.73307291666677,43.013072916667205],[-70.7329769454192,43.013744715400236]]},"properties":{"n":95.94525947620798,"e":0,"m":[-70.7330407653789,43.013297975682214],"length_m":99.99999999979984}},{"type":"Feature","id":434,"geometry":{"type":"LineString","coordinates":[[-70.7329769454192,43.013744715400236],[-70.73284930549976,43.01463819483628]]},"properties":{"n":95.94525947676068,"e":0,"m":[-70.73291312545948,43.01419145511826],"length_m":100.00000000057591}},{"type":"Feature","id":435,"geometry":{"type":"LineString","coordinates":[[-70.73284930549976,43.01463819483628],[-70.73276041666676,43.0152604166672],[-70.73254932383611,43.015485582353236]]},"properties":{"n":95.94525947620798,"e":0,"m":[-70.73278548554003,43.01508493455429],"length_m":99.99999999939595}},{"type":"Feature","id":436,"geometry":{"type":"LineString","coordinates":[[-70.73254932383611,43.015485582353236],[-70.73197916666678,43.01609375000053],[-70.73176636629769,43.01613935007961]]},"properties":{"n":124.34901706995659,"e":0,"m":[-70.73220167072016,43.01585641234358],"length_m":99.99999999962758}},{"type":"Feature","id":437,"geometry":{"type":"LineString","coordinates":[[-70.73176636629769,43.01613935007961],[-70.73058408478684,43.01639269611765]]},"properties":{"n":163.61891108660927,"e":0,"m":[-70.73117522554226,43.01626602309864],"length_m":100.00000000038288}},{"type":"Feature","id":438,"geometry":{"type":"LineString","coordinates":[[-70.73058408478684,43.01639269611765],[-70.73052083333343,43.01640625000053],[-70.7298580272767,43.01710587861598]]},"properties":{"n":124.62903047314605,"e":0,"m":[-70.73020816235169,43.01673629159237],"length_m":100.00000000020056}},{"type":"Feature","id":439,"geometry":{"type":"LineString","coordinates":[[-70.7298580272767,43.01710587861598],[-70.72958333333344,43.017395833333865],[-70.73017058259222,43.01773463098317]]},"properties":{"n":38.35892815637359,"e":0,"m":[-70.72968743395747,43.017455891386184],"length_m":100.00000000015362}},{"type":"Feature","id":440,"geometry":{"type":"LineString","coordinates":[[-70.73017058259222,43.01773463098317],[-70.7309375000001,43.01817708333387],[-70.73096209768933,43.0183615660031]]},"properties":{"n":38.358928152189364,"e":0,"m":[-70.730653731227,43.01801337058015],"length_m":100.00000000011207}},{"type":"Feature","id":441,"geometry":{"type":"LineString","coordinates":[[-70.73096209768933,43.0183615660031],[-70.73108131073192,43.01925566382257]]},"properties":{"n":84.44852771161293,"e":0,"m":[-70.73102170421063,43.01880861491283],"length_m":99.9999999995293}},{"type":"Feature","id":442,"geometry":{"type":"LineString","coordinates":[[-70.73108131073192,43.01925566382257],[-70.73120052377453,43.020149761642045]]},"properties":{"n":84.44852771640777,"e":0,"m":[-70.73114091725323,43.019702712732304],"length_m":100.00000000054634}},{"type":"Feature","id":443,"geometry":{"type":"LineString","coordinates":[[-70.73120052377453,43.020149761642045],[-70.7312500000001,43.020520833333855],[-70.73118718098954,43.02104432508862]]},"properties":{"n":94.99929332226229,"e":0,"m":[-70.73124087461726,43.02059687819094],"length_m":99.99999999921022}},{"type":"Feature","id":444,"geometry":{"type":"LineString","coordinates":[[-70.73118718098954,43.02104432508862],[-70.7310937500001,43.0218229166672],[-70.73099449348773,43.021914538063236]]},"properties":{"n":94.99929332711308,"e":0,"m":[-70.7311334873618,43.021491771986284],"length_m":99.99999999986157}},{"type":"Feature","id":445,"geometry":{"type":"LineString","coordinates":[[-70.73099449348773,43.021914538063236],[-70.73023075880114,43.02261952392778]]},"properties":{"n":128.2987155565827,"e":0,"m":[-70.73061262614443,43.0222670309955],"length_m":100.00000000013058}},{"type":"Feature","id":446,"geometry":{"type":"LineString","coordinates":[[-70.73023075880114,43.02261952392778],[-70.72973958333344,43.023072916667196],[-70.72969403160278,43.023391778781836]]},"properties":{"n":128.29871555327557,"e":0,"m":[-70.72984889145783,43.02297201686006],"length_m":100.00000000043502}},{"type":"Feature","id":447,"geometry":{"type":"LineString","coordinates":[[-70.72969403160278,43.023391778781836],[-70.72956639168333,43.024285258217866]]},"properties":{"n":95.94525947620798,"e":0,"m":[-70.72963021164306,43.02383851849984],"length_m":99.99999999964959}},{"type":"Feature","id":448,"geometry":{"type":"LineString","coordinates":[[-70.72956639168333,43.024285258217866],[-70.72943875176391,43.02517873765391]]},"properties":{"n":95.94525947145331,"e":0,"m":[-70.72950257172363,43.02473199793589],"length_m":100.00000000047945}},{"type":"Feature","id":449,"geometry":{"type":"LineString","coordinates":[[-70.72943875176391,43.02517873765391],[-70.72942708333343,43.025260416667194],[-70.72878121262829,43.02592712191122]]},"properties":{"n":125.22929330469732,"e":0,"m":[-70.7291366400075,43.02556022913269],"length_m":99.99999999988091}},{"type":"Feature","id":450,"geometry":{"type":"LineString","coordinates":[[-70.72878121262829,43.02592712191122],[-70.7280703578699,43.026660907468276]]},"properties":{"n":125.22929330033853,"e":0,"m":[-70.72842578524909,43.02629401468974],"length_m":99.99999999996304}},{"type":"Feature","id":451,"geometry":{"type":"LineString","coordinates":[[-70.7280703578699,43.026660907468276],[-70.72781250000011,43.02692708333386],[-70.72704695973992,43.02705467337722]]},"properties":{"n":167.12161728935226,"e":0,"m":[-70.7276476128022,43.026954564533504],"length_m":100.000000000228}},{"type":"Feature","id":452,"geometry":{"type":"LineString","coordinates":[[-70.72704695973992,43.02705467337722],[-70.72656250000011,43.02713541666719],[-70.7261098664005,43.02755787469348]]},"properties":{"n":127.9911821941,"e":0,"m":[-70.72648913281445,43.02720389270714],"length_m":99.99999999963921}},{"type":"Feature","id":453,"geometry":{"type":"LineString","coordinates":[[-70.7261098664005,43.02755787469348],[-70.72578125000011,43.02786458333385],[-70.72509078694554,43.02794130145103]]},"properties":{"n":171.33354651227975,"e":0,"m":[-70.72569990404348,43.02787362177348],"length_m":100.00000000046049}},{"type":"Feature","id":454,"geometry":{"type":"LineString","coordinates":[[-70.72509078694554,43.02794130145103],[-70.72390625000011,43.028072916667185],[-70.72388895555241,43.028094328840524]]},"properties":{"n":171.3335465114757,"e":0,"m":[-70.7244816698476,43.02800898112857],"length_m":99.99999999937603}},{"type":"Feature","id":455,"geometry":{"type":"LineString","coordinates":[[-70.72388895555241,43.028094328840524],[-70.72326372093214,43.028868428846586]]},"properties":{"n":120.48882588339455,"e":0,"m":[-70.72357633824228,43.02848137884355],"length_m":100.00000000012807}},{"type":"Feature","id":456,"geometry":{"type":"LineString","coordinates":[[-70.72326372093214,43.028868428846586],[-70.72281250000012,43.02942708333384],[-70.7224834504568,43.02949759395027]]},"properties":{"n":120.48882588610195,"e":0,"m":[-70.722951103622,43.02925547884962],"length_m":99.99999999981843}},{"type":"Feature","id":457,"geometry":{"type":"LineString","coordinates":[[-70.7224834504568,43.02949759395027],[-70.72135416666677,43.02973958333385],[-70.72133117590465,43.02977619825133]]},"properties":{"n":163.61891109172873,"e":0,"m":[-70.72189230970137,43.02962426696929],"length_m":100.00000000045445}},{"type":"Feature","id":458,"geometry":{"type":"LineString","coordinates":[[-70.72133117590465,43.02977619825133],[-70.7208182943587,43.030593009602285]]},"properties":{"n":114.5947297688826,"e":0,"m":[-70.72107473513167,43.030184603926806],"length_m":100.0000000002356}},{"type":"Feature","id":459,"geometry":{"type":"LineString","coordinates":[[-70.7208182943587,43.030593009602285],[-70.72030541281275,43.031409820953236]]},"properties":{"n":114.59472977110347,"e":0,"m":[-70.72056185358572,43.03100141527776],"length_m":99.99999999938876}},{"type":"Feature","id":460,"geometry":{"type":"LineString","coordinates":[[-70.72030541281275,43.031409820953236],[-70.71994791666678,43.031979166667185],[-70.71958116831998,43.03203010393757]]},"properties":{"n":114.5947297688826,"e":0,"m":[-70.72004897203978,43.03181822662872],"length_m":100.00000000001819}},{"type":"Feature","id":461,"geometry":{"type":"LineString","coordinates":[[-70.71958116831998,43.03203010393757],[-70.71837063979474,43.03219823289941]]},"properties":{"n":169.212841094931,"e":0,"m":[-70.71897590405736,43.03211416841849],"length_m":99.99999999994775}},{"type":"Feature","id":462,"geometry":{"type":"LineString","coordinates":[[-70.71837063979474,43.03219823289941],[-70.71807291666678,43.03223958333385],[-70.71747813634164,43.032760016118345]]},"properties":{"n":129.79791712022669,"e":0,"m":[-70.71787252410051,43.03241492682934],"length_m":99.99999999994031}},{"type":"Feature","id":463,"geometry":{"type":"LineString","coordinates":[[-70.71747813634164,43.032760016118345],[-70.71723958333345,43.032968750000514],[-70.71677213324465,43.03349463135042]]},"properties":{"n":122.94211216890876,"e":0,"m":[-70.71710719149782,43.0331176908156],"length_m":100.00000000069649}},{"type":"Feature","id":464,"geometry":{"type":"LineString","coordinates":[[-70.71677213324465,43.03349463135042],[-70.71640625000012,43.03390625000053],[-70.71634830140661,43.03431189015506]]},"properties":{"n":121.89717206843436,"e":0,"m":[-70.71643707499148,43.03387157188525],"length_m":99.99999999985279}},{"type":"Feature","id":465,"geometry":{"type":"LineString","coordinates":[[-70.71634830140661,43.03431189015506],[-70.71622066148717,43.03520536959109]]},"properties":{"n":95.94525947620798,"e":0,"m":[-70.71628448144689,43.03475862987307],"length_m":99.99999999964959}},{"type":"Feature","id":466,"geometry":{"type":"LineString","coordinates":[[-70.71622066148717,43.03520536959109],[-70.71609375000011,43.03609375000052],[-70.71608969320016,43.036097937664984]]},"properties":{"n":95.94525947620798,"e":0,"m":[-70.71615684152745,43.03565210930911],"length_m":99.99999999983297}},{"type":"Feature","id":467,"geometry":{"type":"LineString","coordinates":[[-70.71608969320016,43.036097937664984],[-70.71537883844177,43.03683172322204]]},"properties":{"n":125.22929330469732,"e":0,"m":[-70.71573426582096,43.03646483044351],"length_m":100.00000000050028}},{"type":"Feature","id":468,"geometry":{"type":"LineString","coordinates":[[-70.71537883844177,43.03683172322204],[-70.71466798368336,43.037565508779096]]},"properties":{"n":125.22929330469732,"e":0,"m":[-70.71502341106256,43.037198616000566],"length_m":99.99999999973952}},{"type":"Feature","id":469,"geometry":{"type":"LineString","coordinates":[[-70.71466798368336,43.037565508779096],[-70.71447916666679,43.037760416667176],[-70.7135969510959,43.03790745259567]]},"properties":{"n":167.12161728935226,"e":0,"m":[-70.71419760415817,43.03780734375194],"length_m":100.00000000029212}},{"type":"Feature","id":470,"geometry":{"type":"LineString","coordinates":[[-70.7135969510959,43.03790745259567],[-70.71354166666679,43.03791666666718],[-70.71302083333345,43.038541666667186],[-70.71300777847843,43.03866699327523]]},"properties":{"n":121.27758654751491,"e":0,"m":[-70.71325121330128,43.03826521070579],"length_m":99.99999999962556}},{"type":"Feature","id":471,"geometry":{"type":"LineString","coordinates":[[-70.71300777847843,43.03866699327523],[-70.71291447301107,43.0395627257619]]},"properties":{"n":94.34237775327564,"e":0,"m":[-70.71296112574476,43.039114859518556],"length_m":99.9999999999014}},{"type":"Feature","id":472,"geometry":{"type":"LineString","coordinates":[[-70.71291447301107,43.0395627257619],[-70.71282116754371,43.040458458248565]]},"properties":{"n":94.34237775327564,"e":0,"m":[-70.7128678202774,43.04001059200524],"length_m":99.9999999999014}},{"type":"Feature","id":473,"geometry":{"type":"LineString","coordinates":[[-70.71282116754371,43.040458458248565],[-70.71276041666678,43.04104166666717],[-70.71246466952273,43.04126916447029]]},"properties":{"n":94.34237774755086,"e":0,"m":[-70.71277451481004,43.04090632449191],"length_m":100.00000000032793}},{"type":"Feature","id":474,"geometry":{"type":"LineString","coordinates":[[-70.71246466952273,43.04126916447029],[-70.71208333333345,43.04156250000051],[-70.71242484857973,43.04198939405835]]},"properties":{"n":59.75033612076549,"e":0,"m":[-70.71211445028275,43.04160139618713],"length_m":99.99999999945618}},{"type":"Feature","id":475,"geometry":{"type":"LineString","coordinates":[[-70.71242484857973,43.04198939405835],[-70.71291666666679,43.042604166667175],[-70.71267448576472,43.04266471189269]]},"properties":{"n":59.75033611346782,"e":0,"m":[-70.7127352468767,43.04237739192958],"length_m":100.00000000079442}},{"type":"Feature","id":476,"geometry":{"type":"LineString","coordinates":[[-70.71267448576472,43.04266471189269],[-70.7115088258208,43.04295612687867]]},"properties":{"n":161.0705803092483,"e":0,"m":[-70.71209165579276,43.04281041938568],"length_m":99.99999999982956}},{"type":"Feature","id":477,"geometry":{"type":"LineString","coordinates":[[-70.7115088258208,43.04295612687867],[-70.71041666666679,43.043229166667174],[-70.71046482402436,43.043273619612634]]},"properties":{"n":161.07058030751722,"e":0,"m":[-70.71092599584884,43.04310183437166],"length_m":100.00000000001303}},{"type":"Feature","id":478,"geometry":{"type":"LineString","coordinates":[[-70.71046482402436,43.043273619612634],[-70.71109375000012,43.043854166667174],[-70.71111998427789,43.04401157233382]]},"properties":{"n":51.70128444672442,"e":0,"m":[-70.71084669136765,43.04362611254491],"length_m":99.99999999965456}},{"type":"Feature","id":479,"geometry":{"type":"LineString","coordinates":[[-70.71111998427789,43.04401157233382],[-70.71126860989555,43.04490332603977]]},"properties":{"n":83.07281326286858,"e":0,"m":[-70.71119429708673,43.044457449186794],"length_m":100.00000000029735}},{"type":"Feature","id":480,"geometry":{"type":"LineString","coordinates":[[-70.71126860989555,43.04490332603977],[-70.71130208333345,43.04510416666717],[-70.71192708333345,43.04552083333384],[-70.71195253924563,43.045597201070386]]},"properties":{"n":42.4439804688546,"e":0,"m":[-70.711551958405,43.0452707500482],"length_m":99.99999999969396}},{"type":"Feature","id":481,"geometry":{"type":"LineString","coordinates":[[-70.71195253924563,43.045597201070386],[-70.71224350947905,43.04647011177065]]},"properties":{"n":76.34241764180231,"e":0,"m":[-70.71209802436233,43.04603365642052],"length_m":100.00000000049955}},{"type":"Feature","id":482,"geometry":{"type":"LineString","coordinates":[[-70.71224350947905,43.04647011177065],[-70.71234375000012,43.04677083333384],[-70.71313833797878,43.04687677839766]]},"properties":{"n":10.36521325907883,"e":0,"m":[-70.71253224088261,43.0467959654515],"length_m":100.00000000004428}},{"type":"Feature","id":483,"geometry":{"type":"LineString","coordinates":[[-70.71313833797878,43.04687677839766],[-70.7143505321711,43.04703840428997]]},"properties":{"n":10.36521325907883,"e":0,"m":[-70.71374443507493,43.04695759134382],"length_m":99.99999999940015}},{"type":"Feature","id":484,"geometry":{"type":"LineString","coordinates":[[-70.7143505321711,43.04703840428997],[-70.71468750000011,43.047083333333845],[-70.71537447326229,43.04749551729114]]},"properties":{"n":39.45713653459371,"e":0,"m":[-70.71489874204943,43.047210078563424],"length_m":100.0000000003783}},{"type":"Feature","id":485,"geometry":{"type":"LineString","coordinates":[[-70.71537447326229,43.04749551729114],[-70.71598958333345,43.04786458333383],[-70.71603172644545,43.04818065667383]]},"properties":{"n":39.45713653798479,"e":0,"m":[-70.71585020447515,43.047780956018855],"length_m":99.9999999999473}},{"type":"Feature","id":486,"geometry":{"type":"LineString","coordinates":[[-70.71603172644545,43.04818065667383],[-70.71615093948805,43.049074754493304]]},"properties":{"n":84.44852771109672,"e":0,"m":[-70.71609133296674,43.04862770558357],"length_m":100.00000000045625}},{"type":"Feature","id":487,"geometry":{"type":"LineString","coordinates":[[-70.71615093948805,43.049074754493304],[-70.71627015253064,43.04996885231277]]},"properties":{"n":84.44852771161293,"e":0,"m":[-70.71621054600935,43.04952180340303],"length_m":99.9999999995293}},{"type":"Feature","id":488,"geometry":{"type":"LineString","coordinates":[[-70.71627015253064,43.04996885231277],[-70.71638936557324,43.05086295013225]]},"properties":{"n":84.44852771640777,"e":0,"m":[-70.71632975905194,43.05041590122251],"length_m":100.00000000036616}},{"type":"Feature","id":489,"geometry":{"type":"LineString","coordinates":[[-70.71638936557324,43.05086295013225],[-70.71640625000012,43.050989583333845],[-70.71708333333345,43.0515625000005],[-70.71707131280606,43.0515745205279]]},"properties":{"n":49.25482578324349,"e":0,"m":[-70.71669449225139,43.05123348062339],"length_m":100.00000000011332}},{"type":"Feature","id":490,"geometry":{"type":"LineString","coordinates":[[-70.71707131280606,43.0515745205279],[-70.71640625000012,43.05223958333384],[-70.71639555087208,43.05231447723008]]},"properties":{"n":126.09087520733554,"e":0,"m":[-70.71670835749357,43.051937475840376],"length_m":99.99999999906834}},{"type":"Feature","id":491,"geometry":{"type":"LineString","coordinates":[[-70.71639555087208,43.05231447723008],[-70.71626791095264,43.05320795666612]]},"properties":{"n":95.94525947676068,"e":0,"m":[-70.71633173091236,43.0527612169481],"length_m":100.00000000057591}},{"type":"Feature","id":492,"geometry":{"type":"LineString","coordinates":[[-70.71626791095264,43.05320795666612],[-70.71614027103321,43.05410143610216]]},"properties":{"n":95.94525947090061,"e":0,"m":[-70.71620409099293,43.05365469638414],"length_m":99.99999999955313}},{"type":"Feature","id":493,"geometry":{"type":"LineString","coordinates":[[-70.71614027103321,43.05410143610216],[-70.71609375000011,43.05442708333384],[-70.71563241265565,43.054888420678296]]},"properties":{"n":126.09087520419222,"e":0,"m":[-70.71599536796813,43.054525465365806],"length_m":100.00000000074635}},{"type":"Feature","id":494,"geometry":{"type":"LineString","coordinates":[[-70.71563241265565,43.054888420678296],[-70.71526041666678,43.05526041666716],[-70.71466134916487,43.05529369819505]]},"properties":{"n":144.30818989799945,"e":0,"m":[-70.71526945734315,43.05525137599078],"length_m":99.99999999925944}},{"type":"Feature","id":495,"geometry":{"type":"LineString","coordinates":[[-70.71466134916487,43.05529369819505],[-70.71343260804947,43.05536196159036]]},"properties":{"n":175.64184589280498,"e":0,"m":[-70.71404697860717,43.055327829892704],"length_m":100.00000000030684}},{"type":"Feature","id":496,"geometry":{"type":"LineString","coordinates":[[-70.71343260804947,43.05536196159036],[-70.71338541666678,43.055364583333834],[-70.71258153779725,43.054729942121035]]},"properties":{"n":227.28184590990207,"e":0,"m":[-70.71299953079046,43.055059936589366],"length_m":100.00000000009308}},{"type":"Feature","id":497,"geometry":{"type":"LineString","coordinates":[[-70.71258153779725,43.054729942121035],[-70.71239583333346,43.05458333333383],[-70.71185009686216,43.05515779277729]]},"properties":{"n":124.70338340119282,"e":0,"m":[-70.71220088957763,43.05478853728733],"length_m":100.00000000013421}},{"type":"Feature","id":498,"geometry":{"type":"LineString","coordinates":[[-70.71185009686216,43.05515779277729],[-70.71140625000012,43.055625000000504],[-70.71139937560741,43.05595497085087]]},"properties":{"n":124.70338339680598,"e":0,"m":[-70.71149930414671,43.055527048267244],"length_m":99.99999999973207}},{"type":"Feature","id":499,"geometry":{"type":"LineString","coordinates":[[-70.71139937560741,43.05595497085087],[-70.71138066294907,43.056853178450396]]},"properties":{"n":90.87007531644221,"e":0,"m":[-70.71139001927824,43.05640407465064],"length_m":100.00000000050214}},{"type":"Feature","id":500,"geometry":{"type":"LineString","coordinates":[[-70.71138066294907,43.056853178450396],[-70.71136195029074,43.05775138604992]]},"properties":{"n":90.8700753110257,"e":0,"m":[-70.7113713066199,43.057302282250156],"length_m":99.99999999955679}},{"type":"Feature","id":501,"geometry":{"type":"LineString","coordinates":[[-70.71136195029074,43.05775138604992],[-70.71135416666678,43.05812500000049],[-70.71186156508207,43.05849709217171]]},"properties":{"n":45.17101699296055,"e":0,"m":[-70.71142718209487,43.05817854464775],"length_m":100.00000000011522}},{"type":"Feature","id":502,"geometry":{"type":"LineString","coordinates":[[-70.71186156508207,43.05849709217171],[-70.7127303310565,43.05913418721963]]},"properties":{"n":45.17101698919864,"e":0,"m":[-70.7122959480693,43.058815639695666],"length_m":100.00000000022678}},{"type":"Feature","id":503,"geometry":{"type":"LineString","coordinates":[[-70.7127303310565,43.05913418721963],[-70.71291666666679,43.05927083333383],[-70.7123464515954,43.059841048405225]]},"properties":{"n":126.09087520419222,"e":0,"m":[-70.71270940690788,43.05947809309274],"length_m":99.9999999992637}},{"type":"Feature","id":504,"geometry":{"type":"LineString","coordinates":[[-70.7123464515954,43.059841048405225],[-70.71162054097042,43.0605669590302]]},"properties":{"n":126.09087520419222,"e":0,"m":[-70.71198349628291,43.060204003717715],"length_m":100.0000000002637}},{"type":"Feature","id":505,"geometry":{"type":"LineString","coordinates":[[-70.71162054097042,43.0605669590302],[-70.71125000000012,43.06093750000049],[-70.7118057924034,43.061108513047664]]},"properties":{"n":89.26123830281949,"e":0,"m":[-70.71125758565793,43.06092991434267],"length_m":99.99999999984647}},{"type":"Feature","id":506,"geometry":{"type":"LineString","coordinates":[[-70.7118057924034,43.061108513047664],[-70.71260416666678,43.06135416666716],[-70.71269052086195,43.0616132292527]]},"properties":{"n":22.884251190397887,"e":0,"m":[-70.71237344865305,43.06128317650909],"length_m":100.00000000023607}},{"type":"Feature","id":507,"geometry":{"type":"LineString","coordinates":[[-70.71269052086195,43.0616132292527],[-70.71291666666679,43.06229166666716],[-70.71280665032532,43.062475027236275]]},"properties":{"n":76.34241763787706,"e":0,"m":[-70.71283600597867,43.06204968460282],"length_m":99.99999999964892}},{"type":"Feature","id":508,"geometry":{"type":"LineString","coordinates":[[-70.71280665032532,43.062475027236275],[-70.71260416666678,43.06281250000049],[-70.71193437415728,43.063018590003416]]},"properties":{"n":157.11574880752707,"e":0,"m":[-70.71250203040694,43.06284392654199],"length_m":100.00000000016652}},{"type":"Feature","id":509,"geometry":{"type":"LineString","coordinates":[[-70.71193437415728,43.063018590003416],[-70.71125000000012,43.06322916666715],[-70.71153832672424,43.06351749339127]]},"properties":{"n":157.1157488096021,"e":0,"m":[-70.71136671790764,43.06319325346484],"length_m":99.99999999997235}},{"type":"Feature","id":510,"geometry":{"type":"LineString","coordinates":[[-70.71153832672424,43.06351749339127],[-70.71208333333345,43.06406250000048],[-70.71190242931769,43.06424340401624]]},"properties":{"n":53.90912479580779,"e":0,"m":[-70.71190128203672,43.063880448703756],"length_m":100.0000000002637}},{"type":"Feature","id":511,"geometry":{"type":"LineString","coordinates":[[-70.71190242931769,43.06424340401624],[-70.71125000000012,43.06489583333382],[-70.71131992433727,43.064971136466134]]},"properties":{"n":126.09087520419222,"e":0,"m":[-70.7115394740052,43.06460635932873],"length_m":100.00000000004684}},{"type":"Feature","id":512,"geometry":{"type":"LineString","coordinates":[[-70.71131992433727,43.064971136466134],[-70.71192708333345,43.06562500000049],[-70.7119432967902,43.065733089712104]]},"properties":{"n":55.90595079324617,"e":0,"m":[-70.71166531026658,43.06534309054386],"length_m":99.99999999949944}},{"type":"Feature","id":513,"geometry":{"type":"LineString","coordinates":[[-70.7119432967902,43.065733089712104],[-70.71207724507663,43.06662607828826]]},"properties":{"n":83.75976756248551,"e":0,"m":[-70.7120102709334,43.06617958400018],"length_m":100.0000000002794}},{"type":"Feature","id":514,"geometry":{"type":"LineString","coordinates":[[-70.71207724507663,43.06662607828826],[-70.71208333333345,43.066666666667146],[-70.71205271938992,43.06752385708627]]},"properties":{"n":91.49133546516079,"e":0,"m":[-70.71206875522726,43.06707485364028],"length_m":100.0000000001347}},{"type":"Feature","id":515,"geometry":{"type":"LineString","coordinates":[[-70.71205271938992,43.06752385708627],[-70.71203125000012,43.068125000000485],[-70.7118303254817,43.068383331524174]]},"properties":{"n":91.4913354650219,"e":0,"m":[-70.71203668355255,43.06797286053226],"length_m":100.00000000034156}},{"type":"Feature","id":516,"geometry":{"type":"LineString","coordinates":[[-70.7118303254817,43.068383331524174],[-70.71130208333345,43.069062500000484],[-70.71130208333345,43.0691800741975]]},"properties":{"n":119.55217869106065,"e":0,"m":[-70.7115264293949,43.06877405506435],"length_m":100.00000000010107}},{"type":"Feature","id":517,"geometry":{"type":"LineString","coordinates":[[-70.71130208333345,43.0691800741975],[-70.71130208333345,43.07007838537249]]},"properties":{"n":90.0,"e":0,"m":[-70.71130208333345,43.069629229784994],"length_m":100.0}},{"type":"Feature","id":518,"geometry":{"type":"LineString","coordinates":[[-70.71130208333345,43.07007838537249],[-70.71130208333345,43.07010416666716],[-70.71195597474842,43.07083498648388]]},"properties":{"n":56.88619899527929,"e":0,"m":[-70.71161936853095,43.07045877953494],"length_m":99.99999999918508}},{"type":"Feature","id":519,"geometry":{"type":"LineString","coordinates":[[-70.71195597474842,43.07083498648388],[-70.71218750000011,43.07109375000048],[-70.71296318173627,43.07125996751537]]},"properties":{"n":16.38108890827127,"e":0,"m":[-70.71237204098085,43.07113329449635],"length_m":100.00000000079149}},{"type":"Feature","id":520,"geometry":{"type":"LineString","coordinates":[[-70.71296318173627,43.07125996751537],[-70.71364583333346,43.07140625000048],[-70.71392806236061,43.07172529150942]]},"properties":{"n":16.381088909776178,"e":0,"m":[-70.71355432249169,43.07138664053439],"length_m":99.99999999937886}},{"type":"Feature","id":521,"geometry":{"type":"LineString","coordinates":[[-70.71392806236061,43.07172529150942],[-70.7145959050007,43.072480244059115]]},"properties":{"n":57.18377598318415,"e":0,"m":[-70.71426198368066,43.072102767784266],"length_m":100.0000000001117}},{"type":"Feature","id":522,"geometry":{"type":"LineString","coordinates":[[-70.7145959050007,43.072480244059115],[-70.71484375000011,43.072760416667144],[-70.71561792136737,43.072786222379385]]},"properties":{"n":2.6181234457865994,"e":0,"m":[-70.71500241237435,43.07276570541295],"length_m":99.99999999989143}},{"type":"Feature","id":523,"geometry":{"type":"LineString","coordinates":[[-70.71561792136737,43.072786222379385],[-70.71684893935341,43.07282725631225]]},"properties":{"n":2.6181234511171145,"e":0,"m":[-70.71623343036039,43.072806739345815],"length_m":99.99999999995373}},{"type":"Feature","id":524,"geometry":{"type":"LineString","coordinates":[[-70.71684893935341,43.07282725631225],[-70.71796875000011,43.07286458333382],[-70.71806471700953,43.072823454615495]]},"properties":{"n":2.618123451360862,"e":0,"m":[-70.71746444834645,43.07284777327869],"length_m":100.00000000038345}},{"type":"Feature","id":525,"geometry":{"type":"LineString","coordinates":[[-70.71806471700953,43.072823454615495],[-70.71912703101991,43.072368177182476]]},"properties":{"n":329.5481003454543,"e":0,"m":[-70.71859587401472,43.072595815898985],"length_m":100.0000000003063}},{"type":"Feature","id":526,"geometry":{"type":"LineString","coordinates":[[-70.71912703101991,43.072368177182476],[-70.71979166666678,43.072083333333815],[-70.72012116673417,43.07231869052482]]},"properties":{"n":329.5481003408543,"e":0,"m":[-70.7196581880251,43.07214053846596],"length_m":99.99999999990358}},{"type":"Feature","id":527,"geometry":{"type":"LineString","coordinates":[[-70.72012116673417,43.07231869052482],[-70.72088541666677,43.07286458333382],[-70.72104588452707,43.07288241309607]]},"properties":{"n":44.41712288059966,"e":0,"m":[-70.72056126175836,43.07263304411352],"length_m":99.99999999945123}},{"type":"Feature","id":528,"geometry":{"type":"LineString","coordinates":[[-70.72104588452707,43.07288241309607],[-70.72226411872295,43.073017772451166]]},"properties":{"n":8.666453487720247,"e":0,"m":[-70.72165500162501,43.07295009277362],"length_m":100.00000000009801}},{"type":"Feature","id":529,"geometry":{"type":"LineString","coordinates":[[-70.72226411872295,43.073017772451166],[-70.72276041666677,43.07307291666715],[-70.72319059765964,43.07350309766001]]},"properties":{"n":53.90912479580779,"e":0,"m":[-70.72282764234714,43.07314014234752],"length_m":100.00000000029058}},{"type":"Feature","id":530,"geometry":{"type":"LineString","coordinates":[[-70.72319059765964,43.07350309766001],[-70.7235937500001,43.07390625000048],[-70.72361592137825,43.07430533480716]]},"properties":{"n":53.9091248001198,"e":0,"m":[-70.72355355297212,43.073866052972484],"length_m":99.9999999994415}},{"type":"Feature","id":531,"geometry":{"type":"LineString","coordinates":[[-70.72361592137825,43.07430533480716],[-70.72366578667913,43.07520291022302]]},"properties":{"n":87.68088809953538,"e":0,"m":[-70.7236408540287,43.07475412251509],"length_m":99.99999999998664}},{"type":"Feature","id":532,"geometry":{"type":"LineString","coordinates":[[-70.72366578667913,43.07520291022302],[-70.72369791666678,43.075781250000475],[-70.72347930018837,43.07605816420646]]},"properties":{"n":87.68088810465117,"e":0,"m":[-70.72369071932958,43.07565169793096],"length_m":100.00000000025692}},{"type":"Feature","id":533,"geometry":{"type":"LineString","coordinates":[[-70.72347930018837,43.07605816420646],[-70.72291666666678,43.07677083333381],[-70.72301278057681,43.07680040684459]]},"properties":{"n":119.92049346546831,"e":0,"m":[-70.72317196486469,43.07644745561645],"length_m":100.00000000012326}},{"type":"Feature","id":534,"geometry":{"type":"LineString","coordinates":[[-70.72301278057681,43.07680040684459],[-70.72414809307611,43.077149733767456]]},"properties":{"n":22.884251192472938,"e":0,"m":[-70.72358043682647,43.07697507030603],"length_m":99.9999999999829}},{"type":"Feature","id":535,"geometry":{"type":"LineString","coordinates":[[-70.72414809307611,43.077149733767456],[-70.72427083333343,43.07718750000048],[-70.72453034635896,43.077966039077026]]},"properties":{"n":76.34241763787706,"e":0,"m":[-70.72438486124226,43.07752958372691],"length_m":99.99999999980066}},{"type":"Feature","id":536,"geometry":{"type":"LineString","coordinates":[[-70.72453034635896,43.077966039077026],[-70.72458333333344,43.078125000000476],[-70.72401547995456,43.078732015681354]]},"properties":{"n":124.29157855763339,"e":0,"m":[-70.72436262292365,43.07836093181784],"length_m":100.00000000032352}},{"type":"Feature","id":537,"geometry":{"type":"LineString","coordinates":[[-70.72401547995456,43.078732015681354],[-70.72332119401638,43.079474183408365]]},"properties":{"n":124.29157855623119,"e":0,"m":[-70.72366833698548,43.07910309954485],"length_m":100.00000000009382}},{"type":"Feature","id":538,"geometry":{"type":"LineString","coordinates":[[-70.72332119401638,43.079474183408365],[-70.72307291666678,43.07973958333381],[-70.72297743971944,43.08031244501784]]},"properties":{"n":96.92718674242855,"e":0,"m":[-70.72305175252828,43.07986656816486],"length_m":99.99999999960575}},{"type":"Feature","id":539,"geometry":{"type":"LineString","coordinates":[[-70.72297743971944,43.08031244501784],[-70.72282881410177,43.08120419872379]]},"properties":{"n":96.92718673713142,"e":0,"m":[-70.72290312691061,43.08075832187081],"length_m":100.00000000029735}},{"type":"Feature","id":540,"geometry":{"type":"LineString","coordinates":[[-70.72282881410177,43.08120419872379],[-70.72276041666677,43.08161458333381],[-70.72214108974397,43.08179153388318]]},"properties":{"n":153.17858277014767,"e":0,"m":[-70.72271475253544,43.081627630228475],"length_m":99.99999999966877}},{"type":"Feature","id":541,"geometry":{"type":"LineString","coordinates":[[-70.72214108974397,43.08179153388318],[-70.72099376416101,43.082119341192595]]},"properties":{"n":158.5976422864954,"e":0,"m":[-70.72156742695248,43.081955437537886],"length_m":100.00000000003567}},{"type":"Feature","id":542,"geometry":{"type":"LineString","coordinates":[[-70.72099376416101,43.082119341192595],[-70.72057291666678,43.0822395833338],[-70.72004737045042,43.082660020306896]]},"properties":{"n":132.34011955486943,"e":0,"m":[-70.72046236756348,43.082328022616444],"length_m":100.00000000043241}},{"type":"Feature","id":543,"geometry":{"type":"LineString","coordinates":[[-70.72004737045042,43.082660020306896],[-70.71979166666678,43.08286458333381],[-70.71893951041528,43.082843279427514]]},"properties":{"n":181.96419058412351,"e":0,"m":[-70.71955530054183,43.08285867418068],"length_m":100.0000000002257}},{"type":"Feature","id":544,"geometry":{"type":"LineString","coordinates":[[-70.71893951041528,43.082843279427514],[-70.71770833333345,43.08281250000047],[-70.71770816215144,43.082812233717355]]},"properties":{"n":181.96419058412351,"e":0,"m":[-70.71832372028875,43.08282788467435],"length_m":99.99999999975273}},{"type":"Feature","id":545,"geometry":{"type":"LineString","coordinates":[[-70.71770816215144,43.082812233717355],[-70.71718524693229,43.08199881004312]]},"properties":{"n":244.89114575094789,"e":0,"m":[-70.71744670454186,43.08240552188024],"length_m":99.99999999966671}},{"type":"Feature","id":546,"geometry":{"type":"LineString","coordinates":[[-70.71718524693229,43.08199881004312],[-70.71677083333344,43.08135416666714],[-70.71652498112951,43.08130294745799]]},"properties":{"n":244.89114575094789,"e":0,"m":[-70.7169237893227,43.081592098205995],"length_m":100.00000000006608}},{"type":"Feature","id":547,"geometry":{"type":"LineString","coordinates":[[-70.71652498112951,43.08130294745799],[-70.71552083333344,43.08109375000047],[-70.71541011605316,43.08098303272019]]},"properties":{"n":195.9495074794878,"e":0,"m":[-70.71593254822976,43.0811795239372],"length_m":100.000000000293}},{"type":"Feature","id":548,"geometry":{"type":"LineString","coordinates":[[-70.71541011605316,43.08098303272019],[-70.71473958333345,43.08031250000047],[-70.71472824505697,43.080244470341526]]},"properties":{"n":233.9091248001198,"e":0,"m":[-70.71504716074068,43.080620077407694],"length_m":100.00000000014255}},{"type":"Feature","id":549,"geometry":{"type":"LineString","coordinates":[[-70.71472824505697,43.080244470341526],[-70.7145796194393,43.079352716635576]]},"properties":{"n":263.072813262225,"e":0,"m":[-70.71465393224813,43.07979859348855],"length_m":99.99999999937282}},{"type":"Feature","id":550,"geometry":{"type":"LineString","coordinates":[[-70.7145796194393,43.079352716635576],[-70.71453125000012,43.079062500000475],[-70.71406250000013,43.078750000000475],[-70.71396661680079,43.07887464815962]]},"properties":{"n":222.4439804688546,"e":0,"m":[-70.71437251588647,43.07895667725805],"length_m":99.99999999977523}},{"type":"Feature","id":551,"geometry":{"type":"LineString","coordinates":[[-70.71396661680079,43.07887464815962],[-70.71354166666679,43.079427083333805],[-70.71318673055211,43.07948412663795]]},"properties":{"n":119.28131523240131,"e":0,"m":[-70.71366525799493,43.07926641460721],"length_m":100.00000000004967}},{"type":"Feature","id":552,"geometry":{"type":"LineString","coordinates":[[-70.71318673055211,43.07948412663795],[-70.71198332568804,43.07967753099111]]},"properties":{"n":167.56700519191682,"e":0,"m":[-70.71258502812007,43.07958082881453],"length_m":100.00000000007913}},{"type":"Feature","id":553,"geometry":{"type":"LineString","coordinates":[[-70.71198332568804,43.07967753099111],[-70.71077992082395,43.07987093534426]]},"properties":{"n":167.5670051867059,"e":0,"m":[-70.71138162325599,43.07977423316768],"length_m":99.99999999987863}},{"type":"Feature","id":554,"geometry":{"type":"LineString","coordinates":[[-70.71077992082395,43.07987093534426],[-70.71062500000012,43.07989583333381],[-70.71015570545214,43.08059977515579]]},"properties":{"n":115.91878251050957,"e":0,"m":[-70.71042502349611,43.08019579808981],"length_m":100.00000000031378}},{"type":"Feature","id":555,"geometry":{"type":"LineString","coordinates":[[-70.71015570545214,43.08059977515579],[-70.70979166666679,43.0811458333338],[-70.70939623565603,43.08118702406409]]},"properties":{"n":115.91878251764129,"e":0,"m":[-70.70988638740815,43.08100375222177],"length_m":99.99999999975302}},{"type":"Feature","id":556,"geometry":{"type":"LineString","coordinates":[[-70.70939623565603,43.08118702406409],[-70.7081763232662,43.08131409827136]]},"properties":{"n":171.8677184815029,"e":0,"m":[-70.70878627946111,43.08125056116773],"length_m":100.00000000080837}},{"type":"Feature","id":557,"geometry":{"type":"LineString","coordinates":[[-70.7081763232662,43.08131409827136],[-70.70729166666679,43.08140625000047],[-70.7071158388459,43.081617243385544]]},"properties":{"n":171.8677184815029,"e":0,"m":[-70.7075663670713,43.081377635375],"length_m":99.99999999953236}},{"type":"Feature","id":558,"geometry":{"type":"LineString","coordinates":[[-70.7071158388459,43.081617243385544],[-70.70677083333345,43.082031250000476],[-70.70621732546878,43.082123501311244]]},"properties":{"n":125.83809204359467,"e":0,"m":[-70.70679594200396,43.082001119595866],"length_m":100.00000000003917}},{"type":"Feature","id":559,"geometry":{"type":"LineString","coordinates":[[-70.70621732546878,43.082123501311244],[-70.70552083333345,43.0822395833338],[-70.7053088818228,43.08258400453861]]},"properties":{"n":167.12161729054156,"e":0,"m":[-70.7056166724065,43.082223610154955],"length_m":100.00000000055661}},{"type":"Feature","id":560,"geometry":{"type":"LineString","coordinates":[[-70.7053088818228,43.08258400453861],[-70.70510416666679,43.082916666667145],[-70.70467288424945,43.08248538424979]]},"properties":{"n":233.90912479580777,"e":0,"m":[-70.70503583956192,43.08284833956228],"length_m":99.99999999932058}},{"type":"Feature","id":561,"geometry":{"type":"LineString","coordinates":[[-70.70467288424945,43.08248538424979],[-70.70442708333346,43.0822395833338],[-70.70362726391741,43.082125323417216]]},"properties":{"n":191.0878281132576,"e":0,"m":[-70.7042319146892,43.08221170209891],"length_m":99.99999999994407}},{"type":"Feature","id":562,"geometry":{"type":"LineString","coordinates":[[-70.70362726391741,43.082125323417216],[-70.70241796237381,43.08195256605385]]},"properties":{"n":191.08782811952028,"e":0,"m":[-70.70302261314562,43.08203894473554],"length_m":100.00000000041186}},{"type":"Feature","id":563,"geometry":{"type":"LineString","coordinates":[[-70.70241796237381,43.08195256605385],[-70.70223958333347,43.0819270833338],[-70.7016207487652,43.081308248765545]]},"properties":{"n":233.90912479266444,"e":0,"m":[-70.70198370407769,43.08167120407803],"length_m":99.99999999943829}},{"type":"Feature","id":564,"geometry":{"type":"LineString","coordinates":[[-70.7016207487652,43.081308248765545],[-70.70140625000013,43.08109375000048],[-70.70133616065418,43.08046294588697]]},"properties":{"n":265.3693502878223,"e":0,"m":[-70.70138590392854,43.08091063535623],"length_m":100.00000000060761}},{"type":"Feature","id":565,"geometry":{"type":"LineString","coordinates":[[-70.70133616065418,43.08046294588697],[-70.70123667410546,43.07956756694846]]},"properties":{"n":265.36935028250366,"e":0,"m":[-70.70128641737982,43.08001525641772],"length_m":99.99999999928143}},{"type":"Feature","id":566,"geometry":{"type":"LineString","coordinates":[[-70.70123667410546,43.07956756694846],[-70.7011979166668,43.07921875000047],[-70.7007747726832,43.07876538144662]]},"properties":{"n":235.76977587070542,"e":0,"m":[-70.70112137034042,43.07913673607935],"length_m":100.00000000035556}},{"type":"Feature","id":567,"geometry":{"type":"LineString","coordinates":[[-70.7007747726832,43.07876538144662],[-70.70046875000013,43.078437500000476],[-70.70038573765098,43.077939425905534]]},"properties":{"n":263.07281325757145,"e":0,"m":[-70.70046005045981,43.07838530275851],"length_m":100.00000000042442}},{"type":"Feature","id":568,"geometry":{"type":"LineString","coordinates":[[-70.70038573765098,43.077939425905534],[-70.7002604166668,43.07718750000048],[-70.7001352342691,43.077080200802456]]},"properties":{"n":263.0728132628686,"e":0,"m":[-70.70031142484214,43.077493549052555],"length_m":99.99999999981546}},{"type":"Feature","id":569,"geometry":{"type":"LineString","coordinates":[[-70.7001352342691,43.077080200802456],[-70.69933688182168,43.07639589870466]]},"properties":{"n":229.62005285200897,"e":0,"m":[-70.69973605804537,43.076738049753565],"length_m":100.0000000004157}},{"type":"Feature","id":570,"geometry":{"type":"LineString","coordinates":[[-70.69933688182168,43.07639589870466],[-70.69880208333346,43.07593750000048],[-70.69880208333346,43.07564094743459]]},"properties":{"n":229.62005284855195,"e":0,"m":[-70.69893770559797,43.07605374765577],"length_m":99.99999999927223}},{"type":"Feature","id":571,"geometry":{"type":"LineString","coordinates":[[-70.69880208333346,43.07564094743459],[-70.69880208333346,43.07489583333381],[-70.69895970378886,43.07479450589821]]},"properties":{"n":270.0,"e":0,"m":[-70.69880208333346,43.0751917918471],"length_m":100.00000000026324}},{"type":"Feature","id":572,"geometry":{"type":"LineString","coordinates":[[-70.69895970378886,43.07479450589821],[-70.69953125000013,43.07442708333381],[-70.69953125000013,43.074084278784724]]},"properties":{"n":318.59182619320154,"e":0,"m":[-70.69942182820347,43.074497425917386],"length_m":100.00000000029246}},{"type":"Feature","id":573,"geometry":{"type":"LineString","coordinates":[[-70.69953125000013,43.074084278784724],[-70.69953125000013,43.07390625000048],[-70.69877688202715,43.07344105641713]]},"properties":{"n":220.22935227941497,"e":0,"m":[-70.69924729279165,43.073731143055255],"length_m":99.99999999958604}},{"type":"Feature","id":574,"geometry":{"type":"LineString","coordinates":[[-70.69877688202715,43.07344105641713],[-70.69783606049809,43.07286088314089]]},"properties":{"n":220.22935228286124,"e":0,"m":[-70.69830647126263,43.073150969779],"length_m":100.00000000065106}},{"type":"Feature","id":575,"geometry":{"type":"LineString","coordinates":[[-70.69783606049809,43.07286088314089],[-70.69689523896906,43.07228070986466]]},"properties":{"n":220.22935228348888,"e":0,"m":[-70.69736564973358,43.072570796502774],"length_m":99.99999999933854}},{"type":"Feature","id":576,"geometry":{"type":"LineString","coordinates":[[-70.69689523896906,43.07228070986466],[-70.69640625000014,43.07197916666715],[-70.69637036474967,43.07154854366154]]},"properties":{"n":233.79315454111332,"e":0,"m":[-70.69642482820454,43.07199062322653],"length_m":100.00000000049593}},{"type":"Feature","id":577,"geometry":{"type":"LineString","coordinates":[[-70.69637036474967,43.07154854366154],[-70.69630208333346,43.07072916666715],[-70.6963817425722,43.07067795715653]]},"properties":{"n":266.5237031165027,"e":0,"m":[-70.69633300398908,43.07110021453442],"length_m":99.99999999983304}},{"type":"Feature","id":578,"geometry":{"type":"LineString","coordinates":[[-70.6963817425722,43.07067795715653],[-70.69703125000014,43.070260416667146],[-70.69703125000014,43.06999338547034]]},"properties":{"n":318.59182618967213,"e":0,"m":[-70.69684386698681,43.07038087717571],"length_m":99.99999999978911}},{"type":"Feature","id":579,"geometry":{"type":"LineString","coordinates":[[-70.69703125000014,43.06999338547034],[-70.69703125000014,43.06973958333381],[-70.69641502240563,43.069277412637945]]},"properties":{"n":225.8147080699757,"e":0,"m":[-70.696844468776,43.069599497415716],"length_m":100.00000000026263}},{"type":"Feature","id":580,"geometry":{"type":"LineString","coordinates":[[-70.69641502240563,43.069277412637945],[-70.6955729166668,43.06864583333382],[-70.69556919943818,43.06862848626688]]},"properties":{"n":225.81470806614925,"e":0,"m":[-70.69598557603527,43.068955327860174],"length_m":99.99999999920558}},{"type":"Feature","id":581,"geometry":{"type":"LineString","coordinates":[[-70.69556919943818,43.06862848626688],[-70.69537901058209,43.06774093827181]]},"properties":{"n":261.1217143780665,"e":0,"m":[-70.69547410501013,43.06818471226934],"length_m":100.0000000004447}},{"type":"Feature","id":582,"geometry":{"type":"LineString","coordinates":[[-70.69537901058209,43.06774093827181],[-70.6952604166668,43.067187500000486],[-70.69501095242438,43.066902398009155]]},"properties":{"n":261.12171437724294,"e":0,"m":[-70.69528391615404,43.06729716427428],"length_m":100.00000000004961}},{"type":"Feature","id":583,"geometry":{"type":"LineString","coordinates":[[-70.69501095242438,43.066902398009155],[-70.69434826148046,43.06614503693038]]},"properties":{"n":237.46833276646169,"e":0,"m":[-70.69467960695242,43.06652371746977],"length_m":100.00000000024811}},{"type":"Feature","id":584,"geometry":{"type":"LineString","coordinates":[[-70.69434826148046,43.06614503693038],[-70.69380208333347,43.06552083333382],[-70.6935868243978,43.06550289508918]]},"properties":{"n":237.46833276933128,"e":0,"m":[-70.6940169160085,43.065766356390995],"length_m":100.00000000004033}},{"type":"Feature","id":585,"geometry":{"type":"LineString","coordinates":[[-70.6935868243978,43.06550289508918],[-70.69236249410085,43.065400867564435]]},"properties":{"n":186.52155773405343,"e":0,"m":[-70.69297465924933,43.065451881326815],"length_m":99.99999999935991}},{"type":"Feature","id":586,"geometry":{"type":"LineString","coordinates":[[-70.69236249410085,43.065400867564435],[-70.6911381638039,43.06529884003969]]},"properties":{"n":186.5215577281458,"e":0,"m":[-70.69175032895238,43.06534985380206],"length_m":100.00000000017943}},{"type":"Feature","id":587,"geometry":{"type":"LineString","coordinates":[[-70.6911381638039,43.06529884003969],[-70.69067708333347,43.06526041666715],[-70.6900839398548,43.06490453057995]]},"properties":{"n":219.45713653798478,"e":0,"m":[-70.69055967106766,43.06518996930767],"length_m":99.99999999995353}},{"type":"Feature","id":588,"geometry":{"type":"LineString","coordinates":[[-70.6900839398548,43.06490453057995],[-70.6896354166668,43.064635416667166],[-70.6889840255355,43.064635416667166]]},"properties":{"n":188.13800807153652,"e":0,"m":[-70.68960017768609,43.064635416667166],"length_m":100.00000000024724}},{"type":"Feature","id":589,"geometry":{"type":"LineString","coordinates":[[-70.6889840255355,43.064635416667166],[-70.68775172123433,43.064635416667166]]},"properties":{"n":180.0,"e":0,"m":[-70.68836787338492,43.064635416667166],"length_m":100.0}},{"type":"Feature","id":590,"geometry":{"type":"LineString","coordinates":[[-70.68775172123433,43.064635416667166],[-70.68703125000015,43.064635416667166],[-70.68662842882168,43.06486560019772]]},"properties":{"n":180.0,"e":0,"m":[-70.68713556908375,43.064635416667166],"length_m":100.00000000023408}},{"type":"Feature","id":591,"geometry":{"type":"LineString","coordinates":[[-70.68662842882168,43.06486560019772],[-70.68565858473998,43.06541979681583]]},"properties":{"n":141.90758626497475,"e":0,"m":[-70.68614350678082,43.065142698506776],"length_m":99.99999999972889}},{"type":"Feature","id":592,"geometry":{"type":"LineString","coordinates":[[-70.68565858473998,43.06541979681583],[-70.68557291666681,43.0654687500005],[-70.68531250000015,43.06609375000048],[-70.6850908199594,43.066130696673945]]},"properties":{"n":106.89547302347974,"e":0,"m":[-70.685425481652,43.06582259403604],"length_m":100.00000000021265}},{"type":"Feature","id":593,"geometry":{"type":"LineString","coordinates":[[-70.6850908199594,43.066130696673945],[-70.68406250000015,43.06630208333382],[-70.68395327248314,43.06640402901636]]},"properties":{"n":167.1216172945541,"e":0,"m":[-70.68449016689712,43.066230805517655],"length_m":99.99999999958578}},{"type":"Feature","id":594,"geometry":{"type":"LineString","coordinates":[[-70.68395327248314,43.06640402901636],[-70.68328125000015,43.06703125000049],[-70.68314070622117,43.06703125000049]]},"properties":{"n":127.9911821941,"e":0,"m":[-70.6835740060692,43.066758011002705],"length_m":100.00000000045333}},{"type":"Feature","id":595,"geometry":{"type":"LineString","coordinates":[[-70.68314070622117,43.06703125000049],[-70.68190840192,43.06703125000049]]},"properties":{"n":180.0,"e":0,"m":[-70.68252455407058,43.06703125000049],"length_m":100.0}},{"type":"Feature","id":596,"geometry":{"type":"LineString","coordinates":[[-70.68190840192,43.06703125000049],[-70.68171875000014,43.06703125000049],[-70.68101142245236,43.06647283351538]]},"properties":{"n":227.28184590990207,"e":0,"m":[-70.68142941544556,43.0668028279837],"length_m":99.99999999979315}},{"type":"Feature","id":597,"geometry":{"type":"LineString","coordinates":[[-70.68101142245236,43.06647283351538],[-70.68072916666682,43.06625000000049],[-70.68030065522376,43.066756422615]]},"properties":{"n":121.66709930065547,"e":0,"m":[-70.68062412463254,43.06637414058645],"length_m":99.99999999985981}},{"type":"Feature","id":598,"geometry":{"type":"LineString","coordinates":[[-70.68030065522376,43.066756422615],[-70.68015625000015,43.066927083333816],[-70.67920556160176,43.067008570910815]]},"properties":{"n":173.29378592660072,"e":0,"m":[-70.67981749803322,43.06695611921669],"length_m":99.9999999996931}},{"type":"Feature","id":599,"geometry":{"type":"LineString","coordinates":[[-70.67920556160176,43.067008570910815],[-70.67798168873888,43.06711347429907]]},"properties":{"n":173.29378592722387,"e":0,"m":[-70.67859362517032,43.06706102260494],"length_m":100.00000000057943}},{"type":"Feature","id":600,"geometry":{"type":"LineString","coordinates":[[-70.67798168873888,43.06711347429907],[-70.676757815876,43.06721837768732]]},"properties":{"n":173.29378592660072,"e":0,"m":[-70.67736975230744,43.067165925993194],"length_m":99.99999999965449}},{"type":"Feature","id":601,"geometry":{"type":"LineString","coordinates":[[-70.676757815876,43.06721837768732],[-70.67651041666682,43.067239583333816],[-70.67594036187874,43.0678235418972]]},"properties":{"n":125.43611996136228,"e":0,"m":[-70.67629760376788,43.06745758679126],"length_m":100.00000000009472}},{"type":"Feature","id":602,"geometry":{"type":"LineString","coordinates":[[-70.67594036187874,43.0678235418972],[-70.67522587810048,43.06855545210908]]},"properties":{"n":125.43611995701464,"e":0,"m":[-70.67558311998962,43.06818949700314],"length_m":99.9999999996527}},{"type":"Feature","id":603,"geometry":{"type":"LineString","coordinates":[[-70.67522587810048,43.06855545210908],[-70.67451139432221,43.06928736232097]]},"properties":{"n":125.43611996136228,"e":0,"m":[-70.67486863621134,43.06892140721502],"length_m":100.00000000095149}},{"type":"Feature","id":604,"geometry":{"type":"LineString","coordinates":[[-70.67451139432221,43.06928736232097],[-70.67437500000015,43.069427083333814],[-70.67338853969088,43.069532775509806]]},"properties":{"n":171.63860780369023,"e":0,"m":[-70.67399814247926,43.06946746092534],"length_m":99.99999999920506}},{"type":"Feature","id":605,"geometry":{"type":"LineString","coordinates":[[-70.67338853969088,43.069532775509806],[-70.67216933411409,43.06966340467875]]},"properties":{"n":171.6386078044662,"e":0,"m":[-70.67277893690249,43.069598090094274],"length_m":100.0000000000382}},{"type":"Feature","id":606,"geometry":{"type":"LineString","coordinates":[[-70.67216933411409,43.06966340467875],[-70.67145833333349,43.06973958333381],[-70.6711221440684,43.07002269008336]]},"properties":{"n":171.6386078044662,"e":0,"m":[-70.6715597313257,43.06972871926322],"length_m":100.00000000046882}},{"type":"Feature","id":607,"geometry":{"type":"LineString","coordinates":[[-70.6711221440684,43.07002269008336],[-70.67046875000015,43.070572916667146],[-70.67046875000015,43.070743481607806]]},"properties":{"n":130.88110950400707,"e":0,"m":[-70.67071887767864,43.07036228283265],"length_m":99.99999999977314}},{"type":"Feature","id":608,"geometry":{"type":"LineString","coordinates":[[-70.67046875000015,43.070743481607806],[-70.67046875000015,43.07109375000048],[-70.670952682397,43.07151315807775]]},"properties":{"n":49.93221656075518,"e":0,"m":[-70.67055606930944,43.07116942673519],"length_m":99.9999999998978}},{"type":"Feature","id":609,"geometry":{"type":"LineString","coordinates":[[-70.670952682397,43.07151315807775],[-70.67125000000016,43.07177083333381],[-70.67079617571561,43.072224657618364]]},"properties":{"n":126.09087520733554,"e":0,"m":[-70.67115913102809,43.071861702305874],"length_m":100.00000000010931}},{"type":"Feature","id":610,"geometry":{"type":"LineString","coordinates":[[-70.67079617571561,43.072224657618364],[-70.67041666666682,43.07260416666714],[-70.66984129030241,43.07269268610782]]},"properties":{"n":137.15856220596518,"e":0,"m":[-70.67043322040313,43.072587612930846],"length_m":99.99999999953971}},{"type":"Feature","id":611,"geometry":{"type":"LineString","coordinates":[[-70.66984129030241,43.07269268610782],[-70.6686355457418,43.072878185270994]]},"properties":{"n":168.0828148050463,"e":0,"m":[-70.6692384180221,43.072785435689404],"length_m":100.00000000039603}},{"type":"Feature","id":612,"geometry":{"type":"LineString","coordinates":[[-70.6686355457418,43.072878185270994],[-70.6677083333335,43.073020833333814],[-70.66758753768055,43.073208737682826]]},"properties":{"n":168.0828148050463,"e":0,"m":[-70.66803267346148,43.07297093485259],"length_m":100.0000000000486}},{"type":"Feature","id":613,"geometry":{"type":"LineString","coordinates":[[-70.66758753768055,43.073208737682826],[-70.6670646224614,43.07402216135707]]},"properties":{"n":115.1088542467878,"e":0,"m":[-70.66732608007096,43.07361544951995],"length_m":100.00000000051004}},{"type":"Feature","id":614,"geometry":{"type":"LineString","coordinates":[[-70.6670646224614,43.07402216135707],[-70.66677083333349,43.074479166667146],[-70.66630125309149,43.07467347573281]]},"properties":{"n":115.10885425388398,"e":0,"m":[-70.66680316485181,43.074428873194194],"length_m":99.99999999911931}},{"type":"Feature","id":615,"geometry":{"type":"LineString","coordinates":[[-70.66630125309149,43.07467347573281],[-70.66522956957512,43.075116930980954]]},"properties":{"n":150.41894213491318,"e":0,"m":[-70.6657654113333,43.07489520335688],"length_m":100.00000000014188}},{"type":"Feature","id":616,"geometry":{"type":"LineString","coordinates":[[-70.66522956957512,43.075116930980954],[-70.66415788605875,43.075560386229114]]},"properties":{"n":150.41894213955374,"e":0,"m":[-70.66469372781692,43.075338658605034],"length_m":100.00000000060163}},{"type":"Feature","id":617,"geometry":{"type":"LineString","coordinates":[[-70.66415788605875,43.075560386229114],[-70.66375000000016,43.075729166667145],[-70.66404350339461,43.07624279760743]]},"properties":{"n":67.3856600125111,"e":0,"m":[-70.66380657664374,43.0758281757934],"length_m":99.9999999998059}},{"type":"Feature","id":618,"geometry":{"type":"LineString","coordinates":[[-70.66404350339461,43.07624279760743],[-70.66451735689637,43.07707204123548]]},"properties":{"n":67.38566000553341,"e":0,"m":[-70.66428043014548,43.07665741942146],"length_m":99.99999999955021}},{"type":"Feature","id":619,"geometry":{"type":"LineString","coordinates":[[-70.66451735689637,43.07707204123548],[-70.6645833333335,43.07718750000048],[-70.66449769867782,43.07795821190153]]},"properties":{"n":94.6306497121777,"e":0,"m":[-70.6645474419522,43.07751052243228],"length_m":99.9999999998405}},{"type":"Feature","id":620,"geometry":{"type":"LineString","coordinates":[[-70.66449769867782,43.07795821190153],[-70.66442708333349,43.07859375000048],[-70.66416777326168,43.078773272357886]]},"properties":{"n":94.63064971174691,"e":0,"m":[-70.66444795540346,43.07840590137079],"length_m":100.00000000030542}},{"type":"Feature","id":621,"geometry":{"type":"LineString","coordinates":[[-70.66416777326168,43.078773272357886],[-70.66375000000016,43.079062500000475],[-70.66401293681682,43.07950072802823]]},"properties":{"n":76.94317638086349,"e":0,"m":[-70.66376602773293,43.07908921288841],"length_m":100.00000000034777}},{"type":"Feature","id":622,"geometry":{"type":"LineString","coordinates":[[-70.66401293681682,43.07950072802823],[-70.66450675498461,43.08032375830787]]},"properties":{"n":66.376336849774,"e":0,"m":[-70.66425984590072,43.07991224316805],"length_m":99.99999999995408}},{"type":"Feature","id":623,"geometry":{"type":"LineString","coordinates":[[-70.66450675498461,43.08032375830787],[-70.66453125000017,43.080364583333804],[-70.664502799999,43.08121808336854]]},"properties":{"n":91.39195361631971,"e":0,"m":[-70.66451776743389,43.080769060321884],"length_m":99.99999999974801}},{"type":"Feature","id":624,"geometry":{"type":"LineString","coordinates":[[-70.664502799999,43.08121808336854],[-70.66447286512923,43.08211612946185]]},"properties":{"n":91.3919536109852,"e":0,"m":[-70.6644878325641,43.081667106415196],"length_m":99.99999999967234}},{"type":"Feature","id":625,"geometry":{"type":"LineString","coordinates":[[-70.66447286512923,43.08211612946185],[-70.66444293025944,43.08301417555517]]},"properties":{"n":91.39195361085558,"e":0,"m":[-70.66445789769433,43.08256515250851],"length_m":100.00000000060339}},{"type":"Feature","id":626,"geometry":{"type":"LineString","coordinates":[[-70.66444293025944,43.08301417555517],[-70.66442708333349,43.08348958333381],[-70.66412598372813,43.08385090286025]]},"properties":{"n":97.42226821337202,"e":0,"m":[-70.66442796282456,43.08346319860183],"length_m":99.99999999969302}},{"type":"Feature","id":627,"geometry":{"type":"LineString","coordinates":[[-70.66412598372813,43.08385090286025],[-70.6636458333335,43.0844270833338],[-70.66335082681192,43.084490299017]]},"properties":{"n":121.27758655028533,"e":0,"m":[-70.6638060868862,43.08423477907057],"length_m":99.99999999995778}},{"type":"Feature","id":628,"geometry":{"type":"LineString","coordinates":[[-70.66335082681192,43.084490299017],[-70.66218750000016,43.0847395833338],[-70.6621788644215,43.084752536701764]]},"properties":{"n":163.61891108510437,"e":0,"m":[-70.66275968605649,43.08461697203601],"length_m":100.00000000003718}},{"type":"Feature","id":629,"geometry":{"type":"LineString","coordinates":[[-70.6621788644215,43.084752536701764],[-70.66177083333349,43.085364583333806],[-70.66147203214513,43.085364583333806]]},"properties":{"n":115.91878251050957,"e":0,"m":[-70.66190954637753,43.085156513767735],"length_m":99.99999999996244}},{"type":"Feature","id":630,"geometry":{"type":"LineString","coordinates":[[-70.66147203214513,43.085364583333806],[-70.66072916666684,43.085364583333806],[-70.6604069185328,43.08509604322211]]},"properties":{"n":180.0,"e":0,"m":[-70.66085587999454,43.085364583333806],"length_m":100.00000000009146}},{"type":"Feature","id":631,"geometry":{"type":"LineString","coordinates":[[-70.6604069185328,43.08509604322211],[-70.65979166666683,43.084583333333796],[-70.65951623526578,43.084665962754116]]},"properties":{"n":228.82178755940416,"e":0,"m":[-70.66000124192618,43.08475797938326],"length_m":100.00000000045284}},{"type":"Feature","id":632,"geometry":{"type":"LineString","coordinates":[[-70.65951623526578,43.084665962754116],[-70.65875000000017,43.0848958333338],[-70.65899326182014,43.08513070681516]]},"properties":{"n":157.630857189996,"e":0,"m":[-70.65894644786911,43.08483689897312],"length_m":99.99999999959745}},{"type":"Feature","id":633,"geometry":{"type":"LineString","coordinates":[[-70.65899326182014,43.08513070681516],[-70.65973578978098,43.08584763036355]]},"properties":{"n":52.94707790547257,"e":0,"m":[-70.65936452580057,43.085489168589355],"length_m":99.99999999960318}},{"type":"Feature","id":634,"geometry":{"type":"LineString","coordinates":[[-70.65973578978098,43.08584763036355],[-70.66026041666683,43.08635416666714],[-70.66028234432565,43.08661729857301]]},"properties":{"n":52.9470779022573,"e":0,"m":[-70.6601070537614,43.08620609213775],"length_m":99.99999999994883}},{"type":"Feature","id":635,"geometry":{"type":"LineString","coordinates":[[-70.66028234432565,43.08661729857301],[-70.66035706584685,43.087513956827266]]},"properties":{"n":86.52370311617916,"e":0,"m":[-70.66031970508625,43.087065627700134],"length_m":100.00000000078313}},{"type":"Feature","id":636,"geometry":{"type":"LineString","coordinates":[[-70.66035706584685,43.087513956827266],[-70.6603645833335,43.087604166667134],[-70.6597395833335,43.08807291666714],[-70.65971766600168,43.08822633798985]]},"properties":{"n":134.1852919300243,"e":0,"m":[-70.66002154733883,43.08786144366315],"length_m":100.00000000004742}},{"type":"Feature","id":637,"geometry":{"type":"LineString","coordinates":[[-70.65971766600168,43.08822633798985],[-70.65959002608226,43.08911981742589]]},"properties":{"n":95.94525947090061,"e":0,"m":[-70.65965384604198,43.08867307770787],"length_m":99.99999999955313}},{"type":"Feature","id":638,"geometry":{"type":"LineString","coordinates":[[-70.65959002608226,43.08911981742589],[-70.6594623861628,43.09001329686192]]},"properties":{"n":95.94525947620798,"e":0,"m":[-70.65952620612254,43.08956655714391],"length_m":99.99999999964959}},{"type":"Feature","id":639,"geometry":{"type":"LineString","coordinates":[[-70.6594623861628,43.09001329686192],[-70.6594270833335,43.09026041666714],[-70.65880998891227,43.090729408427265]]},"properties":{"n":133.80608006006037,"e":0,"m":[-70.65923650160673,43.090405258779484],"length_m":100.000000000264}},{"type":"Feature","id":640,"geometry":{"type":"LineString","coordinates":[[-70.65880998891227,43.090729408427265],[-70.65812500000017,43.091250000000464],[-70.6579151936955,43.09116099126515]]},"properties":{"n":133.8060800637541,"e":0,"m":[-70.65838347621781,43.09105355807505],"length_m":100.00000000055874}},{"type":"Feature","id":641,"geometry":{"type":"LineString","coordinates":[[-70.6579151936955,43.09116099126515],[-70.65685012670515,43.09070914466318]]},"properties":{"n":210.19838846755758,"e":0,"m":[-70.65738266020033,43.09093506796417],"length_m":99.99999999972287}},{"type":"Feature","id":642,"geometry":{"type":"LineString","coordinates":[[-70.65685012670515,43.09070914466318],[-70.65640625000017,43.0905208333338],[-70.65631956550926,43.09104094027928]]},"properties":{"n":96.92718674242855,"e":0,"m":[-70.65639387831808,43.0905950634263],"length_m":99.99999999969069}},{"type":"Feature","id":643,"geometry":{"type":"LineString","coordinates":[[-70.65631956550926,43.09104094027928],[-70.65619791666684,43.0917708333338],[-70.65605300911406,43.09189503980761]]},"properties":{"n":96.92718674242855,"e":0,"m":[-70.65624525270043,43.09148681713226],"length_m":100.00000000001154}},{"type":"Feature","id":644,"geometry":{"type":"LineString","coordinates":[[-70.65605300911406,43.09189503980761],[-70.65546875000017,43.092395833333796],[-70.65542889322508,43.092634973984296]]},"properties":{"n":130.37994715144805,"e":0,"m":[-70.65565383289034,43.0922371908565],"length_m":100.00000000020654}},{"type":"Feature","id":645,"geometry":{"type":"LineString","coordinates":[[-70.65542889322508,43.092634973984296],[-70.65528026760742,43.09352672769025]]},"properties":{"n":96.92718674242855,"e":0,"m":[-70.65535458041626,43.09308085083727],"length_m":100.00000000018503}},{"type":"Feature","id":646,"geometry":{"type":"LineString","coordinates":[[-70.65528026760742,43.09352672769025],[-70.65526041666683,43.093645833333795],[-70.65473958333351,43.093906250000465],[-70.65472193497126,43.09422392052085]]},"properties":{"n":145.55375142091754,"e":0,"m":[-70.65488803329603,43.0938320250192],"length_m":99.99999999984982}},{"type":"Feature","id":647,"geometry":{"type":"LineString","coordinates":[[-70.65472193497126,43.09422392052085],[-70.65467206967038,43.095121495936716]]},"properties":{"n":92.31911190046462,"e":0,"m":[-70.65469700232083,43.094672708228785],"length_m":99.99999999998664}},{"type":"Feature","id":648,"geometry":{"type":"LineString","coordinates":[[-70.65467206967038,43.095121495936716],[-70.65463541666684,43.09578125000046],[-70.654798279644,43.095987543104876]]},"properties":{"n":92.31911189534884,"e":0,"m":[-70.65464713701994,43.09557028364465],"length_m":99.99999999955693}},{"type":"Feature","id":649,"geometry":{"type":"LineString","coordinates":[[-70.654798279644,43.095987543104876],[-70.65541295029135,43.09676612592485]]},"properties":{"n":60.07950653719333,"e":0,"m":[-70.65510561496768,43.096376834514864],"length_m":100.00000000040696}},{"type":"Feature","id":650,"geometry":{"type":"LineString","coordinates":[[-70.65541295029135,43.09676612592485],[-70.65541666666684,43.09677083333379],[-70.65469514498814,43.09749235501249]]},"properties":{"n":126.0908751998802,"e":0,"m":[-70.65505810030064,43.0971293997],"length_m":99.99999999979615}},{"type":"Feature","id":651,"geometry":{"type":"LineString","coordinates":[[-70.65469514498814,43.09749235501249],[-70.6545833333335,43.097604166667125],[-70.65528548395939,43.09816588716782]]},"properties":{"n":47.659880448724586,"e":0,"m":[-70.65487048684632,43.09783388947737],"length_m":100.00000000024625}},{"type":"Feature","id":652,"geometry":{"type":"LineString","coordinates":[[-70.65528548395939,43.09816588716782],[-70.65536458333351,43.09822916666712],[-70.65532397524227,43.09904132849204]]},"properties":{"n":92.0874172416468,"e":0,"m":[-70.65534641811904,43.098592470956554],"length_m":99.99999999967515}},{"type":"Feature","id":653,"geometry":{"type":"LineString","coordinates":[[-70.65532397524227,43.09904132849204],[-70.65531250000018,43.09927083333379],[-70.65447320778914,43.09954060583019]]},"properties":{"n":156.2055866832999,"e":0,"m":[-70.6550369863979,43.09935939127738],"length_m":100.000000000153}},{"type":"Feature","id":654,"geometry":{"type":"LineString","coordinates":[[-70.65447320778914,43.09954060583019],[-70.65385416666683,43.099739583333786],[-70.65358234755055,43.10009294818496]]},"properties":{"n":155.86443165624942,"e":0,"m":[-70.65390942918036,43.09972182038301],"length_m":100.00000000039304}},{"type":"Feature","id":655,"geometry":{"type":"LineString","coordinates":[[-70.65358234755055,43.10009294818496],[-70.65297962993886,43.10087648108016]]},"properties":{"n":119.28131523035688,"e":0,"m":[-70.65328098874471,43.10048471463256],"length_m":99.99999999997766}},{"type":"Feature","id":656,"geometry":{"type":"LineString","coordinates":[[-70.65297962993886,43.10087648108016],[-70.65281250000018,43.10109375000045],[-70.65201688372791,43.10138547596695]]},"properties":{"n":153.2978896233786,"e":0,"m":[-70.65256732623256,43.10118364704857],"length_m":99.9999999997359}},{"type":"Feature","id":657,"geometry":{"type":"LineString","coordinates":[[-70.65201688372791,43.10138547596695],[-70.65091599871863,43.101789133803685]]},"properties":{"n":153.29788962574784,"e":0,"m":[-70.65146644122326,43.101587304885314],"length_m":100.00000000006828}},{"type":"Feature","id":658,"geometry":{"type":"LineString","coordinates":[[-70.65091599871863,43.101789133803685],[-70.64981511370935,43.10219279164043]]},"properties":{"n":153.2978896233786,"e":0,"m":[-70.65036555621398,43.10199096272206],"length_m":99.99999999965476}},{"type":"Feature","id":659,"geometry":{"type":"LineString","coordinates":[[-70.64981511370935,43.10219279164043],[-70.64968750000017,43.102239583333784],[-70.64915464893164,43.10293228972289]]},"properties":{"n":119.28131522774702,"e":0,"m":[-70.64945600773748,43.10254052327528],"length_m":100.0000000003342}},{"type":"Feature","id":660,"geometry":{"type":"LineString","coordinates":[[-70.64915464893164,43.10293228972289],[-70.64864583333352,43.10359375000045],[-70.64846163660138,43.10363322072877]]},"properties":{"n":119.28131522774702,"e":0,"m":[-70.6488532901258,43.103324056170486],"length_m":99.99999999974342}},{"type":"Feature","id":661,"geometry":{"type":"LineString","coordinates":[[-70.64846163660138,43.10363322072877],[-70.64727935509053,43.1038865667668]]},"properties":{"n":163.61891108660927,"e":0,"m":[-70.64787049584595,43.10375989374778],"length_m":100.00000000038288}},{"type":"Feature","id":662,"geometry":{"type":"LineString","coordinates":[[-70.64727935509053,43.1038865667668],[-70.64718750000017,43.10390625000045],[-70.64656659151186,43.10460020654622]]},"properties":{"n":123.11380100472073,"e":0,"m":[-70.64690319772933,43.10422399959728],"length_m":99.99999999980756}},{"type":"Feature","id":663,"geometry":{"type":"LineString","coordinates":[[-70.64656659151186,43.10460020654622],[-70.64630208333351,43.104895833333785],[-70.64621185338613,43.10543721301803]]},"properties":{"n":96.92718674242855,"e":0,"m":[-70.64628616619495,43.10499133616505],"length_m":100.0000000001192}},{"type":"Feature","id":664,"geometry":{"type":"LineString","coordinates":[[-70.64621185338613,43.10543721301803],[-70.64609375000018,43.106145833333784],[-70.64591967434893,43.10627973768089]]},"properties":{"n":96.92718673713142,"e":0,"m":[-70.6461375405773,43.10588308987101],"length_m":99.9999999998556}},{"type":"Feature","id":665,"geometry":{"type":"LineString","coordinates":[[-70.64591967434893,43.10627973768089],[-70.64507202659365,43.106931774415735]]},"properties":{"n":133.46062165475576,"e":0,"m":[-70.64549585047129,43.10660575604832],"length_m":100.00000000002935}},{"type":"Feature","id":666,"geometry":{"type":"LineString","coordinates":[[-70.64507202659365,43.106931774415735],[-70.64473958333352,43.10718750000045],[-70.64462712325448,43.10772730837987]]},"properties":{"n":98.63543617130259,"e":0,"m":[-70.64471963655205,43.107283244551425],"length_m":100.00000000035888}},{"type":"Feature","id":667,"geometry":{"type":"LineString","coordinates":[[-70.64462712325448,43.10772730837987],[-70.64447916666686,43.10843750000045],[-70.64425326100967,43.10851011253312]]},"properties":{"n":98.63543617210378,"e":0,"m":[-70.64453460995688,43.10817137220831],"length_m":99.99999999993452}},{"type":"Feature","id":668,"geometry":{"type":"LineString","coordinates":[[-70.64425326100967,43.10851011253312],[-70.64312570379212,43.108872541638746]]},"properties":{"n":156.2055866854528,"e":0,"m":[-70.64368948240089,43.108691327085936],"length_m":99.99999999955298}},{"type":"Feature","id":669,"geometry":{"type":"LineString","coordinates":[[-70.64312570379212,43.108872541638746],[-70.64302083333351,43.10890625000045],[-70.6424846632142,43.109621143492866]]},"properties":{"n":118.66659516562655,"e":0,"m":[-70.64278023880593,43.109227042703886],"length_m":99.99999999988806}},{"type":"Feature","id":670,"geometry":{"type":"LineString","coordinates":[[-70.6424846632142,43.109621143492866],[-70.64192708333351,43.110364583333784],[-70.6418634392972,43.11038579801256]]},"properties":{"n":118.66659516774878,"e":0,"m":[-70.64218908762247,43.11001524428186],"length_m":100.00000000004042}},{"type":"Feature","id":671,"geometry":{"type":"LineString","coordinates":[[-70.6418634392972,43.11038579801256],[-70.64130208333351,43.1105729166671],[-70.64130208333351,43.1110212645765]]},"properties":{"n":123.37522584724573,"e":0,"m":[-70.64130309096002,43.1105725807916],"length_m":99.99999999985349}},{"type":"Feature","id":672,"geometry":{"type":"LineString","coordinates":[[-70.64130208333351,43.1110212645765],[-70.64130208333351,43.11109375000044],[-70.64203125000019,43.111406250000435],[-70.64198984181733,43.111613290914704]]},"properties":{"n":30.451899659145674,"e":0,"m":[-70.64174752139905,43.11128465202853],"length_m":100.00000000035975}},{"type":"Feature","id":673,"geometry":{"type":"LineString","coordinates":[[-70.64198984181733,43.111613290914704],[-70.64192708333351,43.111927083333775],[-70.64114467330452,43.112038856195056]]},"properties":{"n":168.91217188150594,"e":0,"m":[-70.64174932407632,43.11195247751338],"length_m":100.00000000004346}},{"type":"Feature","id":674,"geometry":{"type":"LineString","coordinates":[[-70.64114467330452,43.112038856195056],[-70.63993537176094,43.11221161355842]]},"properties":{"n":168.91217188150594,"e":0,"m":[-70.64054002253273,43.11212523487674],"length_m":99.99999999949792}},{"type":"Feature","id":675,"geometry":{"type":"LineString","coordinates":[[-70.63993537176094,43.11221161355842],[-70.63973958333352,43.11223958333377],[-70.63927426293483,43.11291171279853]]},"properties":{"n":116.77873496642538,"e":0,"m":[-70.63955186796402,43.11251072775638],"length_m":100.00000000064763}},{"type":"Feature","id":676,"geometry":{"type":"LineString","coordinates":[[-70.63927426293483,43.11291171279853],[-70.63927083333351,43.11291666666711],[-70.63844596608457,43.112256772867944]]},"properties":{"n":227.65988044513057,"e":0,"m":[-70.63886096319763,43.112588770558396],"length_m":99.9999999999171}},{"type":"Feature","id":677,"geometry":{"type":"LineString","coordinates":[[-70.63844596608457,43.112256772867944],[-70.63822916666686,43.11208333333378],[-70.63767396731527,43.11260931166686]]},"properties":{"n":127.57709032184664,"e":0,"m":[-70.63804971434529,43.11225334079632],"length_m":99.99999999995269}},{"type":"Feature","id":678,"geometry":{"type":"LineString","coordinates":[[-70.63767396731527,43.11260931166686],[-70.63723958333352,43.11302083333378],[-70.63717686736044,43.113397129172355]]},"properties":{"n":127.57709031761762,"e":0,"m":[-70.63729822028526,43.1129652825374],"length_m":100.00000000006494}},{"type":"Feature","id":679,"geometry":{"type":"LineString","coordinates":[[-70.63717686736044,43.113397129172355],[-70.63703125000019,43.11427083333378],[-70.63701830025352,43.114286373029785]]},"properties":{"n":96.92718674242855,"e":0,"m":[-70.6371025545516,43.113843006025334],"length_m":100.0000000004336}},{"type":"Feature","id":680,"geometry":{"type":"LineString","coordinates":[[-70.63701830025352,43.114286373029785],[-70.63637850656964,43.11505412545044]]},"properties":{"n":121.27758654572477,"e":0,"m":[-70.63669840341157,43.11467024924011],"length_m":99.99999999973944}},{"type":"Feature","id":681,"geometry":{"type":"LineString","coordinates":[[-70.63637850656964,43.11505412545044],[-70.63625000000019,43.115208333333776],[-70.63636877323147,43.11592097272142]]},"properties":{"n":83.07281325692789,"e":0,"m":[-70.63629446042263,43.11547509586844],"length_m":99.99999999941676}},{"type":"Feature","id":682,"geometry":{"type":"LineString","coordinates":[[-70.63636877323147,43.11592097272142],[-70.63640625000019,43.11614583333377],[-70.63703125000019,43.11656250000044],[-70.63702672556434,43.11661679323062]]},"properties":{"n":42.4439804688546,"e":0,"m":[-70.63663163075282,43.11629608716885],"length_m":100.00000000061031}},{"type":"Feature","id":683,"geometry":{"type":"LineString","coordinates":[[-70.63702672556434,43.11661679323062],[-70.63695200404315,43.11751345148487]]},"properties":{"n":93.47629688349728,"e":0,"m":[-70.63698936480374,43.117065122357744],"length_m":99.99999999979705}},{"type":"Feature","id":684,"geometry":{"type":"LineString","coordinates":[[-70.63695200404315,43.11751345148487],[-70.63692708333352,43.11781250000044],[-70.63640831474146,43.11827666137228]]},"properties":{"n":129.17072500700462,"e":0,"m":[-70.6367974969368,43.11792844572381],"length_m":99.99999999973389}},{"type":"Feature","id":685,"geometry":{"type":"LineString","coordinates":[[-70.63640831474146,43.11827666137228],[-70.63593750000018,43.11869791666711],[-70.63546283635696,43.118777027274305]]},"properties":{"n":129.17072500700462,"e":0,"m":[-70.63601913254612,43.118624877020736],"length_m":100.00000000032762}},{"type":"Feature","id":686,"geometry":{"type":"LineString","coordinates":[[-70.63546283635696,43.118777027274305],[-70.63468750000018,43.118906250000435],[-70.63443497443272,43.119166202790474]]},"properties":{"n":167.12161728935226,"e":0,"m":[-70.63486218329469,43.118877136118016],"length_m":99.99999999985238}},{"type":"Feature","id":687,"geometry":{"type":"LineString","coordinates":[[-70.63443497443272,43.119166202790474],[-70.63372281001695,43.119899313218475]]},"properties":{"n":125.3038728595626,"e":0,"m":[-70.63407889222484,43.119532758004475],"length_m":100.00000000022362}},{"type":"Feature","id":688,"geometry":{"type":"LineString","coordinates":[[-70.63372281001695,43.119899313218475],[-70.63301064560117,43.12063242364647]]},"properties":{"n":125.30387285520783,"e":0,"m":[-70.63336672780906,43.120265868432476],"length_m":99.9999999996854}},{"type":"Feature","id":689,"geometry":{"type":"LineString","coordinates":[[-70.63301064560117,43.12063242364647],[-70.63291666666686,43.120729166667104],[-70.63351628260462,43.121374906907775]]},"properties":{"n":55.90595079181842,"e":0,"m":[-70.6331708966753,43.12100295283005],"length_m":100.00000000006918}},{"type":"Feature","id":690,"geometry":{"type":"LineString","coordinates":[[-70.63351628260462,43.121374906907775],[-70.63359375000019,43.12145833333377],[-70.63366009179141,43.1222544348285]]},"properties":{"n":86.52370311650272,"e":0,"m":[-70.63362273103081,43.121806105701374],"length_m":100.00000000011039}},{"type":"Feature","id":691,"geometry":{"type":"LineString","coordinates":[[-70.63366009179141,43.1222544348285],[-70.6337348133126,43.12315109308275]]},"properties":{"n":86.52370311117646,"e":0,"m":[-70.63369745255201,43.12270276395562],"length_m":99.99999999979705}},{"type":"Feature","id":692,"geometry":{"type":"LineString","coordinates":[[-70.6337348133126,43.12315109308275],[-70.63375000000019,43.12333333333377],[-70.63354023694511,43.12403254351733]]},"properties":{"n":102.33583864842296,"e":0,"m":[-70.63367187260793,43.12359375797462],"length_m":100.0000000003272}},{"type":"Feature","id":693,"geometry":{"type":"LineString","coordinates":[[-70.63354023694511,43.12403254351733],[-70.63343750000018,43.124375000000434],[-70.63278512880292,43.124646821332625]]},"properties":{"n":150.24841398127984,"e":0,"m":[-70.63332006290601,43.12442393212301],"length_m":99.99999999988842}},{"type":"Feature","id":694,"geometry":{"type":"LineString","coordinates":[[-70.63278512880292,43.124646821332625],[-70.63218750000019,43.12489583333377],[-70.63216768744631,43.12529208441137]]},"properties":{"n":150.24841398127984,"e":0,"m":[-70.63225019469982,43.12486971054225],"length_m":100.00000000028115}},{"type":"Feature","id":695,"geometry":{"type":"LineString","coordinates":[[-70.63216768744631,43.12529208441137],[-70.63213541666686,43.12593750000043],[-70.63239098992092,43.12610788216981]]},"properties":{"n":92.08741724697934,"e":0,"m":[-70.63214524456954,43.12574094194686],"length_m":99.99999999983595}},{"type":"Feature","id":696,"geometry":{"type":"LineString","coordinates":[[-70.63239098992092,43.12610788216981],[-70.63276041666686,43.1263541666671],[-70.63287027665768,43.12688149462309]]},"properties":{"n":81.36456382789622,"e":0,"m":[-70.6327777633601,43.12643743079465],"length_m":99.99999999951632}},{"type":"Feature","id":697,"geometry":{"type":"LineString","coordinates":[[-70.63287027665768,43.12688149462309],[-70.63302083333352,43.1276041666671],[-70.6332249797352,43.127680721567735]]},"properties":{"n":81.36456382789622,"e":0,"m":[-70.63296278995527,43.12732555845153],"length_m":99.99999999972441}},{"type":"Feature","id":698,"geometry":{"type":"LineString","coordinates":[[-70.6332249797352,43.127680721567735],[-70.63427083333352,43.1280729166671],[-70.63428655978349,43.12811223279203]]},"properties":{"n":27.222441930028246,"e":0,"m":[-70.63377288518927,43.12788618611301],"length_m":100.00000000060646}},{"type":"Feature","id":699,"geometry":{"type":"LineString","coordinates":[[-70.63428655978349,43.12811223279203],[-70.63458333333352,43.1288541666671],[-70.63454733959756,43.12897687258517]]},"properties":{"n":73.74397827200181,"e":0,"m":[-70.63445903920126,43.12854343133646],"length_m":99.99999999946462}},{"type":"Feature","id":700,"geometry":{"type":"LineString","coordinates":[[-70.63454733959756,43.12897687258517],[-70.63428966016048,43.12985532521155]]},"properties":{"n":102.06983424597938,"e":0,"m":[-70.63441849987902,43.12941609889837],"length_m":100.00000000060864}},{"type":"Feature","id":701,"geometry":{"type":"LineString","coordinates":[[-70.63428966016048,43.12985532521155],[-70.6340319807234,43.13073377783791]]},"properties":{"n":102.06983425008171,"e":0,"m":[-70.63416082044193,43.13029455152473],"length_m":99.99999999950317}},{"type":"Feature","id":702,"geometry":{"type":"LineString","coordinates":[[-70.6340319807234,43.13073377783791],[-70.63377430128635,43.13161223046429]]},"properties":{"n":102.06983425119752,"e":0,"m":[-70.63390314100488,43.131173004151094],"length_m":100.0000000004139}},{"type":"Feature","id":703,"geometry":{"type":"LineString","coordinates":[[-70.63377430128635,43.13161223046429],[-70.63351662184927,43.13249068309066]]},"properties":{"n":102.0698342448636,"e":0,"m":[-70.63364546156781,43.132051456777475],"length_m":99.9999999996979}},{"type":"Feature","id":704,"geometry":{"type":"LineString","coordinates":[[-70.63351662184927,43.13249068309066],[-70.63343750000018,43.1327604166671],[-70.632698064862,43.133071757777905]]},"properties":{"n":149.98924900520592,"e":0,"m":[-70.63323161046013,43.132847106999755],"length_m":100.00000000040566}},{"type":"Feature","id":705,"geometry":{"type":"LineString","coordinates":[[-70.632698064862,43.133071757777905],[-70.63163097366576,43.13352105933421]]},"properties":{"n":149.98924900520592,"e":0,"m":[-70.6321645192639,43.13329640855605],"length_m":99.9999999998332}},{"type":"Feature","id":706,"geometry":{"type":"LineString","coordinates":[[-70.63163097366576,43.13352105933421],[-70.63145833333353,43.133593750000415],[-70.63042708173631,43.13363671881697]]},"properties":{"n":176.72862551220496,"e":0,"m":[-70.63104222983712,43.1336110876461],"length_m":100.00000000006757}},{"type":"Feature","id":707,"geometry":{"type":"LineString","coordinates":[[-70.63042708173631,43.13363671881697],[-70.62919678553472,43.13368798115871]]},"properties":{"n":176.72862551220496,"e":0,"m":[-70.62981193363552,43.13366234998784],"length_m":100.00000000003462}},{"type":"Feature","id":708,"geometry":{"type":"LineString","coordinates":[[-70.62919678553472,43.13368798115871],[-70.6279664893331,43.13373924350044]]},"properties":{"n":176.72862551220496,"e":0,"m":[-70.6285816374339,43.13371361232958],"length_m":100.00000000003462}},{"type":"Feature","id":709,"geometry":{"type":"LineString","coordinates":[[-70.6279664893331,43.13373924350044],[-70.6267361931315,43.13379050584218]]},"properties":{"n":176.72862550687756,"e":0,"m":[-70.62735134123231,43.133764874671314],"length_m":99.99999999998147}},{"type":"Feature","id":710,"geometry":{"type":"LineString","coordinates":[[-70.6267361931315,43.13379050584218],[-70.62550589692991,43.13384176818391]]},"properties":{"n":176.72862551220496,"e":0,"m":[-70.6261210450307,43.13381613701304],"length_m":100.00000000003462}},{"type":"Feature","id":711,"geometry":{"type":"LineString","coordinates":[[-70.62550589692991,43.13384176818391],[-70.6242756007283,43.13389303052565]]},"properties":{"n":176.72862551220496,"e":0,"m":[-70.6248907488291,43.133867399354784],"length_m":100.00000000003462}},{"type":"Feature","id":712,"geometry":{"type":"LineString","coordinates":[[-70.6242756007283,43.13389303052565],[-70.62395833333353,43.13390625000043],[-70.62316436153188,43.13423707158446]]},"properties":{"n":150.24841398127984,"e":0,"m":[-70.62369929563496,43.13401418237484],"length_m":99.99999999999719}},{"type":"Feature","id":713,"geometry":{"type":"LineString","coordinates":[[-70.62316436153188,43.13423707158446],[-70.6220944933257,43.13468285000368]]},"properties":{"n":150.24841398856054,"e":0,"m":[-70.62262942742879,43.134459960794075],"length_m":99.99999999970917}},{"type":"Feature","id":714,"geometry":{"type":"LineString","coordinates":[[-70.6220944933257,43.13468285000368],[-70.62208333333353,43.134687500000425],[-70.6219848845473,43.13557353907643]]},"properties":{"n":94.63064971174691,"e":0,"m":[-70.62203462782166,43.13512584960717],"length_m":100.00000000025761}},{"type":"Feature","id":715,"geometry":{"type":"LineString","coordinates":[[-70.6219848845473,43.13557353907643],[-70.62192708333353,43.13609375000043],[-70.62165130018647,43.13641196132395]]},"properties":{"n":94.6306497121777,"e":0,"m":[-70.62193514127294,43.13602122854569],"length_m":99.99999999976328}},{"type":"Feature","id":716,"geometry":{"type":"LineString","coordinates":[[-70.62165130018647,43.13641196132395],[-70.6212500000002,43.13687500000042],[-70.62130800766622,43.13722304599654]]},"properties":{"n":122.28358385764415,"e":0,"m":[-70.62132220707096,43.136791684149536],"length_m":99.99999999995526}},{"type":"Feature","id":717,"geometry":{"type":"LineString","coordinates":[[-70.62130800766622,43.13722304599654],[-70.6214062500002,43.13781250000042],[-70.6216651519444,43.138051486410454]]},"properties":{"n":83.07281325757145,"e":0,"m":[-70.62138232047505,43.13766892284952],"length_m":99.99999999988503}},{"type":"Feature","id":718,"geometry":{"type":"LineString","coordinates":[[-70.6216651519444,43.138051486410454],[-70.62208333333353,43.13843750000043],[-70.62165728749672,43.13869968205385]]},"properties":{"n":53.13924810714689,"e":0,"m":[-70.62204701928769,43.138403979342726],"length_m":99.99999999990526}},{"type":"Feature","id":719,"geometry":{"type":"LineString","coordinates":[[-70.62165728749672,43.13869968205385],[-70.6214062500002,43.13885416666709],[-70.62129724748414,43.13950818176347]]},"properties":{"n":96.92718673713142,"e":0,"m":[-70.62137156029296,43.139062304910496],"length_m":100.0000000003685}},{"type":"Feature","id":720,"geometry":{"type":"LineString","coordinates":[[-70.62129724748414,43.13950818176347],[-70.6212500000002,43.13979166666709],[-70.62156250000021,43.14031250000042],[-70.62161994373689,43.140326860934586]]},"properties":{"n":66.37633684702341,"e":0,"m":[-70.62133992628182,43.13994154380312],"length_m":99.99999999985349}},{"type":"Feature","id":721,"geometry":{"type":"LineString","coordinates":[[-70.62161994373689,43.140326860934586],[-70.62260416666686,43.14057291666708],[-70.62263483876379,43.14071094110323]]},"properties":{"n":18.929419692482764,"e":0,"m":[-70.62220277370885,43.140472568427576],"length_m":100.00000000024431}},{"type":"Feature","id":722,"geometry":{"type":"LineString","coordinates":[[-70.62263483876379,43.14071094110323],[-70.62283189466764,43.141597692670594]]},"properties":{"n":80.79841606818421,"e":0,"m":[-70.6227333667157,43.14115431688691],"length_m":99.99999999947242}},{"type":"Feature","id":723,"geometry":{"type":"LineString","coordinates":[[-70.62283189466764,43.141597692670594],[-70.62302083333353,43.14244791666708],[-70.62305937011122,43.14247200215315]]},"properties":{"n":80.79841606818421,"e":0,"m":[-70.62293042261956,43.14204106845428],"length_m":100.00000000006501}},{"type":"Feature","id":724,"geometry":{"type":"LineString","coordinates":[[-70.62305937011122,43.14247200215315],[-70.62399489763739,43.143056706856996]]},"properties":{"n":40.60898497961894,"e":0,"m":[-70.62352713387432,43.142764354505076],"length_m":99.99999999998504}},{"type":"Feature","id":725,"geometry":{"type":"LineString","coordinates":[[-70.62399489763739,43.143056706856996],[-70.62427083333353,43.14322916666708],[-70.6243384864964,43.14386059618721]]},"properties":{"n":85.53404929601952,"e":0,"m":[-70.62429050879776,43.143412804333195],"length_m":100.0000000001706}},{"type":"Feature","id":726,"geometry":{"type":"LineString","coordinates":[[-70.6243384864964,43.14386059618721],[-70.6244344418937,43.144756179895225]]},"properties":{"n":85.53404929069964,"e":0,"m":[-70.62438646419504,43.14430838804122],"length_m":100.00000000005225}},{"type":"Feature","id":727,"geometry":{"type":"LineString","coordinates":[[-70.6244344418937,43.144756179895225],[-70.62453039729098,43.14565176360324]]},"properties":{"n":85.53404929069964,"e":0,"m":[-70.62448241959234,43.14520397174923],"length_m":100.00000000005225}},{"type":"Feature","id":728,"geometry":{"type":"LineString","coordinates":[[-70.62453039729098,43.14565176360324],[-70.62462635268827,43.146547347311255]]},"properties":{"n":85.53404929601952,"e":0,"m":[-70.62457837498962,43.14609955545725],"length_m":99.99999999997975}},{"type":"Feature","id":729,"geometry":{"type":"LineString","coordinates":[[-70.62462635268827,43.146547347311255],[-70.62472230808555,43.14744293101927]]},"properties":{"n":85.53404929069964,"e":0,"m":[-70.62467433038691,43.14699513916526],"length_m":100.00000000005225}},{"type":"Feature","id":730,"geometry":{"type":"LineString","coordinates":[[-70.62472230808555,43.14744293101927],[-70.62473958333354,43.14760416666708],[-70.62525451522056,43.14823792898958]]},"properties":{"n":59.36229192748897,"e":0,"m":[-70.62494051928748,43.14785147245654],"length_m":99.99999999972907}},{"type":"Feature","id":731,"geometry":{"type":"LineString","coordinates":[[-70.62525451522056,43.14823792898958],[-70.62541666666687,43.14843750000041],[-70.62485399178195,43.148962663226335]]},"properties":{"n":127.99118219738459,"e":0,"m":[-70.62523325819589,43.14860868123999],"length_m":99.99999999998275}},{"type":"Feature","id":732,"geometry":{"type":"LineString","coordinates":[[-70.62485399178195,43.148962663226335],[-70.62409545895406,43.14967062719903]]},"properties":{"n":127.99118219738459,"e":0,"m":[-70.624474725368,43.14931664521268],"length_m":100.00000000037694}},{"type":"Feature","id":733,"geometry":{"type":"LineString","coordinates":[[-70.62409545895406,43.14967062719903],[-70.62333692612619,43.150378591171716]]},"properties":{"n":127.99118220159,"e":0,"m":[-70.62371619254013,43.15002460918537],"length_m":99.99999999980369}},{"type":"Feature","id":734,"geometry":{"type":"LineString","coordinates":[[-70.62333692612619,43.150378591171716],[-70.62307291666687,43.15062500000041],[-70.62301035881234,43.1512088733093]]},"properties":{"n":94.46595070398048,"e":0,"m":[-70.62305833651098,43.15076108145529],"length_m":99.99999999975017}},{"type":"Feature","id":735,"geometry":{"type":"LineString","coordinates":[[-70.62301035881234,43.1512088733093],[-70.62291440341505,43.152104457017316]]},"properties":{"n":94.46595070398048,"e":0,"m":[-70.62296238111371,43.15165666516331],"length_m":99.99999999997975}},{"type":"Feature","id":736,"geometry":{"type":"LineString","coordinates":[[-70.62291440341505,43.152104457017316],[-70.62281844801777,43.15300004072533]]},"properties":{"n":94.46595070930036,"e":0,"m":[-70.62286642571641,43.152552248871324],"length_m":100.00000000005225}},{"type":"Feature","id":737,"geometry":{"type":"LineString","coordinates":[[-70.62281844801777,43.15300004072533],[-70.62276041666686,43.153541666667074],[-70.62243974896329,43.15380888975339]]},"properties":{"n":94.46595070888486,"e":0,"m":[-70.62277047031913,43.15344783257934],"length_m":100.00000000060021}},{"type":"Feature","id":738,"geometry":{"type":"LineString","coordinates":[[-70.62243974896329,43.15380888975339],[-70.62213541666686,43.15406250000041],[-70.62204253936547,43.1546197638088]]},"properties":{"n":96.92718674307213,"e":0,"m":[-70.6221168521743,43.154173886955824],"length_m":99.99999999953546}},{"type":"Feature","id":739,"geometry":{"type":"LineString","coordinates":[[-70.62204253936547,43.1546197638088],[-70.62192708333353,43.155312500000406],[-70.62175453609872,43.15546861416523]]},"properties":{"n":96.92718674242855,"e":0,"m":[-70.62196822655663,43.15506564066178],"length_m":99.99999999986463}},{"type":"Feature","id":740,"geometry":{"type":"LineString","coordinates":[[-70.62175453609872,43.15546861416523],[-70.62098138989302,43.15616812739897]]},"properties":{"n":128.85846835208133,"e":0,"m":[-70.62136796299588,43.1558183707821],"length_m":99.99999999994752}},{"type":"Feature","id":741,"geometry":{"type":"LineString","coordinates":[[-70.62098138989302,43.15616812739897],[-70.62020824368732,43.15686764063271]]},"properties":{"n":128.8584683554292,"e":0,"m":[-70.62059481679016,43.15651788401584],"length_m":100.00000000067274}},{"type":"Feature","id":742,"geometry":{"type":"LineString","coordinates":[[-70.62020824368732,43.15686764063271],[-70.61973958333354,43.15729166666707],[-70.6197101559809,43.157644794898744]]},"properties":{"n":128.85846835623656,"e":0,"m":[-70.61982167058446,43.15721739724958],"length_m":100.00000000005866}},{"type":"Feature","id":743,"geometry":{"type":"LineString","coordinates":[[-70.6197101559809,43.157644794898744],[-70.61963543445972,43.15854145315299]]},"properties":{"n":93.47629688349728,"e":0,"m":[-70.6196727952203,43.15809312402587],"length_m":99.99999999974058}},{"type":"Feature","id":744,"geometry":{"type":"LineString","coordinates":[[-70.61963543445972,43.15854145315299],[-70.61956071293852,43.15943811140724]]},"properties":{"n":93.47629688882355,"e":0,"m":[-70.61959807369912,43.158989782280116],"length_m":99.99999999979705}},{"type":"Feature","id":745,"geometry":{"type":"LineString","coordinates":[[-70.61956071293852,43.15943811140724],[-70.61953125000021,43.159791666667076],[-70.61916311225328,43.160264986627396]]},"properties":{"n":119.55217869833437,"e":0,"m":[-70.6194670083401,43.15987426308722],"length_m":99.99999999986935}},{"type":"Feature","id":746,"geometry":{"type":"LineString","coordinates":[[-70.61916311225328,43.160264986627396],[-70.61880208333353,43.16072916666707],[-70.6187417414229,43.16109121813085]]},"properties":{"n":119.55217869833437,"e":0,"m":[-70.61885921616647,43.16065571016758],"length_m":100.0000000006269}},{"type":"Feature","id":747,"geometry":{"type":"LineString","coordinates":[[-70.6187417414229,43.16109121813085],[-70.6185937500002,43.16197916666707],[-70.61859065249344,43.16198226417383]]},"properties":{"n":96.92718673777499,"e":0,"m":[-70.61866742861407,43.16153709498383],"length_m":99.99999999927371}},{"type":"Feature","id":748,"geometry":{"type":"LineString","coordinates":[[-70.61859065249344,43.16198226417383],[-70.61786474186847,43.16270817479881]]},"properties":{"n":126.09087520302353,"e":0,"m":[-70.61822769718094,43.16234521948632],"length_m":100.00000000046767}},{"type":"Feature","id":749,"geometry":{"type":"LineString","coordinates":[[-70.61786474186847,43.16270817479881],[-70.61781250000021,43.16276041666706],[-70.61676609009417,43.163096762708285]]},"properties":{"n":156.2055866854528,"e":0,"m":[-70.61732986870295,43.16291554815547],"length_m":99.99999999980346}},{"type":"Feature","id":750,"geometry":{"type":"LineString","coordinates":[[-70.61676609009417,43.163096762708285],[-70.61635416666687,43.163229166667065],[-70.61623673468067,43.1637928402008]]},"properties":{"n":98.63543617210378,"e":0,"m":[-70.61632924797826,43.16334877637236],"length_m":99.99999999965056}},{"type":"Feature","id":751,"geometry":{"type":"LineString","coordinates":[[-70.61623673468067,43.1637928402008],[-70.6160937500002,43.164479166667064],[-70.61591033999164,43.16463339781062]]},"properties":{"n":98.63543617130259,"e":0,"m":[-70.61614422138308,43.164236904029245],"length_m":100.00000000060892}},{"type":"Feature","id":752,"geometry":{"type":"LineString","coordinates":[[-70.61591033999164,43.16463339781062],[-70.61510315198328,43.16531216954493]]},"properties":{"n":130.92141537638523,"e":0,"m":[-70.61550674598746,43.16497278367778],"length_m":99.99999999995484}},{"type":"Feature","id":753,"geometry":{"type":"LineString","coordinates":[[-70.61510315198328,43.16531216954493],[-70.6142959639749,43.16599094127924]]},"properties":{"n":130.9214153839125,"e":0,"m":[-70.6146995579791,43.16565155541209],"length_m":99.99999999986116}},{"type":"Feature","id":754,"geometry":{"type":"LineString","coordinates":[[-70.6142959639749,43.16599094127924],[-70.61380208333354,43.16640625000039],[-70.61368914419575,43.1667450674138]]},"properties":{"n":130.9214153798805,"e":0,"m":[-70.61389236997073,43.1663303271464],"length_m":100.00000000009004}},{"type":"Feature","id":755,"geometry":{"type":"LineString","coordinates":[[-70.61368914419575,43.1667450674138],[-70.6135937500002,43.16703125000039],[-70.61307291666688,43.16703125000039],[-70.61290869826513,43.166841767229144]]},"properties":{"n":180.0,"e":0,"m":[-70.6133816071398,43.16703125000039],"length_m":99.9999999995}},{"type":"Feature","id":756,"geometry":{"type":"LineString","coordinates":[[-70.61290869826513,43.166841767229144],[-70.61239583333355,43.166250000000396],[-70.61231564772365,43.16643952962379]]},"properties":{"n":237.71641614686706,"e":0,"m":[-70.61257960514962,43.16646204440356],"length_m":100.0000000002521}},{"type":"Feature","id":757,"geometry":{"type":"LineString","coordinates":[[-70.61231564772365,43.16643952962379],[-70.61195247271375,43.16729794328355]]},"properties":{"n":107.14027547974972,"e":0,"m":[-70.61213406021871,43.16686873645367],"length_m":99.99999999984517}},{"type":"Feature","id":758,"geometry":{"type":"LineString","coordinates":[[-70.61195247271375,43.16729794328355],[-70.61182291666688,43.16760416666706],[-70.61106997204186,43.167784873377066]]},"properties":{"n":161.77678668706858,"e":0,"m":[-70.61165522134719,43.16764441354379],"length_m":100.00000000000446}},{"type":"Feature","id":759,"geometry":{"type":"LineString","coordinates":[[-70.61106997204186,43.167784873377066],[-70.61052083333354,43.16791666666706],[-70.60986938244847,43.16787323660805]]},"properties":{"n":180.79807992682913,"e":0,"m":[-70.61048297398618,43.167914142710565],"length_m":100.00000000013006}},{"type":"Feature","id":760,"geometry":{"type":"LineString","coordinates":[[-70.60986938244847,43.16787323660805],[-70.60864219937307,43.16779142440303]]},"properties":{"n":185.22535893139536,"e":0,"m":[-70.60925579091077,43.16783233050553],"length_m":100.0000000005204}},{"type":"Feature","id":761,"geometry":{"type":"LineString","coordinates":[[-70.60864219937307,43.16779142440303],[-70.60817708333354,43.16776041666705],[-70.60755479913793,43.167435746651954]]},"properties":{"n":215.59214497633184,"e":0,"m":[-70.60805584208886,43.167697160365485],"length_m":99.9999999995203}},{"type":"Feature","id":762,"geometry":{"type":"LineString","coordinates":[[-70.60755479913793,43.167435746651954],[-70.60697916666689,43.167135416667065],[-70.60645625654182,43.16710636610456]]},"properties":{"n":215.59214497633184,"e":0,"m":[-70.60705375618699,43.167174332938416],"length_m":99.99999999989748}},{"type":"Feature","id":763,"geometry":{"type":"LineString","coordinates":[[-70.60645625654182,43.16710636610456],[-70.60522751542642,43.16703810270926]]},"properties":{"n":184.35815410719502,"e":0,"m":[-70.60584188598412,43.167072234406916],"length_m":100.00000000030684}},{"type":"Feature","id":764,"geometry":{"type":"LineString","coordinates":[[-70.60522751542642,43.16703810270926],[-70.60399877431102,43.16696983931395]]},"properties":{"n":184.35815411251568,"e":0,"m":[-70.60461314486872,43.1670039710116],"length_m":100.00000000037761}},{"type":"Feature","id":765,"geometry":{"type":"LineString","coordinates":[[-70.60399877431102,43.16696983931395],[-70.60322916666689,43.16692708333372],[-70.60295792168216,43.166655838349016]]},"properties":{"n":184.3581541076005,"e":0,"m":[-70.60338440375332,43.166935707616304],"length_m":99.9999999995846}},{"type":"Feature","id":766,"geometry":{"type":"LineString","coordinates":[[-70.60295792168216,43.166655838349016],[-70.60260416666688,43.16630208333373],[-70.60198828807545,43.16619943690183]]},"properties":{"n":207.97540793050123,"e":0,"m":[-70.60258894113772,43.166299545745545],"length_m":99.99999999982712}},{"type":"Feature","id":767,"geometry":{"type":"LineString","coordinates":[[-70.60198828807545,43.16619943690183],[-70.60135416666688,43.1660937500004],[-70.60105896837122,43.16572826639625]]},"properties":{"n":202.69054139736548,"e":0,"m":[-70.60138763501317,43.16609932805811],"length_m":100.00000000035527}},{"type":"Feature","id":768,"geometry":{"type":"LineString","coordinates":[[-70.60105896837122,43.16572826639625],[-70.60043373375095,43.16495416639019]]},"properties":{"n":239.51117411660545,"e":0,"m":[-70.60074635106109,43.16534121639322],"length_m":100.00000000012807}},{"type":"Feature","id":769,"geometry":{"type":"LineString","coordinates":[[-70.60043373375095,43.16495416639019],[-70.60026041666688,43.16473958333373],[-70.5993798809792,43.1646417460351]]},"properties":{"n":188.6664534929954,"e":0,"m":[-70.59998899807714,43.16470942571265],"length_m":99.99999999968651}},{"type":"Feature","id":770,"geometry":{"type":"LineString","coordinates":[[-70.5993798809792,43.1646417460351],[-70.59838541666689,43.16453125000041],[-70.59823296017538,43.16440928480719]]},"properties":{"n":188.66645348772025,"e":0,"m":[-70.59877076388126,43.16457406635755],"length_m":99.9999999999877}},{"type":"Feature","id":771,"geometry":{"type":"LineString","coordinates":[[-70.59823296017538,43.16440928480719],[-70.59760416666688,43.163906250000394],[-70.59730565772732,43.16389795808541]]},"properties":{"n":227.65988044872458,"e":0,"m":[-70.59781796306231,43.16407728711675],"length_m":99.99999999963448}},{"type":"Feature","id":772,"geometry":{"type":"LineString","coordinates":[[-70.59730565772732,43.16389795808541],[-70.59607424712797,43.16386375223543]]},"properties":{"n":182.18223351563293,"e":0,"m":[-70.59668995242764,43.16388085516042],"length_m":99.99999999997745}},{"type":"Feature","id":773,"geometry":{"type":"LineString","coordinates":[[-70.59607424712797,43.16386375223543],[-70.59484283652863,43.16382954638545]]},"properties":{"n":182.18223352096516,"e":0,"m":[-70.59545854182831,43.16384664931044],"length_m":100.00000000001292}},{"type":"Feature","id":774,"geometry":{"type":"LineString","coordinates":[[-70.59484283652863,43.16382954638545],[-70.59385416666689,43.163802083333735],[-70.59366004561103,43.16390853681598]]},"properties":{"n":182.18223351563293,"e":0,"m":[-70.59422713122896,43.163812443460465],"length_m":100.00000000013202}},{"type":"Feature","id":775,"geometry":{"type":"LineString","coordinates":[[-70.59366004561103,43.16390853681598],[-70.59267528002079,43.16444856955902]]},"properties":{"n":143.04665919703706,"e":0,"m":[-70.59316766281592,43.164178553187504],"length_m":99.99999999992902}},{"type":"Feature","id":776,"geometry":{"type":"LineString","coordinates":[[-70.59267528002079,43.16444856955902],[-70.59223958333357,43.1646875000004],[-70.59219792137453,43.16518744350871]]},"properties":{"n":93.47629688349728,"e":0,"m":[-70.59223528213514,43.16473911438158],"length_m":100.00000000007194}},{"type":"Feature","id":777,"geometry":{"type":"LineString","coordinates":[[-70.59219792137453,43.16518744350871],[-70.59213541666689,43.165937500000396],[-70.59227584384641,43.166042820385044]]},"properties":{"n":93.47629688349728,"e":0,"m":[-70.59216056061395,43.16563577263583],"length_m":100.00000000015496}},{"type":"Feature","id":778,"geometry":{"type":"LineString","coordinates":[[-70.59227584384641,43.166042820385044],[-70.59276041666689,43.1664062500004],[-70.59281604429324,43.16679564338491]]},"properties":{"n":45.814708069975715,"e":0,"m":[-70.59270529021677,43.166364905162816],"length_m":99.99999999999005}},{"type":"Feature","id":779,"geometry":{"type":"LineString","coordinates":[[-70.59281604429324,43.16679564338491],[-70.59294368421268,43.16768912282095]]},"properties":{"n":84.0547405285467,"e":0,"m":[-70.59287986425298,43.16724238310293],"length_m":100.00000000047945}},{"type":"Feature","id":780,"geometry":{"type":"LineString","coordinates":[[-70.59294368421268,43.16768912282095],[-70.59307132413213,43.16858260225699]]},"properties":{"n":84.05474052379202,"e":0,"m":[-70.5930075041724,43.16813586253897],"length_m":99.99999999964959}},{"type":"Feature","id":781,"geometry":{"type":"LineString","coordinates":[[-70.59307132413213,43.16858260225699],[-70.5930729166669,43.1685937500004],[-70.59375000000023,43.16906250000039],[-70.59356773416906,43.169220463720734]]},"properties":{"n":43.52241879629293,"e":0,"m":[-70.59350854303304,43.16889533748465],"length_m":99.99999999988219}},{"type":"Feature","id":782,"geometry":{"type":"LineString","coordinates":[[-70.59356773416906,43.169220463720734],[-70.59296875000022,43.16973958333372],[-70.59299068926481,43.169958975979576]]},"properties":{"n":130.06778344267963,"e":0,"m":[-70.59317112108148,43.169564195063295],"length_m":100.00000000031012}},{"type":"Feature","id":783,"geometry":{"type":"LineString","coordinates":[[-70.59299068926481,43.169958975979576],[-70.59302083333355,43.170260416667055],[-70.59380704608566,43.17042421099041]]},"properties":{"n":15.949507475823445,"e":0,"m":[-70.59321461318592,43.17030078746963],"length_m":99.99999999996592}},{"type":"Feature","id":784,"geometry":{"type":"LineString","coordinates":[[-70.59380704608566,43.17042421099041],[-70.59427083333355,43.170520833333725],[-70.59454363814862,43.171030068988514]]},"properties":{"n":68.66841481134162,"e":0,"m":[-70.59431950369435,43.170611684673865],"length_m":99.99999999987894}},{"type":"Feature","id":785,"geometry":{"type":"LineString","coordinates":[[-70.59454363814862,43.171030068988514],[-70.59499190705718,43.17186683761783]]},"properties":{"n":68.66841481134162,"e":0,"m":[-70.5947677726029,43.171448453303164],"length_m":99.9999999997339}},{"type":"Feature","id":786,"geometry":{"type":"LineString","coordinates":[[-70.59499190705718,43.17186683761783],[-70.59505208333356,43.17197916666706],[-70.59607259626704,43.172205947318936]]},"properties":{"n":16.953564770639595,"e":0,"m":[-70.5954832212301,43.172074975088506],"length_m":100.00000000036401}},{"type":"Feature","id":787,"geometry":{"type":"LineString","coordinates":[[-70.59607259626704,43.172205947318936],[-70.59692708333355,43.172395833333724],[-70.59702197824971,43.17263307062411]]},"properties":{"n":16.953564767091393,"e":0,"m":[-70.59666197130397,43.172336919549366],"length_m":99.99999999962907}},{"type":"Feature","id":788,"geometry":{"type":"LineString","coordinates":[[-70.59702197824971,43.17263307062411],[-70.59734375000022,43.1734375000004],[-70.59742465585197,43.17345044493668]]},"properties":{"n":73.74397826837279,"e":0,"m":[-70.59719445766748,43.17306426916855],"length_m":100.00000000058633}},{"type":"Feature","id":789,"geometry":{"type":"LineString","coordinates":[[-70.59742465585197,43.17345044493668],[-70.59862830815945,43.173643029305865]]},"properties":{"n":12.379444417236247,"e":0,"m":[-70.59802648200571,43.17354673712128],"length_m":99.99999999923594}},{"type":"Feature","id":790,"geometry":{"type":"LineString","coordinates":[[-70.59862830815945,43.173643029305865],[-70.59983196046693,43.17383561367506]]},"properties":{"n":12.37944441609227,"e":0,"m":[-70.59923013431319,43.17373932149046],"length_m":100.0000000001456}},{"type":"Feature","id":791,"geometry":{"type":"LineString","coordinates":[[-70.59983196046693,43.17383561367506],[-70.60103561277442,43.174028198044255]]},"properties":{"n":12.37944441609227,"e":0,"m":[-70.60043378662068,43.17393190585966],"length_m":100.0000000001456}},{"type":"Feature","id":792,"geometry":{"type":"LineString","coordinates":[[-70.60103561277442,43.174028198044255],[-70.60125000000022,43.17406250000039],[-70.60184661584123,43.17465911584139]]},"properties":{"n":53.90912479580779,"e":0,"m":[-70.60148366052874,43.174296160528904],"length_m":100.00000000007869}},{"type":"Feature","id":793,"geometry":{"type":"LineString","coordinates":[[-70.60184661584123,43.17465911584139],[-70.60192708333355,43.17473958333372],[-70.6020155417573,43.17553570914742]]},"properties":{"n":85.3693502878223,"e":0,"m":[-70.60196579848294,43.175088019678164],"length_m":99.9999999999248}},{"type":"Feature","id":794,"geometry":{"type":"LineString","coordinates":[[-70.6020155417573,43.17553570914742],[-70.60211502830602,43.17643108808594]]},"properties":{"n":85.3693502882531,"e":0,"m":[-70.60206528503166,43.17598339861669],"length_m":100.0000000002097}},{"type":"Feature","id":795,"geometry":{"type":"LineString","coordinates":[[-70.60211502830602,43.17643108808594],[-70.60213541666688,43.176614583333716],[-70.6026823897666,43.17720713752507]]},"properties":{"n":56.063621948999256,"e":0,"m":[-70.6023384092823,43.17683449200041],"length_m":99.99999999987469}},{"type":"Feature","id":796,"geometry":{"type":"LineString","coordinates":[[-70.6026823897666,43.17720713752507],[-70.60276041666688,43.17729166666705],[-70.6027770069799,43.178088001692394]]},"properties":{"n":89.12992468363882,"e":0,"m":[-70.60276765065075,43.177638897892635],"length_m":99.99999999973787}},{"type":"Feature","id":797,"geometry":{"type":"LineString","coordinates":[[-70.6027770069799,43.178088001692394],[-70.60279571963824,43.17898620929193]]},"properties":{"n":89.12992468889327,"e":0,"m":[-70.60278636330908,43.17853710549217],"length_m":100.000000000488}},{"type":"Feature","id":798,"geometry":{"type":"LineString","coordinates":[[-70.60279571963824,43.17898620929193],[-70.60281250000023,43.17979166666705],[-70.60272380948537,43.17985818455318]]},"properties":{"n":89.1299246889743,"e":0,"m":[-70.6028050759674,43.17943531309169],"length_m":99.99999999980741}},{"type":"Feature","id":799,"geometry":{"type":"LineString","coordinates":[[-70.60272380948537,43.17985818455318],[-70.60186491674465,43.18050235410873]]},"properties":{"n":134.1852919375699,"e":0,"m":[-70.602294363115,43.180180269330954],"length_m":99.99999999992289}},{"type":"Feature","id":800,"geometry":{"type":"LineString","coordinates":[[-70.60186491674465,43.18050235410873],[-70.60156250000023,43.18072916666705],[-70.60150033056652,43.18130941471498]]},"properties":{"n":94.46595070930036,"e":0,"m":[-70.60154830826517,43.180861622860974],"length_m":99.99999999986386}},{"type":"Feature","id":801,"geometry":{"type":"LineString","coordinates":[[-70.60150033056652,43.18130941471498],[-70.60140437516922,43.182204998422996]]},"properties":{"n":94.46595070930036,"e":0,"m":[-70.60145235286787,43.18175720656899],"length_m":100.00000000005225}},{"type":"Feature","id":802,"geometry":{"type":"LineString","coordinates":[[-70.60140437516922,43.182204998422996],[-70.60130841977194,43.18310058213101]]},"properties":{"n":94.46595070398048,"e":0,"m":[-70.6013563974706,43.182652790277004],"length_m":99.99999999997975}},{"type":"Feature","id":803,"geometry":{"type":"LineString","coordinates":[[-70.60130841977194,43.18310058213101],[-70.60121246437465,43.18399616583903]]},"properties":{"n":94.46595070930036,"e":0,"m":[-70.6012604420733,43.18354837398502],"length_m":100.00000000005225}},{"type":"Feature","id":804,"geometry":{"type":"LineString","coordinates":[[-70.60121246437465,43.18399616583903],[-70.60111650897736,43.18489174954704]]},"properties":{"n":94.46595070930036,"e":0,"m":[-70.60116448667601,43.184443957693034],"length_m":100.00000000005225}},{"type":"Feature","id":805,"geometry":{"type":"LineString","coordinates":[[-70.60111650897736,43.18489174954704],[-70.60109375000022,43.185104166667045],[-70.60064893734118,43.18570784099002]]},"properties":{"n":118.24179192165188,"e":0,"m":[-70.60094049651397,43.18531215354124],"length_m":99.99999999979609}},{"type":"Feature","id":806,"geometry":{"type":"LineString","coordinates":[[-70.60064893734118,43.18570784099002],[-70.60036458333356,43.186093750000374],[-70.59996845703083,43.18645214998856]]},"properties":{"n":124.86549009603515,"e":0,"m":[-70.60035503013368,43.18610239337169],"length_m":100.00000000034225}},{"type":"Feature","id":807,"geometry":{"type":"LineString","coordinates":[[-70.59996845703083,43.18645214998856],[-70.59927083333355,43.18708333333372],[-70.59918917250634,43.187018864259606]]},"properties":{"n":128.85846835623656,"e":0,"m":[-70.59958188392797,43.186801906605425],"length_m":99.9999999999031}},{"type":"Feature","id":808,"geometry":{"type":"LineString","coordinates":[[-70.59918917250634,43.187018864259606],[-70.59835318651992,43.186358875322945]]},"properties":{"n":227.28184590628211,"e":0,"m":[-70.59877117951314,43.186688869791276],"length_m":100.00000000027698}},{"type":"Feature","id":809,"geometry":{"type":"LineString","coordinates":[[-70.59835318651992,43.186358875322945],[-70.59828125000023,43.186302083333715],[-70.5971582419484,43.18636447266992]]},"properties":{"n":175.6418458923995,"e":0,"m":[-70.5977726125061,43.186330340972276],"length_m":99.99999999948272}},{"type":"Feature","id":810,"geometry":{"type":"LineString","coordinates":[[-70.5971582419484,43.18636447266992],[-70.59640625000023,43.186406250000374],[-70.59615151416888,43.18670120727877]]},"properties":{"n":175.64184589280498,"e":0,"m":[-70.59654387139071,43.186398604367575],"length_m":99.99999999982933}},{"type":"Feature","id":811,"geometry":{"type":"LineString","coordinates":[[-70.59615151416888,43.18670120727877],[-70.59549497523588,43.18746141025382]]},"properties":{"n":122.1930334610949,"e":0,"m":[-70.59582324470237,43.187081308766295],"length_m":100.00000000038153}},{"type":"Feature","id":812,"geometry":{"type":"LineString","coordinates":[[-70.59549497523588,43.18746141025382],[-70.5948384363029,43.18822161322886]]},"properties":{"n":122.1930334610949,"e":0,"m":[-70.5951667057694,43.18784151174134],"length_m":100.00000000038153}},{"type":"Feature","id":813,"geometry":{"type":"LineString","coordinates":[[-70.5948384363029,43.18822161322886],[-70.59442708333356,43.188697916667046],[-70.59400855660155,43.1888374255777]]},"properties":{"n":122.19303345942213,"e":0,"m":[-70.5945101668364,43.188601714716384],"length_m":99.9999999995201}},{"type":"Feature","id":814,"geometry":{"type":"LineString","coordinates":[[-70.59400855660155,43.1888374255777],[-70.59380208333356,43.18890625000037],[-70.59380208333356,43.189427083333705],[-70.59402017999525,43.18956728833051]]},"properties":{"n":90.0,"e":0,"m":[-70.59380208333356,43.18918990385289],"length_m":100.00000000004067}},{"type":"Feature","id":815,"geometry":{"type":"LineString","coordinates":[[-70.59402017999525,43.18956728833051],[-70.59453125000023,43.18989583333371],[-70.59451118414536,43.190297150431235]]},"properties":{"n":41.40817380279629,"e":0,"m":[-70.59448230440987,43.18986436831133],"length_m":100.00000000006742}},{"type":"Feature","id":816,"geometry":{"type":"LineString","coordinates":[[-70.59451118414536,43.190297150431235],[-70.5944791666669,43.19093750000037],[-70.59415590783063,43.19104140462631]]},"properties":{"n":92.08741724697934,"e":0,"m":[-70.59448874126859,43.19074600796673],"length_m":99.9999999996278}},{"type":"Feature","id":817,"geometry":{"type":"LineString","coordinates":[[-70.59415590783063,43.19104140462631],[-70.59302835061308,43.191403833731954]]},"properties":{"n":156.2055866784174,"e":0,"m":[-70.59359212922185,43.19122261917913],"length_m":100.00000000078089}},{"type":"Feature","id":818,"geometry":{"type":"LineString","coordinates":[[-70.59302835061308,43.191403833731954],[-70.59302083333355,43.19140625000037],[-70.59235938681682,43.19215708118154]]},"properties":{"n":122.70803516759462,"e":0,"m":[-70.59269232976315,43.19177914594515],"length_m":99.99999999980751}},{"type":"Feature","id":819,"geometry":{"type":"LineString","coordinates":[[-70.59235938681682,43.19215708118154],[-70.59169350092414,43.192912951654314]]},"properties":{"n":122.70803517208459,"e":0,"m":[-70.59202644387048,43.19253501641792],"length_m":99.999999999573}},{"type":"Feature","id":820,"geometry":{"type":"LineString","coordinates":[[-70.59169350092414,43.192912951654314],[-70.59109375000023,43.19359375000037],[-70.59097632725307,43.19361891201762]]},"properties":{"n":122.70803516471122,"e":0,"m":[-70.5913605579778,43.19329088689071],"length_m":100.00000000000846}},{"type":"Feature","id":821,"geometry":{"type":"LineString","coordinates":[[-70.59097632725307,43.19361891201762],[-70.58979404574221,43.19387225805566]]},"properties":{"n":163.61891109172873,"e":0,"m":[-70.59038518649764,43.19374558503664],"length_m":100.00000000064553}},{"type":"Feature","id":822,"geometry":{"type":"LineString","coordinates":[[-70.58979404574221,43.19387225805566],[-70.58890625000024,43.19406250000037],[-70.58885121797928,43.19428262808413]]},"properties":{"n":163.61891109022383,"e":0,"m":[-70.5892029049868,43.19399893107468],"length_m":99.99999999925541}},{"type":"Feature","id":823,"geometry":{"type":"LineString","coordinates":[[-70.58885121797928,43.19428262808413],[-70.58863027915052,43.19516638339921]]},"properties":{"n":100.32835935475195,"e":0,"m":[-70.5887407485649,43.194724505741675],"length_m":100.00000000022999}},{"type":"Feature","id":824,"geometry":{"type":"LineString","coordinates":[[-70.58863027915052,43.19516638339921],[-70.58859375000023,43.19531250000037],[-70.5879166666669,43.195729166667036],[-70.5879877319569,43.19581918270103]]},"properties":{"n":139.8294337833942,"e":0,"m":[-70.58827861782318,43.19550642749393],"length_m":99.99999999990025}},{"type":"Feature","id":825,"geometry":{"type":"LineString","coordinates":[[-70.5879877319569,43.19581918270103],[-70.58860240260425,43.196597765521]]},"properties":{"n":60.07950653915658,"e":0,"m":[-70.58829506728057,43.19620847411101],"length_m":100.00000000006432}},{"type":"Feature","id":826,"geometry":{"type":"LineString","coordinates":[[-70.58860240260425,43.196597765521],[-70.5886979166669,43.196718750000365],[-70.58867263339557,43.19747724814033]]},"properties":{"n":91.39195361085558,"e":0,"m":[-70.58868760083045,43.197028225093675],"length_m":100.00000000034012}},{"type":"Feature","id":827,"geometry":{"type":"LineString","coordinates":[[-70.58867263339557,43.19747724814033],[-70.58864583333357,43.19828125000036],[-70.5885345868092,43.19832892708224]]},"properties":{"n":91.39195361085558,"e":0,"m":[-70.58865766596068,43.19792627118699],"length_m":99.99999999984874}},{"type":"Feature","id":828,"geometry":{"type":"LineString","coordinates":[[-70.5885345868092,43.19832892708224],[-70.58747227279882,43.198784204515256]]},"properties":{"n":149.54810034085432,"e":0,"m":[-70.588003429804,43.19855656579875],"length_m":99.99999999983429}},{"type":"Feature","id":829,"geometry":{"type":"LineString","coordinates":[[-70.58747227279882,43.198784204515256],[-70.58718750000023,43.19890625000036],[-70.58667495013675,43.19944727485627]]},"properties":{"n":124.62903047314605,"e":0,"m":[-70.58702508521174,43.19907768783267],"length_m":100.00000000002859}},{"type":"Feature","id":830,"geometry":{"type":"LineString","coordinates":[[-70.58667495013675,43.19944727485627],[-70.58625000000023,43.199895833333706],[-70.58652908001756,43.2001845367999]]},"properties":{"n":124.62903047011376,"e":0,"m":[-70.58632481506176,43.19981686187987],"length_m":99.99999999963939}},{"type":"Feature","id":831,"geometry":{"type":"LineString","coordinates":[[-70.58652908001756,43.2001845367999],[-70.58723891365126,43.200918847455455]]},"properties":{"n":54.8288079756222,"e":0,"m":[-70.58688399683442,43.20055169212768],"length_m":100.0000000001492}},{"type":"Feature","id":832,"geometry":{"type":"LineString","coordinates":[[-70.58723891365126,43.200918847455455],[-70.5877604166669,43.2014583333337],[-70.5877959553655,43.20169525799109]]},"properties":{"n":54.82880797869589,"e":0,"m":[-70.58759383046811,43.20128600278323],"length_m":99.99999999980353}},{"type":"Feature","id":833,"geometry":{"type":"LineString","coordinates":[[-70.5877959553655,43.20169525799109],[-70.5879166666669,43.20250000000036],[-70.58790928256603,43.202588609210736]]},"properties":{"n":83.75976755718105,"e":0,"m":[-70.58786292950872,43.20214175227917],"length_m":100.00000000031365}},{"type":"Feature","id":834,"geometry":{"type":"LineString","coordinates":[[-70.58790928256603,43.202588609210736],[-70.58783456104484,43.203485267464984]]},"properties":{"n":93.47629688882355,"e":0,"m":[-70.58787192180544,43.20303693833786],"length_m":99.99999999979705}},{"type":"Feature","id":835,"geometry":{"type":"LineString","coordinates":[[-70.58783456104484,43.203485267464984],[-70.5877604166669,43.20437500000036],[-70.58775441196423,43.20438038352689]]},"properties":{"n":93.47629688349728,"e":0,"m":[-70.58779720028424,43.20393359659211],"length_m":100.00000000012975}},{"type":"Feature","id":836,"geometry":{"type":"LineString","coordinates":[[-70.58775441196423,43.20438038352689],[-70.58697699574115,43.20507737738207]]},"properties":{"n":129.11388384571498,"e":0,"m":[-70.58736570385268,43.204728880454475],"length_m":100.00000000035944}},{"type":"Feature","id":837,"geometry":{"type":"LineString","coordinates":[[-70.58697699574115,43.20507737738207],[-70.58625000000023,43.20572916666703],[-70.58628986537671,43.205779662810556]]},"properties":{"n":129.11388385322155,"e":0,"m":[-70.58658828762961,43.205425874309654],"length_m":99.99999999970086}},{"type":"Feature","id":838,"geometry":{"type":"LineString","coordinates":[[-70.58628986537671,43.205779662810556],[-70.58690453602406,43.20655824563054]]},"properties":{"n":60.07950653719333,"e":0,"m":[-70.5865972007004,43.20616895422055],"length_m":100.00000000040696}},{"type":"Feature","id":839,"geometry":{"type":"LineString","coordinates":[[-70.58690453602406,43.20655824563054],[-70.58703125000024,43.206718750000356],[-70.58699166440047,43.207431290795896]]},"properties":{"n":92.31911189534884,"e":0,"m":[-70.58701659705092,43.20698250308796],"length_m":99.9999999995873}},{"type":"Feature","id":840,"geometry":{"type":"LineString","coordinates":[[-70.58699166440047,43.207431290795896],[-70.58694179909959,43.20832886621176]]},"properties":{"n":92.31911190046462,"e":0,"m":[-70.58696673175004,43.20788007850383],"length_m":99.99999999998664}},{"type":"Feature","id":841,"geometry":{"type":"LineString","coordinates":[[-70.58694179909959,43.20832886621176],[-70.58692708333356,43.20859375000036],[-70.58643696916204,43.209116538449976]]},"properties":{"n":124.34901706254024,"e":0,"m":[-70.586784622278,43.20874570845962],"length_m":100.00000000042087}},{"type":"Feature","id":842,"geometry":{"type":"LineString","coordinates":[[-70.58643696916204,43.209116538449976],[-70.58614583333357,43.209427083333686],[-70.58545859198108,43.209574349337785]]},"properties":{"n":163.61891108510437,"e":0,"m":[-70.58604973273651,43.20944767631877],"length_m":99.99999999976228}},{"type":"Feature","id":843,"geometry":{"type":"LineString","coordinates":[[-70.58545859198108,43.209574349337785],[-70.58468750000023,43.209739583333686],[-70.5844603936504,43.21000454074183]]},"properties":{"n":163.61891109022383,"e":0,"m":[-70.58486745122566,43.20970102235681],"length_m":100.00000000022618}},{"type":"Feature","id":844,"geometry":{"type":"LineString","coordinates":[[-70.5844603936504,43.21000454074183],[-70.58380740124952,43.21076636520952]]},"properties":{"n":121.99838881309904,"e":0,"m":[-70.58413389744996,43.21038545297567],"length_m":100.0000000000187}},{"type":"Feature","id":845,"geometry":{"type":"LineString","coordinates":[[-70.58380740124952,43.21076636520952],[-70.58315440884864,43.21152818967721]]},"properties":{"n":121.99838881309904,"e":0,"m":[-70.58348090504909,43.211147277443374],"length_m":100.0000000000187}},{"type":"Feature","id":846,"geometry":{"type":"LineString","coordinates":[[-70.58315440884864,43.21152818967721],[-70.58281250000024,43.211927083333684],[-70.58224926475904,43.21204777659966]]},"properties":{"n":132.63707267117687,"e":0,"m":[-70.5828279126482,43.211909101911054],"length_m":99.9999999995813}},{"type":"Feature","id":847,"geometry":{"type":"LineString","coordinates":[[-70.58224926475904,43.21204777659966],[-70.5813541666669,43.21223958333369],[-70.58117783853096,43.21241591146963]]},"properties":{"n":163.61891109022383,"e":0,"m":[-70.58165812400361,43.21217444961868],"length_m":100.00000000014988}},{"type":"Feature","id":848,"geometry":{"type":"LineString","coordinates":[[-70.58117783853096,43.21241591146963],[-70.58057291666691,43.21302083333369],[-70.58052606045896,43.21316660820284]]},"properties":{"n":126.09087520419222,"e":0,"m":[-70.58081488321848,43.212778866782116],"length_m":99.9999999999863}},{"type":"Feature","id":849,"geometry":{"type":"LineString","coordinates":[[-70.58052606045896,43.21316660820284],[-70.58024493170838,43.21404123098244]]},"properties":{"n":103.18715338980054,"e":0,"m":[-70.58038549608366,43.213603919592636],"length_m":100.00000000018738}},{"type":"Feature","id":850,"geometry":{"type":"LineString","coordinates":[[-70.58024493170838,43.21404123098244],[-70.5801041666669,43.21447916666702],[-70.57951257950951,43.214602413991464]]},"properties":{"n":133.13834362455873,"e":0,"m":[-70.58010436733308,43.214478542372234],"length_m":100.00000000003986}},{"type":"Feature","id":851,"geometry":{"type":"LineString","coordinates":[[-70.57951257950951,43.214602413991464],[-70.5788541666669,43.214739583333674],[-70.57856801636879,43.21507987017466]]},"properties":{"n":164.05049252417658,"e":0,"m":[-70.57892014660978,43.21472583751225],"length_m":99.9999999999069}},{"type":"Feature","id":852,"geometry":{"type":"LineString","coordinates":[[-70.57856801636879,43.21507987017466],[-70.57792398978047,43.215845739631064]]},"properties":{"n":121.50814500209924,"e":0,"m":[-70.57824600307464,43.215462804902856],"length_m":99.99999999981334}},{"type":"Feature","id":853,"geometry":{"type":"LineString","coordinates":[[-70.57792398978047,43.215845739631064],[-70.57727996319214,43.21661160908746]]},"properties":{"n":121.50814500209924,"e":0,"m":[-70.57760197648629,43.216228674359265],"length_m":99.99999999981334}},{"type":"Feature","id":854,"geometry":{"type":"LineString","coordinates":[[-70.57727996319214,43.21661160908746],[-70.57692708333357,43.21703125000035],[-70.5764204471516,43.21720012872766]]},"properties":{"n":122.17309085800912,"e":0,"m":[-70.57695794989797,43.21699454381566],"length_m":100.0000000002989}},{"type":"Feature","id":855,"geometry":{"type":"LineString","coordinates":[[-70.5764204471516,43.21720012872766],[-70.57630208333357,43.21723958333368],[-70.57630208333357,43.21776041666701],[-70.57655162598172,43.21797668696208]]},"properties":{"n":90.0,"e":0,"m":[-70.57630208333357,43.21759386263315],"length_m":99.99999999960608}},{"type":"Feature","id":856,"geometry":{"type":"LineString","coordinates":[[-70.57655162598172,43.21797668696208],[-70.57708333333358,43.21843750000035],[-70.57682100035522,43.21866364911962]]},"properties":{"n":49.93221655732038,"e":0,"m":[-70.5769482390693,43.218320418304636],"length_m":99.99999999990905}},{"type":"Feature","id":857,"geometry":{"type":"LineString","coordinates":[[-70.57682100035522,43.21866364911962],[-70.57602530472454,43.219349593628834]]},"properties":{"n":130.21798107677606,"e":0,"m":[-70.57642315253987,43.21900662137423],"length_m":100.00000000072917}},{"type":"Feature","id":858,"geometry":{"type":"LineString","coordinates":[[-70.57602530472454,43.219349593628834],[-70.57557291666691,43.219739583333684],[-70.57549621126707,43.22012311033295]]},"properties":{"n":130.21798108022156,"e":0,"m":[-70.5756274569092,43.21969256588344],"length_m":99.9999999997647}},{"type":"Feature","id":859,"geometry":{"type":"LineString","coordinates":[[-70.57549621126707,43.22012311033295],[-70.57541666666691,43.22052083333368],[-70.57547164035141,43.221015596494105]]},"properties":{"n":85.3693502878223,"e":0,"m":[-70.57542189707705,43.22056790702485],"length_m":99.99999999991739}},{"type":"Feature","id":860,"geometry":{"type":"LineString","coordinates":[[-70.57547164035141,43.221015596494105],[-70.57557112690013,43.22191097543262]]},"properties":{"n":85.3693502882531,"e":0,"m":[-70.57552138362577,43.22146328596336],"length_m":100.0000000002097}},{"type":"Feature","id":861,"geometry":{"type":"LineString","coordinates":[[-70.57557112690013,43.22191097543262],[-70.57557291666691,43.22192708333368],[-70.57638371057307,43.2225819553348]]},"properties":{"n":47.93271903996003,"e":0,"m":[-70.57597088690659,43.222248520834945],"length_m":99.99999999975756}},{"type":"Feature","id":862,"geometry":{"type":"LineString","coordinates":[[-70.57638371057307,43.2225819553348],[-70.57692708333357,43.22302083333368],[-70.57699210562082,43.22332427067412]]},"properties":{"n":47.93271904392131,"e":0,"m":[-70.57679653423956,43.22291538983467],"length_m":100.00000000025794}},{"type":"Feature","id":863,"geometry":{"type":"LineString","coordinates":[[-70.57699210562082,43.22332427067412],[-70.5771822944769,43.224211818669175]]},"properties":{"n":81.12171437724295,"e":0,"m":[-70.57708720004885,43.223768044671644],"length_m":99.99999999952453}},{"type":"Feature","id":864,"geometry":{"type":"LineString","coordinates":[[-70.5771822944769,43.224211818669175],[-70.57723958333358,43.22447916666701],[-70.57789700976342,43.224884579632075]]},"properties":{"n":40.229352279414975,"e":0,"m":[-70.5774265989989,43.22459449299396],"length_m":100.00000000040112}},{"type":"Feature","id":865,"geometry":{"type":"LineString","coordinates":[[-70.57789700976342,43.224884579632075],[-70.57883783129246,43.225464752908316]]},"properties":{"n":40.229352279414975,"e":0,"m":[-70.57836742052794,43.2251746662702],"length_m":99.99999999994003}},{"type":"Feature","id":866,"geometry":{"type":"LineString","coordinates":[[-70.57883783129246,43.225464752908316],[-70.5797786528215,43.22604492618456]]},"properties":{"n":40.229352279414975,"e":0,"m":[-70.57930824205698,43.22575483954643],"length_m":99.99999999994003}},{"type":"Feature","id":867,"geometry":{"type":"LineString","coordinates":[[-70.5797786528215,43.22604492618456],[-70.58036458333358,43.22640625000034],[-70.58036458333358,43.226745105518205]]},"properties":{"n":40.229352279414975,"e":0,"m":[-70.58024906358601,43.22633501282268],"length_m":99.99999999999112}},{"type":"Feature","id":868,"geometry":{"type":"LineString","coordinates":[[-70.58036458333358,43.226745105518205],[-70.58036458333358,43.22692708333367],[-70.5797320470959,43.22747528140633]]},"properties":{"n":130.06778344267963,"e":0,"m":[-70.58012866018346,43.227131550063774],"length_m":99.99999999967923}},{"type":"Feature","id":869,"geometry":{"type":"LineString","coordinates":[[-70.5797320470959,43.22747528140633],[-70.57958333333357,43.22760416666701],[-70.58025475678639,43.22814563719347]]},"properties":{"n":47.88890637500144,"e":0,"m":[-70.57984158347368,43.22781243290902],"length_m":100.00000000016212}},{"type":"Feature","id":870,"geometry":{"type":"LineString","coordinates":[[-70.58025475678639,43.22814563719347],[-70.58108110341183,43.22881204576236]]},"properties":{"n":47.88890637500144,"e":0,"m":[-70.58066793009911,43.22847884147792],"length_m":100.00000000014266}},{"type":"Feature","id":871,"geometry":{"type":"LineString","coordinates":[[-70.58108110341183,43.22881204576236],[-70.58119791666691,43.228906250000335],[-70.58081130461932,43.22962424380299]]},"properties":{"n":111.43107811748871,"e":0,"m":[-70.5810364353702,43.22920614383708],"length_m":99.99999999980636}},{"type":"Feature","id":872,"geometry":{"type":"LineString","coordinates":[[-70.58081130461932,43.22962424380299],[-70.58046875000024,43.230260416667],[-70.58073683142565,43.230349777142145]]},"properties":{"n":111.43107811748871,"e":0,"m":[-70.58058617386845,43.23004234376889],"length_m":100.00000000041648}},{"type":"Feature","id":873,"geometry":{"type":"LineString","coordinates":[[-70.58073683142565,43.230349777142145],[-70.58109375000024,43.23046875000034],[-70.58133783013545,43.23105454232485]]},"properties":{"n":73.10452697652028,"e":0,"m":[-70.58115875993437,43.230624773842266],"length_m":100.00000000003077}},{"type":"Feature","id":874,"geometry":{"type":"LineString","coordinates":[[-70.58133783013545,43.23105454232485],[-70.5813541666669,43.23109375000033],[-70.58248498495519,43.23132933714373]]},"properties":{"n":15.949507474357146,"e":0,"m":[-70.58189255205544,43.231205913622944],"length_m":100.0000000000306}},{"type":"Feature","id":875,"geometry":{"type":"LineString","coordinates":[[-70.58248498495519,43.23132933714373],[-70.5826041666669,43.231354166667],[-70.5830073456962,43.2321067675217]]},"properties":{"n":68.66841481134162,"e":0,"m":[-70.58278321124192,43.23168838320704],"length_m":99.99999999981256}},{"type":"Feature","id":876,"geometry":{"type":"LineString","coordinates":[[-70.5830073456962,43.2321067675217],[-70.5833854166669,43.232812500000335],[-70.58357498280583,43.23283882863074]]},"properties":{"n":68.6684148132827,"e":0,"m":[-70.58323148015049,43.23252515183636],"length_m":100.00000000017776}},{"type":"Feature","id":877,"geometry":{"type":"LineString","coordinates":[[-70.58357498280583,43.23283882863074],[-70.58478551133106,43.23300695759258]]},"properties":{"n":10.787158905068999,"e":0,"m":[-70.58418024706845,43.232922893111656],"length_m":99.99999999994775}},{"type":"Feature","id":878,"geometry":{"type":"LineString","coordinates":[[-70.58478551133106,43.23300695759258],[-70.5852604166669,43.233072916667],[-70.58551685988184,43.23358580309688]]},"properties":{"n":69.9739952463767,"e":0,"m":[-70.5853058606697,43.2331638046726],"length_m":100.00000000022038}},{"type":"Feature","id":879,"geometry":{"type":"LineString","coordinates":[[-70.58551685988184,43.23358580309688],[-70.58552083333356,43.23359375000033],[-70.5865731448103,43.23404474063321]]},"properties":{"n":30.451899659145674,"e":0,"m":[-70.5860419878051,43.233817101916706],"length_m":99.99999999987494}},{"type":"Feature","id":880,"geometry":{"type":"LineString","coordinates":[[-70.5865731448103,43.23404474063321],[-70.58697916666691,43.23421875000033],[-70.58699766027611,43.23477355827642]]},"properties":{"n":88.6080463890148,"e":0,"m":[-70.58698269284122,43.23432453522977],"length_m":99.9999999998144}},{"type":"Feature","id":881,"geometry":{"type":"LineString","coordinates":[[-70.58699766027611,43.23477355827642],[-70.58702759514588,43.235671604369735]]},"properties":{"n":88.6080463890148,"e":0,"m":[-70.58701262771099,43.23522258132308],"length_m":99.99999999967234}},{"type":"Feature","id":882,"geometry":{"type":"LineString","coordinates":[[-70.58702759514588,43.235671604369735],[-70.58703125000024,43.23578125000033],[-70.58649162667088,43.23646477288418]]},"properties":{"n":119.92049346280668,"e":0,"m":[-70.58679896199455,43.236075481474195],"length_m":100.00000000023985}},{"type":"Feature","id":883,"geometry":{"type":"LineString","coordinates":[[-70.58649162667088,43.23646477288418],[-70.58625000000023,43.236770833333665],[-70.58692558694237,43.2370046903521]]},"properties":{"n":25.400903871674217,"e":0,"m":[-70.58636899912834,43.236812025339546],"length_m":99.9999999999014}},{"type":"Feature","id":884,"geometry":{"type":"LineString","coordinates":[[-70.58692558694237,43.2370046903521],[-70.58760416666689,43.23723958333367],[-70.5877388423578,43.23757627256095]]},"properties":{"n":25.400903869385306,"e":0,"m":[-70.58748217475639,43.23719735536465],"length_m":100.00000000000364}},{"type":"Feature","id":885,"geometry":{"type":"LineString","coordinates":[[-70.5877388423578,43.23757627256095],[-70.5879166666669,43.238020833333664],[-70.5878684648657,43.23845464954439]]},"properties":{"n":80.91830340305854,"e":0,"m":[-70.58791132177558,43.238007471105384],"length_m":100.00000000030224}},{"type":"Feature","id":886,"geometry":{"type":"LineString","coordinates":[[-70.5878684648657,43.23845464954439],[-70.58776897831699,43.2393500284829]]},"properties":{"n":94.63064970685903,"e":0,"m":[-70.58781872159135,43.23890233901364],"length_m":99.99999999928143}},{"type":"Feature","id":887,"geometry":{"type":"LineString","coordinates":[[-70.58776897831699,43.2393500284829],[-70.5877604166669,43.239427083333666],[-70.5871354166669,43.24005208333366],[-70.58713805723882,43.24009961362827]]},"properties":{"n":126.09087520419222,"e":0,"m":[-70.58745993203857,43.239727567961985],"length_m":100.0000000004278}},{"type":"Feature","id":888,"geometry":{"type":"LineString","coordinates":[[-70.58713805723882,43.24009961362827],[-70.58718792253971,43.24099718904413]]},"properties":{"n":87.6808881048671,"e":0,"m":[-70.58716298988926,43.2405484013362],"length_m":100.00000000002434}},{"type":"Feature","id":889,"geometry":{"type":"LineString","coordinates":[[-70.58718792253971,43.24099718904413],[-70.58723778784059,43.24189476446]]},"properties":{"n":87.68088809953538,"e":0,"m":[-70.58721285519015,43.24144597675207],"length_m":99.99999999998664}},{"type":"Feature","id":890,"geometry":{"type":"LineString","coordinates":[[-70.58723778784059,43.24189476446],[-70.58723958333357,43.241927083333664],[-70.5877604166669,43.24223958333367],[-70.58783964747937,43.242609327125216]]},"properties":{"n":39.45713653798479,"e":0,"m":[-70.58768105537065,43.24219196655593],"length_m":99.99999999984998}},{"type":"Feature","id":891,"geometry":{"type":"LineString","coordinates":[[-70.58783964747937,43.242609327125216],[-70.58802983633547,43.24349687512028]]},"properties":{"n":81.1217143780665,"e":0,"m":[-70.58793474190742,43.24305310112275],"length_m":100.0000000004447}},{"type":"Feature","id":892,"geometry":{"type":"LineString","coordinates":[[-70.58802983633547,43.24349687512028],[-70.58822002519156,43.244384423115335]]},"properties":{"n":81.1217143719708,"e":0,"m":[-70.58812493076351,43.2439406491178],"length_m":99.99999999966828}},{"type":"Feature","id":893,"geometry":{"type":"LineString","coordinates":[[-70.58822002519156,43.244384423115335],[-70.5882291666669,43.24442708333366],[-70.58927083333356,43.24453125000033],[-70.5893455072178,43.24446124323384]]},"properties":{"n":7.811087752077959,"e":0,"m":[-70.58878092044021,43.24448225871099],"length_m":100.00000000031771}},{"type":"Feature","id":894,"geometry":{"type":"LineString","coordinates":[[-70.5893455072178,43.24446124323384],[-70.59010194082722,43.24375208672502]]},"properties":{"n":307.8674416147708,"e":0,"m":[-70.58972372402252,43.24410666497943],"length_m":99.99999999956027}},{"type":"Feature","id":895,"geometry":{"type":"LineString","coordinates":[[-70.59010194082722,43.24375208672502],[-70.59010416666689,43.243750000000325],[-70.59024650860428,43.244639637108975]]},"properties":{"n":83.34736606924676,"e":0,"m":[-70.59017512759378,43.24419350579334],"length_m":100.00000000056288}},{"type":"Feature","id":896,"geometry":{"type":"LineString","coordinates":[[-70.59024650860428,43.244639637108975],[-70.5903892706253,43.24553189974025]]},"properties":{"n":83.34736606862857,"e":0,"m":[-70.59031788961478,43.245085768424616],"length_m":99.99999999988842}},{"type":"Feature","id":897,"geometry":{"type":"LineString","coordinates":[[-70.5903892706253,43.24553189974025],[-70.5905320326463,43.246424162371525]]},"properties":{"n":83.34736606862857,"e":0,"m":[-70.5904606516358,43.24597803105589],"length_m":99.99999999988842}},{"type":"Feature","id":898,"geometry":{"type":"LineString","coordinates":[[-70.5905320326463,43.246424162371525],[-70.5906747946673,43.2473164250028]]},"properties":{"n":83.34736607392873,"e":0,"m":[-70.5906034136568,43.24687029368717],"length_m":99.99999999978053}},{"type":"Feature","id":899,"geometry":{"type":"LineString","coordinates":[[-70.5906747946673,43.2473164250028],[-70.5907291666669,43.247656250000325],[-70.59129714061804,43.248027617583766]]},"properties":{"n":41.89041951844076,"e":0,"m":[-70.5908384626595,43.247727712764714],"length_m":100.00000000051367}},{"type":"Feature","id":900,"geometry":{"type":"LineString","coordinates":[[-70.59129714061804,43.248027617583766],[-70.59208333333356,43.248541666666995],[-70.59206508342623,43.248669416018316]]},"properties":{"n":41.890419522003704,"e":0,"m":[-70.59175581857657,43.2483275224028],"length_m":99.9999999993438}},{"type":"Feature","id":901,"geometry":{"type":"LineString","coordinates":[[-70.59206508342623,43.248669416018316],[-70.5919791666669,43.249270833333654],[-70.59161283137794,43.24939294509664]]},"properties":{"n":95.94525947676068,"e":0,"m":[-70.59200126346651,43.24911615573634],"length_m":100.0000000006261}},{"type":"Feature","id":902,"geometry":{"type":"LineString","coordinates":[[-70.59161283137794,43.24939294509664],[-70.5907291666669,43.24968750000032],[-70.59066970677804,43.24987248632118]]},"properties":{"n":155.42694325398998,"e":0,"m":[-70.59105248304078,43.24957972787569],"length_m":100.0000000000406}},{"type":"Feature","id":903,"geometry":{"type":"LineString","coordinates":[[-70.59066970677804,43.24987248632118],[-70.59038857802747,43.25074710910077]]},"properties":{"n":103.18715338582251,"e":0,"m":[-70.59052914240276,43.250309797710976],"length_m":99.99999999906817}},{"type":"Feature","id":904,"geometry":{"type":"LineString","coordinates":[[-70.59038857802747,43.25074710910077],[-70.5902604166669,43.25114583333366],[-70.58974805409866,43.25146113337565]]},"properties":{"n":137.79549707290766,"e":0,"m":[-70.5902188729073,43.25117139872418],"length_m":100.0000000002886}},{"type":"Feature","id":905,"geometry":{"type":"LineString","coordinates":[[-70.58974805409866,43.25146113337565],[-70.58958333333356,43.25156250000032],[-70.58999948301665,43.252238743235345]]},"properties":{"n":65.83918276858975,"e":0,"m":[-70.5897472924541,43.2518289335712],"length_m":100.0000000006724}},{"type":"Feature","id":906,"geometry":{"type":"LineString","coordinates":[[-70.58999948301665,43.252238743235345],[-70.59050386414177,43.25305836256364]]},"properties":{"n":65.83918277345839,"e":0,"m":[-70.59025167357922,43.252648552899494],"length_m":99.9999999996035}},{"type":"Feature","id":907,"geometry":{"type":"LineString","coordinates":[[-70.59050386414177,43.25305836256364],[-70.59100824526688,43.25387798189194]]},"properties":{"n":65.83918276858975,"e":0,"m":[-70.59075605470431,43.25346817222779],"length_m":99.9999999999847}},{"type":"Feature","id":908,"geometry":{"type":"LineString","coordinates":[[-70.59100824526688,43.25387798189194],[-70.59125000000023,43.25427083333365],[-70.59082588168543,43.254621827801074]]},"properties":{"n":113.52155369922117,"e":0,"m":[-70.59123314706225,43.25428478059266],"length_m":99.9999999995159}},{"type":"Feature","id":909,"geometry":{"type":"LineString","coordinates":[[-70.59082588168543,43.254621827801074],[-70.59001135093177,43.2552959222179]]},"properties":{"n":131.37479587358655,"e":0,"m":[-70.59041861630861,43.254958875009486],"length_m":99.99999999977673}},{"type":"Feature","id":910,"geometry":{"type":"LineString","coordinates":[[-70.59001135093177,43.2552959222179],[-70.58973958333357,43.25552083333365],[-70.58955225298776,43.25610363885396]]},"properties":{"n":103.18715338582251,"e":0,"m":[-70.58969281736304,43.25566632746416],"length_m":100.00000000069673}},{"type":"Feature","id":911,"geometry":{"type":"LineString","coordinates":[[-70.58955225298776,43.25610363885396],[-70.58927112423716,43.256978261633556]]},"properties":{"n":103.18715338980054,"e":0,"m":[-70.58941168861246,43.25654095024376],"length_m":100.00000000018738}},{"type":"Feature","id":912,"geometry":{"type":"LineString","coordinates":[[-70.58927112423716,43.256978261633556],[-70.58927083333356,43.25697916666698],[-70.58813669562159,43.25732813211682]]},"properties":{"n":157.11574880752707,"e":0,"m":[-70.58870435187123,43.25715346865539],"length_m":99.99999999980194}},{"type":"Feature","id":913,"geometry":{"type":"LineString","coordinates":[[-70.58813669562159,43.25732813211682],[-70.5879166666669,43.257395833333646],[-70.58802083333356,43.257760416666976],[-70.58846712696636,43.25789430475682]]},"properties":{"n":78.2348181918743,"e":0,"m":[-70.58799360382129,43.257665113373996],"length_m":100.00000000043741}},{"type":"Feature","id":914,"geometry":{"type":"LineString","coordinates":[[-70.58846712696636,43.25789430475682],[-70.58958333333356,43.25822916666698],[-70.58956844761575,43.2582440523848]]},"properties":{"n":22.369142805069455,"e":0,"m":[-70.58903691436302,43.25806524097581],"length_m":99.9999999996897}},{"type":"Feature","id":915,"geometry":{"type":"LineString","coordinates":[[-70.58956844761575,43.2582440523848],[-70.58890625000024,43.258906250000315],[-70.5888950470737,43.25898467048597]]},"properties":{"n":126.09087520419222,"e":0,"m":[-70.58920549230326,43.258607007697286],"length_m":99.99999999950796}},{"type":"Feature","id":916,"geometry":{"type":"LineString","coordinates":[[-70.5888950470737,43.25898467048597],[-70.58876740715428,43.25987814992202]]},"properties":{"n":95.94525947145331,"e":0,"m":[-70.58883122711399,43.259431410203995],"length_m":100.00000000047945}},{"type":"Feature","id":917,"geometry":{"type":"LineString","coordinates":[[-70.58876740715428,43.25987814992202],[-70.58863976723484,43.260771629358054]]},"properties":{"n":95.94525947090061,"e":0,"m":[-70.58870358719456,43.26032488964004],"length_m":99.99999999955313}},{"type":"Feature","id":918,"geometry":{"type":"LineString","coordinates":[[-70.58863976723484,43.260771629358054],[-70.58859375000023,43.26109375000031],[-70.58814911824494,43.261568023872634]]},"properties":{"n":124.34901706995659,"e":0,"m":[-70.5884967713609,43.26119719388228],"length_m":100.00000000029429}},{"type":"Feature","id":919,"geometry":{"type":"LineString","coordinates":[[-70.58814911824494,43.261568023872634],[-70.58781250000024,43.26192708333364],[-70.58721117039916,43.26207741573391]]},"properties":{"n":148.72356328735674,"e":0,"m":[-70.58779400037112,43.26193170824092],"length_m":99.99999999962327}},{"type":"Feature","id":920,"geometry":{"type":"LineString","coordinates":[[-70.58721117039916,43.26207741573391],[-70.58656250000024,43.262239583333645],[-70.58647814808381,43.2626332256103]]},"properties":{"n":161.07058030751722,"e":0,"m":[-70.5866283404272,43.2622231232269],"length_m":100.00000000056232}},{"type":"Feature","id":921,"geometry":{"type":"LineString","coordinates":[[-70.58647814808381,43.2626332256103],[-70.58628795922772,43.26352077360536]]},"properties":{"n":98.87828562275705,"e":0,"m":[-70.58638305365577,43.263076999607826],"length_m":99.99999999952453}},{"type":"Feature","id":922,"geometry":{"type":"LineString","coordinates":[[-70.58628795922772,43.26352077360536],[-70.58609777037164,43.26440832160042]]},"properties":{"n":98.8782856219335,"e":0,"m":[-70.58619286479968,43.26396454760289],"length_m":100.0000000004447}},{"type":"Feature","id":923,"geometry":{"type":"LineString","coordinates":[[-70.58609777037164,43.26440832160042],[-70.58609375000023,43.26442708333365],[-70.58531569960225,43.26509903595009]]},"properties":{"n":130.16667239919497,"e":0,"m":[-70.58571312593202,43.26475580411984],"length_m":99.99999999970855}},{"type":"Feature","id":924,"geometry":{"type":"LineString","coordinates":[[-70.58531569960225,43.26509903595009],[-70.58452084694271,43.2657854996106]]},"properties":{"n":130.1666723957531,"e":0,"m":[-70.58491827327248,43.26544226778034],"length_m":99.9999999999965}},{"type":"Feature","id":925,"geometry":{"type":"LineString","coordinates":[[-70.58452084694271,43.2657854996106],[-70.58380208333357,43.2664062500003],[-70.58380208333357,43.26649224284873]]},"properties":{"n":130.16667240327266,"e":0,"m":[-70.58412342061293,43.26612873144085],"length_m":100.00000000000323}},{"type":"Feature","id":926,"geometry":{"type":"LineString","coordinates":[[-70.58380208333357,43.26649224284873],[-70.58380208333357,43.266927083333634],[-70.58421398176036,43.26728013912801]]},"properties":{"n":63.125475017618236,"e":0,"m":[-70.58381480553663,43.26693798807912],"length_m":99.99999999996729}},{"type":"Feature","id":927,"geometry":{"type":"LineString","coordinates":[[-70.58421398176036,43.26728013912801],[-70.58453125000024,43.267552083333634],[-70.58451321135934,43.2680932425604]]},"properties":{"n":91.39195361085558,"e":0,"m":[-70.58452817879423,43.26764421951374],"length_m":99.99999999986542}},{"type":"Feature","id":928,"geometry":{"type":"LineString","coordinates":[[-70.58451321135934,43.2680932425604],[-70.58448327648958,43.268991288653716]]},"properties":{"n":91.39195361619008,"e":0,"m":[-70.58449824392446,43.26854226560706],"length_m":100.00000000058077}},{"type":"Feature","id":929,"geometry":{"type":"LineString","coordinates":[[-70.58448327648958,43.268991288653716],[-70.58447916666691,43.26911458333363],[-70.58367366910048,43.269620360875344]]},"properties":{"n":139.25959035404435,"e":0,"m":[-70.58414051170973,43.269327227143954],"length_m":99.99999999990588}},{"type":"Feature","id":930,"geometry":{"type":"LineString","coordinates":[[-70.58367366910048,43.269620360875344],[-70.58273998388196,43.27020662833813]]},"properties":{"n":139.25959035752686,"e":0,"m":[-70.58320682649122,43.26991349460674],"length_m":99.9999999995991}},{"type":"Feature","id":931,"geometry":{"type":"LineString","coordinates":[[-70.58273998388196,43.27020662833813],[-70.58223958333357,43.270520833333634],[-70.58220490816787,43.27093693532198]]},"properties":{"n":133.25210018180934,"e":0,"m":[-70.5822731412727,43.27049976206953],"length_m":100.0000000005034}},{"type":"Feature","id":932,"geometry":{"type":"LineString","coordinates":[[-70.58220490816787,43.27093693532198],[-70.5821354166669,43.27177083333363],[-70.58218408357827,43.27182274470576]]},"properties":{"n":93.47629688349728,"e":0,"m":[-70.58216754740728,43.2713852644491],"length_m":99.99999999971429}},{"type":"Feature","id":933,"geometry":{"type":"LineString","coordinates":[[-70.58218408357827,43.27182274470576],[-70.58287938981017,43.27256440468646]]},"properties":{"n":55.650982933054216,"e":0,"m":[-70.58253173669422,43.27219357469611],"length_m":99.99999999982083}},{"type":"Feature","id":934,"geometry":{"type":"LineString","coordinates":[[-70.58287938981017,43.27256440468646],[-70.5829166666669,43.272604166666966],[-70.582145804652,43.273242121437924]]},"properties":{"n":131.37479587358655,"e":0,"m":[-70.58255307002884,43.27290507422951],"length_m":100.00000000023694}},{"type":"Feature","id":935,"geometry":{"type":"LineString","coordinates":[[-70.582145804652,43.273242121437924],[-70.58140625000024,43.273854166666965],[-70.58138874345555,43.2739358638756]]},"properties":{"n":131.37479587358655,"e":0,"m":[-70.58173853927516,43.273579168646336],"length_m":100.00000000010321}},{"type":"Feature","id":936,"geometry":{"type":"LineString","coordinates":[[-70.58138874345555,43.2739358638756],[-70.58119855459944,43.274823411870656]]},"properties":{"n":98.8782856280292,"e":0,"m":[-70.58129364902749,43.27437963787313],"length_m":99.99999999966828}},{"type":"Feature","id":937,"geometry":{"type":"LineString","coordinates":[[-70.58119855459944,43.274823411870656],[-70.58109375000024,43.2753125000003],[-70.58075300654774,43.275630220246526]]},"properties":{"n":98.87828562275705,"e":0,"m":[-70.5811034601714,43.27526718586819],"length_m":100.00000000010138}},{"type":"Feature","id":938,"geometry":{"type":"LineString","coordinates":[[-70.58075300654774,43.275630220246526],[-70.57999401876924,43.27633792506703]]},"properties":{"n":128.01802723454165,"e":0,"m":[-70.5803735126585,43.27598407265678],"length_m":99.99999999987327}},{"type":"Feature","id":939,"geometry":{"type":"LineString","coordinates":[[-70.57999401876924,43.27633792506703],[-70.57923503099074,43.27704562988754]]},"properties":{"n":128.0180272387455,"e":0,"m":[-70.57961452487999,43.27669177747728],"length_m":100.00000000044689}},{"type":"Feature","id":940,"geometry":{"type":"LineString","coordinates":[[-70.57923503099074,43.27704562988754],[-70.57847604321223,43.27775333470803]]},"properties":{"n":128.01802724203205,"e":0,"m":[-70.57885553710149,43.27739948229779],"length_m":99.99999999971317}},{"type":"Feature","id":941,"geometry":{"type":"LineString","coordinates":[[-70.57847604321223,43.27775333470803],[-70.57771705543372,43.27846103952854]]},"properties":{"n":128.0180272387455,"e":0,"m":[-70.57809654932296,43.27810718711829],"length_m":100.00000000044689}},{"type":"Feature","id":942,"geometry":{"type":"LineString","coordinates":[[-70.57771705543372,43.27846103952854],[-70.57723958333358,43.278906250000304],[-70.57717364205982,43.27923595636902]]},"properties":{"n":128.01802723454165,"e":0,"m":[-70.57733756154447,43.27881489193879],"length_m":100.00000000000637}},{"type":"Feature","id":943,"geometry":{"type":"LineString","coordinates":[[-70.57717364205982,43.27923595636902],[-70.57699585934746,43.28012486993083]]},"properties":{"n":98.29492285675083,"e":0,"m":[-70.57708475070365,43.279680413149926],"length_m":99.99999999929149}},{"type":"Feature","id":944,"geometry":{"type":"LineString","coordinates":[[-70.57699585934746,43.28012486993083],[-70.57681807663509,43.28101378349264]]},"properties":{"n":98.29492285070074,"e":0,"m":[-70.57690696799128,43.280569326711735],"length_m":100.00000000034743}},{"type":"Feature","id":945,"geometry":{"type":"LineString","coordinates":[[-70.57681807663509,43.28101378349264],[-70.57677083333357,43.28125000000029],[-70.57616139861501,43.28076245222544]]},"properties":{"n":227.65988044513057,"e":0,"m":[-70.57657639572807,43.2810944499159],"length_m":99.99999999965785}},{"type":"Feature","id":946,"geometry":{"type":"LineString","coordinates":[[-70.57616139861501,43.28076245222544],[-70.57572916666692,43.28041666666696],[-70.57560299783474,43.28083722944088]]},"properties":{"n":203.7735482325671,"e":0,"m":[-70.57574640150196,43.28043045453499],"length_m":100.00000000030411}},{"type":"Feature","id":947,"geometry":{"type":"LineString","coordinates":[[-70.57560299783474,43.28083722944088],[-70.5753397265091,43.28171480052631]]},"properties":{"n":102.33583864842296,"e":0,"m":[-70.57547136217192,43.28127601498359],"length_m":99.99999999972802}},{"type":"Feature","id":948,"geometry":{"type":"LineString","coordinates":[[-70.5753397265091,43.28171480052631],[-70.57526041666691,43.28197916666696],[-70.57475318484022,43.28248639849363]]},"properties":{"n":126.09087520419222,"e":0,"m":[-70.57511614015272,43.28212344318115],"length_m":100.0000000000665}},{"type":"Feature","id":949,"geometry":{"type":"LineString","coordinates":[[-70.57475318484022,43.28248639849363],[-70.57447916666692,43.28276041666695],[-70.57373133194575,43.282885055787155]]},"properties":{"n":167.12161728935226,"e":0,"m":[-70.57433198500803,43.28278494694343],"length_m":100.00000000002862}},{"type":"Feature","id":950,"geometry":{"type":"LineString","coordinates":[[-70.57373133194575,43.282885055787155],[-70.57322916666692,43.28296875000029],[-70.57278771275942,43.28338077364729]]},"properties":{"n":127.99118219738459,"e":0,"m":[-70.57316697917337,43.283026791660944],"length_m":99.99999999978606}},{"type":"Feature","id":951,"geometry":{"type":"LineString","coordinates":[[-70.57278771275942,43.28338077364729],[-70.57244791666692,43.28369791666696],[-70.57177540864701,43.28377263978028]]},"properties":{"n":171.3335465070046,"e":0,"m":[-70.57238452574495,43.28370496010273],"length_m":100.0000000000415}},{"type":"Feature","id":952,"geometry":{"type":"LineString","coordinates":[[-70.57177540864701,43.28377263978028],[-70.57057291666692,43.28390625000029],[-70.57056425731498,43.283915991771224]]},"properties":{"n":171.3335465114757,"e":0,"m":[-70.57116629154908,43.28384031945783],"length_m":100.00000000070541}},{"type":"Feature","id":953,"geometry":{"type":"LineString","coordinates":[[-70.57056425731498,43.283915991771224],[-70.56989414080864,43.28466987284086]]},"properties":{"n":122.9421121704852,"e":0,"m":[-70.5702291990618,43.284292932306045],"length_m":99.99999999956107}},{"type":"Feature","id":954,"geometry":{"type":"LineString","coordinates":[[-70.56989414080864,43.28466987284086],[-70.56973958333359,43.284843750000285],[-70.56968045958304,43.28553352709001]]},"properties":{"n":93.57536557639544,"e":0,"m":[-70.56971888370012,43.28508524572409],"length_m":100.00000000005471}},{"type":"Feature","id":955,"geometry":{"type":"LineString","coordinates":[[-70.56968045958304,43.28553352709001],[-70.56960361134888,43.28643008982185]]},"properties":{"n":93.57536557639544,"e":0,"m":[-70.56964203546596,43.28598180845594],"length_m":99.9999999996894}},{"type":"Feature","id":956,"geometry":{"type":"LineString","coordinates":[[-70.56960361134888,43.28643008982185],[-70.56952676311472,43.28732665255369]]},"properties":{"n":93.57536557140251,"e":0,"m":[-70.5695651872318,43.28687837118777],"length_m":100.00000000067698}},{"type":"Feature","id":957,"geometry":{"type":"LineString","coordinates":[[-70.56952676311472,43.28732665255369],[-70.56944991488056,43.28822321528552]]},"properties":{"n":93.57536557106974,"e":0,"m":[-70.56948833899764,43.2877749339196],"length_m":99.99999999974747}},{"type":"Feature","id":958,"geometry":{"type":"LineString","coordinates":[[-70.56944991488056,43.28822321528552],[-70.56942708333358,43.28848958333362],[-70.56886172612904,43.2889679625067]]},"properties":{"n":130.74517421327369,"e":0,"m":[-70.56926388613836,43.288627673268046],"length_m":100.00000000003232}},{"type":"Feature","id":959,"geometry":{"type":"LineString","coordinates":[[-70.56886172612904,43.2889679625067],[-70.56875000000025,43.289062500000284],[-70.56927928824966,43.289732931782865]]},"properties":{"n":60.0795065345317,"e":0,"m":[-70.56897195292598,43.28934364037288],"length_m":99.99999999993656}},{"type":"Feature","id":960,"geometry":{"type":"LineString","coordinates":[[-70.56927928824966,43.289732931782865],[-70.56953125000025,43.29005208333361],[-70.56949595289966,43.29058153984271]]},"properties":{"n":92.78226608166081,"e":0,"m":[-70.56952586130811,43.290132913715674],"length_m":99.99999999972923}},{"type":"Feature","id":961,"geometry":{"type":"LineString","coordinates":[[-70.56949595289966,43.29058153984271],[-70.5694361360827,43.291478792096804]]},"properties":{"n":92.7822660869906,"e":0,"m":[-70.56946604449118,43.291030165969765],"length_m":100.00000000030518}},{"type":"Feature","id":962,"geometry":{"type":"LineString","coordinates":[[-70.5694361360827,43.291478792096804],[-70.56942708333358,43.29161458333362],[-70.56845339538623,43.29189277989]]},"properties":{"n":158.5976422864954,"e":0,"m":[-70.56902705817771,43.2917288762353],"length_m":100.00000000010759}},{"type":"Feature","id":963,"geometry":{"type":"LineString","coordinates":[[-70.56845339538623,43.29189277989],[-70.56730606980327,43.29222058719941]]},"properties":{"n":158.59764229146347,"e":0,"m":[-70.56787973259475,43.29205668354471],"length_m":99.99999999969582}},{"type":"Feature","id":964,"geometry":{"type":"LineString","coordinates":[[-70.56730606980327,43.29222058719941],[-70.56723958333359,43.29223958333361],[-70.56657989319925,43.29293592291987]]},"properties":{"n":124.62903047011376,"e":0,"m":[-70.56693002827423,43.29256633589626],"length_m":100.00000000023532}},{"type":"Feature","id":965,"geometry":{"type":"LineString","coordinates":[[-70.56657989319925,43.29293592291987],[-70.56630208333358,43.29322916666695],[-70.56632916209483,43.29377074189208]]},"properties":{"n":87.9125827583532,"e":0,"m":[-70.56630671921806,43.29332188435659],"length_m":99.99999999999292}},{"type":"Feature","id":966,"geometry":{"type":"LineString","coordinates":[[-70.56632916209483,43.29377074189208],[-70.56635416666691,43.29427083333361],[-70.56683268355795,43.29446224009003]]},"properties":{"n":87.91258275302066,"e":0,"m":[-70.56635160497162,43.29421959942757],"length_m":100.00000000003104}},{"type":"Feature","id":967,"geometry":{"type":"LineString","coordinates":[[-70.56683268355795,43.29446224009003],[-70.56791303138685,43.29489437922159]]},"properties":{"n":28.754477507366044,"e":0,"m":[-70.56737285747239,43.29467830965581],"length_m":99.99999999956547}},{"type":"Feature","id":968,"geometry":{"type":"LineString","coordinates":[[-70.56791303138685,43.29489437922159],[-70.56791666666692,43.29489583333361],[-70.56726069517751,43.295652723513705]]},"properties":{"n":122.28358385598301,"e":0,"m":[-70.56758978829302,43.29527300068812],"length_m":100.0000000007595}},{"type":"Feature","id":969,"geometry":{"type":"LineString","coordinates":[[-70.56726069517751,43.295652723513705],[-70.56723958333359,43.295677083333615],[-70.56716520006732,43.29654488810673]]},"properties":{"n":93.57536557106974,"e":0,"m":[-70.5672036241844,43.296096606740804],"length_m":99.99999999983224}},{"type":"Feature","id":970,"geometry":{"type":"LineString","coordinates":[[-70.56716520006732,43.29654488810673],[-70.56708835183316,43.29744145083856]]},"properties":{"n":93.57536557106974,"e":0,"m":[-70.56712677595024,43.29699316947265],"length_m":99.99999999974747}},{"type":"Feature","id":971,"geometry":{"type":"LineString","coordinates":[[-70.56708835183316,43.29744145083856],[-70.567011503599,43.298338013570394]]},"properties":{"n":93.57536557106974,"e":0,"m":[-70.56704992771608,43.297889732204474],"length_m":99.99999999974747}},{"type":"Feature","id":972,"geometry":{"type":"LineString","coordinates":[[-70.567011503599,43.298338013570394],[-70.56693465536485,43.299234576302226]]},"properties":{"n":93.57536557106974,"e":0,"m":[-70.56697307948193,43.29878629493631],"length_m":99.99999999974747}},{"type":"Feature","id":973,"geometry":{"type":"LineString","coordinates":[[-70.56693465536485,43.299234576302226],[-70.56692708333358,43.299322916666945],[-70.56624111880431,43.29995988372984]]},"properties":{"n":128.13344287769883,"e":0,"m":[-70.56662158973491,43.29960658929428],"length_m":100.00000000029266}},{"type":"Feature","id":974,"geometry":{"type":"LineString","coordinates":[[-70.56624111880431,43.29995988372984],[-70.56548017694311,43.30066647260096]]},"properties":{"n":128.13344287769883,"e":0,"m":[-70.5658606478737,43.3003131781654],"length_m":99.99999999986052}},{"type":"Feature","id":975,"geometry":{"type":"LineString","coordinates":[[-70.56548017694311,43.30066647260096],[-70.56473958333359,43.30135416666694],[-70.56473560895444,43.3013780129419]]},"properties":{"n":128.13344287769883,"e":0,"m":[-70.5650997060125,43.30101976703652],"length_m":99.999999999889}},{"type":"Feature","id":976,"geometry":{"type":"LineString","coordinates":[[-70.56473560895444,43.3013780129419],[-70.56458698333677,43.30226976664786]]},"properties":{"n":96.92718673713142,"e":0,"m":[-70.5646612961456,43.30182388979488],"length_m":100.00000000029735}},{"type":"Feature","id":977,"geometry":{"type":"LineString","coordinates":[[-70.56458698333677,43.30226976664786],[-70.56453125000026,43.30260416666694],[-70.56402414730842,43.30302675224347]]},"properties":{"n":131.17821244009286,"e":0,"m":[-70.56442982391503,43.30268868840463],"length_m":99.99999999994373}},{"type":"Feature","id":978,"geometry":{"type":"LineString","coordinates":[[-70.56402414730842,43.30302675224347],[-70.56390625000026,43.303125000000264],[-70.56382423783123,43.30389044691128]]},"properties":{"n":94.46595070930036,"e":0,"m":[-70.56387221552987,43.303442655057275],"length_m":100.00000000004029}},{"type":"Feature","id":979,"geometry":{"type":"LineString","coordinates":[[-70.56382423783123,43.30389044691128],[-70.56372828243393,43.3047860306193]]},"properties":{"n":94.46595070930036,"e":0,"m":[-70.56377626013257,43.30433823876529],"length_m":100.00000000005225}},{"type":"Feature","id":980,"geometry":{"type":"LineString","coordinates":[[-70.56372828243393,43.3047860306193],[-70.56363232703664,43.30568161432731]]},"properties":{"n":94.46595070398048,"e":0,"m":[-70.5636803047353,43.305233822473305],"length_m":99.99999999997975}},{"type":"Feature","id":981,"geometry":{"type":"LineString","coordinates":[[-70.56363232703664,43.30568161432731],[-70.56359375000025,43.306041666666935],[-70.56312887913444,43.306458447443184]]},"properties":{"n":129.11388385322155,"e":0,"m":[-70.56351758724598,43.3061099505156],"length_m":100.00000000011893}},{"type":"Feature","id":982,"geometry":{"type":"LineString","coordinates":[[-70.56312887913444,43.306458447443184],[-70.56235146291135,43.307155441298356]]},"properties":{"n":129.11388385322155,"e":0,"m":[-70.56274017102291,43.30680694437077],"length_m":100.00000000022438}},{"type":"Feature","id":983,"geometry":{"type":"LineString","coordinates":[[-70.56235146291135,43.307155441298356],[-70.56208333333359,43.307395833333594],[-70.56260297710448,43.30784619126837]]},"properties":{"n":49.93221655732038,"e":0,"m":[-70.56220636401692,43.3075024599258],"length_m":99.99999999993697}},{"type":"Feature","id":984,"geometry":{"type":"LineString","coordinates":[[-70.56260297710448,43.30784619126837],[-70.56286458333359,43.30807291666693],[-70.56286458333359,43.30859375000026],[-70.56276785865123,43.308634051951245]]},"properties":{"n":90.0,"e":0,"m":[-70.56286458333359,43.30822580896102],"length_m":100.00000000014003}},{"type":"Feature","id":985,"geometry":{"type":"LineString","coordinates":[[-70.56276785865123,43.308634051951245],[-70.5622395833336,43.30885416666693],[-70.56214591844332,43.30930375814025]]},"properties":{"n":120.99729326710109,"e":0,"m":[-70.56223843174091,43.308859694311806],"length_m":100.00000000006659}},{"type":"Feature","id":986,"geometry":{"type":"LineString","coordinates":[[-70.56214591844332,43.30930375814025],[-70.56197916666693,43.31010416666693],[-70.56186847701919,43.310141063216186]]},"properties":{"n":98.63543617210378,"e":0,"m":[-70.56205340514573,43.30974782196869],"length_m":99.9999999998243}},{"type":"Feature","id":987,"geometry":{"type":"LineString","coordinates":[[-70.56186847701919,43.310141063216186],[-70.56074778034485,43.31051462877429]]},"properties":{"n":155.42694325884278,"e":0,"m":[-70.56130812868201,43.31032784599524],"length_m":99.99999999945697}},{"type":"Feature","id":988,"geometry":{"type":"LineString","coordinates":[[-70.56074778034485,43.31051462877429],[-70.56072916666693,43.3105208333336],[-70.56045270719049,43.31138092948249]]},"properties":{"n":103.18715339101789,"e":0,"m":[-70.56059327156579,43.310943618092686],"length_m":100.0000000003876}},{"type":"Feature","id":989,"geometry":{"type":"LineString","coordinates":[[-70.56045270719049,43.31138092948249],[-70.56026041666692,43.31197916666693],[-70.55992233244616,43.31212003509225]]},"properties":{"n":103.18715338582251,"e":0,"m":[-70.56031214281519,43.311818240872284],"length_m":99.99999999980847}},{"type":"Feature","id":990,"geometry":{"type":"LineString","coordinates":[[-70.55992233244616,43.31212003509225],[-70.55963541666692,43.31223958333359],[-70.55996492766045,43.31285153232155]]},"properties":{"n":68.5689218825113,"e":0,"m":[-70.55973979690957,43.31243343235565],"length_m":99.99999999995097}},{"type":"Feature","id":991,"geometry":{"type":"LineString","coordinates":[[-70.55996492766045,43.31285153232155],[-70.5603645833336,43.31359375000026],[-70.56027850700558,43.31367284716653]]},"properties":{"n":68.5689218825113,"e":0,"m":[-70.56019005841132,43.31326963228746],"length_m":100.00000000004363}},{"type":"Feature","id":992,"geometry":{"type":"LineString","coordinates":[[-70.56027850700558,43.31367284716653],[-70.55951264943955,43.314376608173156]]},"properties":{"n":128.42459466505676,"e":0,"m":[-70.55989557822258,43.314024727669846],"length_m":100.00000000008515}},{"type":"Feature","id":993,"geometry":{"type":"LineString","coordinates":[[-70.55951264943955,43.314376608173156],[-70.55874679187353,43.315080369179775]]},"properties":{"n":128.4245946659209,"e":0,"m":[-70.55912972065654,43.31472848867646],"length_m":99.99999999993433}},{"type":"Feature","id":994,"geometry":{"type":"LineString","coordinates":[[-70.55874679187353,43.315080369179775],[-70.55843750000025,43.3153645833336],[-70.55770286226615,43.3153645833336]]},"properties":{"n":180.0,"e":0,"m":[-70.55831901441674,43.3153645833336],"length_m":99.9999999997246}},{"type":"Feature","id":995,"geometry":{"type":"LineString","coordinates":[[-70.55770286226615,43.3153645833336],[-70.5573958333336,43.3153645833336],[-70.55700320257534,43.314753824376325]]},"properties":{"n":244.89114574611602,"e":0,"m":[-70.55726466018493,43.31516053621345],"length_m":99.99999999997443}},{"type":"Feature","id":996,"geometry":{"type":"LineString","coordinates":[[-70.55700320257534,43.314753824376325],[-70.55692708333359,43.31463541666693],[-70.55640625000026,43.31468750000026],[-70.55632488250521,43.31506721497718]]},"properties":{"n":172.18891225320863,"e":0,"m":[-70.55649436665985,43.314678688334304],"length_m":100.00000000063068}},{"type":"Feature","id":997,"geometry":{"type":"LineString","coordinates":[[-70.55632488250521,43.31506721497718],[-70.55613469364913,43.31595476297223]]},"properties":{"n":98.87828562275705,"e":0,"m":[-70.55622978807716,43.31551098897471],"length_m":99.99999999952453}},{"type":"Feature","id":998,"geometry":{"type":"LineString","coordinates":[[-70.55613469364913,43.31595476297223],[-70.55609375000026,43.31614583333359],[-70.55541666666693,43.31656250000026],[-70.5554574358465,43.316613461474724]]},"properties":{"n":139.8294337833942,"e":0,"m":[-70.55582564590769,43.31631082046749],"length_m":99.99999999991553}},{"type":"Feature","id":999,"geometry":{"type":"LineString","coordinates":[[-70.5554574358465,43.316613461474724],[-70.55607823244046,43.31738945721718]]},"properties":{"n":59.750336118077335,"e":0,"m":[-70.55576783414348,43.31700145934595],"length_m":100.00000000048526}},{"type":"Feature","id":1000,"geometry":{"type":"LineString","coordinates":[[-70.55607823244046,43.31738945721718],[-70.55625000000026,43.317604166666925],[-70.55540022483333,43.317800268628524]]},"properties":{"n":162.4338014378837,"e":0,"m":[-70.55598764512146,43.31766471010049],"length_m":100.00000000004775}},{"type":"Feature","id":1001,"geometry":{"type":"LineString","coordinates":[[-70.55540022483333,43.317800268628524],[-70.55422538425708,43.31807138568458]]},"properties":{"n":162.4338014378837,"e":0,"m":[-70.55481280454521,43.31793582715655],"length_m":100.00000000014772}},{"type":"Feature","id":1002,"geometry":{"type":"LineString","coordinates":[[-70.55422538425708,43.31807138568458],[-70.55421875000026,43.31807291666693],[-70.5539100273513,43.31893734008406]]},"properties":{"n":104.59278039268025,"e":0,"m":[-70.55406526529548,43.31850267384035],"length_m":99.99999999944554}},{"type":"Feature","id":1003,"geometry":{"type":"LineString","coordinates":[[-70.5539100273513,43.31893734008406],[-70.55359955146291,43.319806672571495]]},"properties":{"n":104.59278039784421,"e":0,"m":[-70.55375478940711,43.31937200632778],"length_m":99.99999999967838}},{"type":"Feature","id":1004,"geometry":{"type":"LineString","coordinates":[[-70.55359955146291,43.319806672571495],[-70.55343750000026,43.320260416666926],[-70.5529053412739,43.320444625456815]]},"properties":{"n":118.02754827718289,"e":0,"m":[-70.55344431351872,43.32024133881522],"length_m":100.00000000075617}},{"type":"Feature","id":1005,"geometry":{"type":"LineString","coordinates":[[-70.5529053412739,43.320444625456815],[-70.5520833333336,43.32072916666692],[-70.55229081347012,43.32090898278524]]},"properties":{"n":154.59909612832578,"e":0,"m":[-70.55234875345987,43.320637290469364],"length_m":99.99999999993612}},{"type":"Feature","id":1006,"geometry":{"type":"LineString","coordinates":[[-70.55229081347012,43.32090898278524],[-70.5528645833336,43.321406250000244],[-70.5528645833336,43.32165477944036]]},"properties":{"n":49.9322165648388,"e":0,"m":[-70.5526874265577,43.321252714127795],"length_m":99.9999999998875}},{"type":"Feature","id":1007,"geometry":{"type":"LineString","coordinates":[[-70.5528645833336,43.32165477944036],[-70.5528645833336,43.321927083333584],[-70.5522395833336,43.322135416666924],[-70.55218973646019,43.322255049163104]]},"properties":{"n":155.42694325398998,"e":0,"m":[-70.55264395031563,43.32200062767291],"length_m":99.99999999962651}},{"type":"Feature","id":1008,"geometry":{"type":"LineString","coordinates":[[-70.55218973646019,43.322255049163104],[-70.55197916666694,43.32276041666692],[-70.55149094649842,43.32286212920203]]},"properties":{"n":106.8954730285855,"e":0,"m":[-70.55201066625912,43.32268481764569],"length_m":100.00000000010512}},{"type":"Feature","id":1009,"geometry":{"type":"LineString","coordinates":[[-70.55149094649842,43.32286212920203],[-70.55072916666694,43.32302083333359],[-70.55060599048706,43.32332877378331]]},"properties":{"n":164.0504925190459,"e":0,"m":[-70.55089851359868,43.322985552722805],"length_m":99.99999999965053}},{"type":"Feature","id":1010,"geometry":{"type":"LineString","coordinates":[[-70.55060599048706,43.32332877378331],[-70.55026103165149,43.32419117087218]]},"properties":{"n":106.25602172650446,"e":0,"m":[-70.55043351106927,43.32375997232775],"length_m":100.00000000084873}},{"type":"Feature","id":1011,"geometry":{"type":"LineString","coordinates":[[-70.55026103165149,43.32419117087218],[-70.55010416666693,43.324583333333585],[-70.54965160017436,43.324221280139525]]},"properties":{"n":225.16597995276766,"e":0,"m":[-70.55006659728741,43.32455327782998],"length_m":99.99999999939179}},{"type":"Feature","id":1012,"geometry":{"type":"LineString","coordinates":[[-70.54965160017436,43.324221280139525],[-70.54906250000028,43.32375000000025],[-70.54887774699938,43.323973243209664]]},"properties":{"n":227.65988044513057,"e":0,"m":[-70.54923660306129,43.323889282449066],"length_m":100.00000000056863}},{"type":"Feature","id":1013,"geometry":{"type":"LineString","coordinates":[[-70.54887774699938,43.323973243209664],[-70.54824118531306,43.32474242191396]]},"properties":{"n":121.10192457540768,"e":0,"m":[-70.54855946615623,43.324357832561816],"length_m":99.9999999993143}},{"type":"Feature","id":1014,"geometry":{"type":"LineString","coordinates":[[-70.54824118531306,43.32474242191396],[-70.54781250000028,43.325260416666914],[-70.54742641268423,43.32534314966321]]},"properties":{"n":121.10192458273313,"e":0,"m":[-70.5479229044699,43.32512701126611],"length_m":100.00000000025133}},{"type":"Feature","id":1015,"geometry":{"type":"LineString","coordinates":[[-70.54742641268423,43.32534314966321],[-70.54635416666693,43.325572916666914],[-70.54629151047052,43.32564294418054]]},"properties":{"n":163.61891109022383,"e":0,"m":[-70.5468352719288,43.32546982268223],"length_m":99.99999999966496}},{"type":"Feature","id":1016,"geometry":{"type":"LineString","coordinates":[[-70.54629151047052,43.32564294418054],[-70.54561829803559,43.32639535807842]]},"properties":{"n":123.11380099733617,"e":0,"m":[-70.54595490425307,43.326019151129486],"length_m":100.00000000034997}},{"type":"Feature","id":1017,"geometry":{"type":"LineString","coordinates":[[-70.54561829803559,43.32639535807842],[-70.54546875000027,43.32656250000025],[-70.5453531402153,43.32725615871005]]},"properties":{"n":96.92718673713142,"e":0,"m":[-70.54542745302413,43.32681028185707],"length_m":99.99999999993508}},{"type":"Feature","id":1018,"geometry":{"type":"LineString","coordinates":[[-70.5453531402153,43.32725615871005],[-70.54526041666693,43.32781250000025],[-70.54497022541003,43.32807596311507]]},"properties":{"n":96.92718674242855,"e":0,"m":[-70.54527882740648,43.32770203556302],"length_m":100.00000000046751}},{"type":"Feature","id":1019,"geometry":{"type":"LineString","coordinates":[[-70.54497022541003,43.32807596311507],[-70.5441987002171,43.32877642677708]]},"properties":{"n":128.7617459907871,"e":0,"m":[-70.54458446281356,43.328426194946076],"length_m":99.99999999970811}},{"type":"Feature","id":1020,"geometry":{"type":"LineString","coordinates":[[-70.5441987002171,43.32877642677708],[-70.54342717502415,43.329476890439096]]},"properties":{"n":128.76174598662627,"e":0,"m":[-70.54381293762061,43.32912665860809],"length_m":100.0000000002912}},{"type":"Feature","id":1021,"geometry":{"type":"LineString","coordinates":[[-70.54342717502415,43.329476890439096],[-70.5426556498312,43.3301773541011]]},"properties":{"n":128.7617459907871,"e":0,"m":[-70.54304141242768,43.329827122270096],"length_m":99.99999999970811}},{"type":"Feature","id":1022,"geometry":{"type":"LineString","coordinates":[[-70.5426556498312,43.3301773541011],[-70.54188412463827,43.33087781776312]]},"properties":{"n":128.7617459907871,"e":0,"m":[-70.54226988723472,43.33052758593211],"length_m":99.99999999970811}},{"type":"Feature","id":1023,"geometry":{"type":"LineString","coordinates":[[-70.54188412463827,43.33087781776312],[-70.5413020833336,43.33140625000024],[-70.54123062206222,43.33162063381443]]},"properties":{"n":128.76174598662627,"e":0,"m":[-70.54149836204179,43.331228049594124],"length_m":100.00000000049832}},{"type":"Feature","id":1024,"geometry":{"type":"LineString","coordinates":[[-70.54123062206222,43.33162063381443],[-70.54109375000027,43.33203125000025],[-70.54050022774794,43.332229090751014]]},"properties":{"n":145.57031787974492,"e":0,"m":[-70.54106057608512,43.33204230797197],"length_m":99.99999999982671}},{"type":"Feature","id":1025,"geometry":{"type":"LineString","coordinates":[[-70.54050022774794,43.332229090751014],[-70.54046875000027,43.332239583333575],[-70.54026041666694,43.33286458333358],[-70.53997361134486,43.3329601851076]]},"properties":{"n":103.65758235693775,"e":0,"m":[-70.54033143755669,43.33265152066433],"length_m":99.99999999978057}},{"type":"Feature","id":1026,"geometry":{"type":"LineString","coordinates":[[-70.53997361134486,43.3329601851076],[-70.53963541666694,43.33307291666691],[-70.53943225305116,43.333682407514246]]},"properties":{"n":103.6575823633829,"e":0,"m":[-70.53957773816788,43.33324595216411],"length_m":100.00000000035757}},{"type":"Feature","id":1027,"geometry":{"type":"LineString","coordinates":[[-70.53943225305116,43.333682407514246],[-70.5394270833336,43.333697916666914],[-70.53890625000028,43.333697916666914],[-70.53853794024387,43.33327294387106]]},"properties":{"n":237.71641614235585,"e":0,"m":[-70.53886703335938,43.33365266669664],"length_m":99.999999999724}},{"type":"Feature","id":1028,"geometry":{"type":"LineString","coordinates":[[-70.53853794024387,43.33327294387106],[-70.53822916666695,43.33291666666691],[-70.53781872497886,43.33328801867041]]},"properties":{"n":142.4816366510892,"e":0,"m":[-70.53820529808172,43.332938262053545],"length_m":99.99999999976725}},{"type":"Feature","id":1029,"geometry":{"type":"LineString","coordinates":[[-70.53781872497886,43.33328801867041],[-70.53713541666694,43.33390625000024],[-70.53713541666694,43.334010631789006]]},"properties":{"n":128.85846835623656,"e":0,"m":[-70.537432151876,43.33363777528728],"length_m":100.00000000005859}},{"type":"Feature","id":1030,"geometry":{"type":"LineString","coordinates":[[-70.53713541666694,43.334010631789006],[-70.53713541666694,43.33442708333357],[-70.53756090805817,43.3347958425393]]},"properties":{"n":55.09696159985854,"e":0,"m":[-70.5371642949706,43.33445211119674],"length_m":100.00000000026975}},{"type":"Feature","id":1031,"geometry":{"type":"LineString","coordinates":[[-70.53756090805817,43.3347958425393],[-70.53791666666694,43.33510416666691],[-70.53751632390916,43.33550450942469]]},"properties":{"n":126.09087520419222,"e":0,"m":[-70.53787927922164,43.335141554112205],"length_m":100.00000000018645}},{"type":"Feature","id":1032,"geometry":{"type":"LineString","coordinates":[[-70.53751632390916,43.33550450942469],[-70.53692708333361,43.33609375000024],[-70.5366957434094,43.33610660221826]]},"properties":{"n":126.0908751998802,"e":0,"m":[-70.53715336859668,43.33586746473717],"length_m":99.99999999939789}},{"type":"Feature","id":1033,"geometry":{"type":"LineString","coordinates":[[-70.5366957434094,43.33610660221826],[-70.53546700229401,43.33617486561356]]},"properties":{"n":175.64184589280498,"e":0,"m":[-70.5360813728517,43.33614073391591],"length_m":100.00000000030684}},{"type":"Feature","id":1034,"geometry":{"type":"LineString","coordinates":[[-70.53546700229401,43.33617486561356],[-70.53505208333361,43.33619791666691],[-70.53449839150342,43.33576079153781]]},"properties":{"n":227.28184590990207,"e":0,"m":[-70.53491638449663,43.33609078600614],"length_m":100.00000000026408}},{"type":"Feature","id":1035,"geometry":{"type":"LineString","coordinates":[[-70.53449839150342,43.33576079153781],[-70.53406250000029,43.33541666666691],[-70.53393342315651,43.335836166409194]]},"properties":{"n":204.1864220299019,"e":0,"m":[-70.53408039851021,43.33543079706948],"length_m":99.9999999995877}},{"type":"Feature","id":1036,"geometry":{"type":"LineString","coordinates":[[-70.53393342315651,43.335836166409194],[-70.53366372078099,43.33671269912962]]},"properties":{"n":102.64209634584945,"e":0,"m":[-70.53379857196876,43.33627443276941],"length_m":99.99999999980723}},{"type":"Feature","id":1037,"geometry":{"type":"LineString","coordinates":[[-70.53366372078099,43.33671269912962],[-70.53364583333362,43.336770833333574],[-70.5325930589961,43.337109225084916]]},"properties":{"n":156.2055866832999,"e":0,"m":[-70.53315683760486,43.3369280105321],"length_m":100.00000000012993}},{"type":"Feature","id":1038,"geometry":{"type":"LineString","coordinates":[[-70.5325930589961,43.337109225084916],[-70.53218750000028,43.33723958333357],[-70.53182884986752,43.33775194066609]]},"properties":{"n":117.03422239596792,"e":0,"m":[-70.53210890495185,43.33735186197416],"length_m":100.00000000053706}},{"type":"Feature","id":1039,"geometry":{"type":"LineString","coordinates":[[-70.53182884986752,43.33775194066609],[-70.53182291666695,43.3377604166669],[-70.53061200818783,43.33786420882226]]},"properties":{"n":173.29378592660072,"e":0,"m":[-70.53122394461927,43.33781175712814],"length_m":99.99999999951642}},{"type":"Feature","id":1040,"geometry":{"type":"LineString","coordinates":[[-70.53061200818783,43.33786420882226],[-70.52938813532495,43.3379691122105]]},"properties":{"n":173.2937859219243,"e":0,"m":[-70.53000007175639,43.337916660516385],"length_m":100.00000000047068}},{"type":"Feature","id":1041,"geometry":{"type":"LineString","coordinates":[[-70.52938813532495,43.3379691122105],[-70.52817708333362,43.3380729166669],[-70.52816858387617,43.338079999548114]]},"properties":{"n":173.29378592660072,"e":0,"m":[-70.52877619889351,43.338021563904626],"length_m":99.99999999970261}},{"type":"Feature","id":1042,"geometry":{"type":"LineString","coordinates":[[-70.52816858387617,43.338079999548114],[-70.52735723066294,43.33875612722579]]},"properties":{"n":131.17821244410916,"e":0,"m":[-70.52776290726956,43.33841806338696],"length_m":99.99999999958268}},{"type":"Feature","id":1043,"geometry":{"type":"LineString","coordinates":[[-70.52735723066294,43.33875612722579],[-70.52723958333362,43.338854166666906],[-70.52708138584865,43.339613514594774]]},"properties":{"n":98.63543617130259,"e":0,"m":[-70.52717389914625,43.33916945076633],"length_m":100.00000000026722}},{"type":"Feature","id":1044,"geometry":{"type":"LineString","coordinates":[[-70.52708138584865,43.339613514594774],[-70.52697916666696,43.340104166666904],[-70.52647453598587,43.34026636938583]]},"properties":{"n":98.63543617130259,"e":0,"m":[-70.52698887255106,43.34005757842322],"length_m":100.00000000043205}},{"type":"Feature","id":1045,"geometry":{"type":"LineString","coordinates":[[-70.52647453598587,43.34026636938583],[-70.52552083333362,43.3405729166669],[-70.52542268385301,43.34069151395597]]},"properties":{"n":156.2055866832999,"e":0,"m":[-70.52591075737709,43.34044758393864],"length_m":100.00000000004125}},{"type":"Feature","id":1046,"geometry":{"type":"LineString","coordinates":[[-70.52542268385301,43.34069151395597],[-70.52478612216669,43.34146069266027]]},"properties":{"n":121.1019245781641,"e":0,"m":[-70.52510440300985,43.341076103308126],"length_m":100.00000000011174}},{"type":"Feature","id":1047,"geometry":{"type":"LineString","coordinates":[[-70.52478612216669,43.34146069266027],[-70.52427083333362,43.34208333333357],[-70.52413253840544,43.341945038405385]]},"properties":{"n":121.10192457997671,"e":0,"m":[-70.52446784132354,43.34184528201242],"length_m":99.99999999965395}},{"type":"Feature","id":1048,"geometry":{"type":"LineString","coordinates":[[-70.52413253840544,43.341945038405385],[-70.52359375000029,43.34140625000023],[-70.52327971865931,43.341371357629015]]},"properties":{"n":233.90912479580777,"e":0,"m":[-70.52376958309296,43.3415820830929],"length_m":99.99999999974976}},{"type":"Feature","id":1049,"geometry":{"type":"LineString","coordinates":[[-70.52327971865931,43.341371357629015],[-70.52218750000029,43.34125000000024],[-70.52207574758674,43.34129470096565]]},"properties":{"n":188.66645348772025,"e":0,"m":[-70.52267060156137,43.341303677951466],"length_m":100.00000000024873}},{"type":"Feature","id":1050,"geometry":{"type":"LineString","coordinates":[[-70.52207574758674,43.34129470096565],[-70.5214062500003,43.34156250000023],[-70.52129159003138,43.34189373991041]]},"properties":{"n":151.24552248795587,"e":0,"m":[-70.5215355736723,43.34151077053143],"length_m":99.99999999985044}},{"type":"Feature","id":1051,"geometry":{"type":"LineString","coordinates":[[-70.52129159003138,43.34189373991041],[-70.52099008686629,43.34276474905397]]},"properties":{"n":104.16210586283202,"e":0,"m":[-70.52114083844884,43.342329244482194],"length_m":99.99999999972495}},{"type":"Feature","id":1052,"geometry":{"type":"LineString","coordinates":[[-70.52099008686629,43.34276474905397],[-70.52093750000029,43.3429166666669],[-70.52013681189001,43.34245913060389]]},"properties":{"n":218.09241372753365,"e":0,"m":[-70.52062173393087,43.34273622891295],"length_m":100.00000000093318}},{"type":"Feature","id":1053,"geometry":{"type":"LineString","coordinates":[[-70.52013681189001,43.34245913060389],[-70.51947916666697,43.34208333333357],[-70.51911167680338,43.34219221921907]]},"properties":{"n":218.09241373082565,"e":0,"m":[-70.51965188984919,43.342182032294836],"length_m":99.99999999949127}},{"type":"Feature","id":1054,"geometry":{"type":"LineString","coordinates":[[-70.51911167680338,43.34219221921907],[-70.51797007151102,43.34253047263903]]},"properties":{"n":157.88024445957993,"e":0,"m":[-70.5185408741572,43.34236134592905],"length_m":100.00000000000358}},{"type":"Feature","id":1055,"geometry":{"type":"LineString","coordinates":[[-70.51797007151102,43.34253047263903],[-70.51682846621867,43.342868726058995]]},"properties":{"n":157.88024446452326,"e":0,"m":[-70.51739926886485,43.34269959934901],"length_m":100.00000000035426}},{"type":"Feature","id":1056,"geometry":{"type":"LineString","coordinates":[[-70.51682846621867,43.342868726058995],[-70.51666666666696,43.3429166666669],[-70.51561586052456,43.34282909948836]]},"properties":{"n":186.52155773344737,"e":0,"m":[-70.51622802567303,43.342880113250736],"length_m":99.99999999959067}},{"type":"Feature","id":1057,"geometry":{"type":"LineString","coordinates":[[-70.51561586052456,43.34282909948836],[-70.51479166666697,43.34276041666689],[-70.51459468609752,43.34250434192662]]},"properties":{"n":186.52155773344737,"e":0,"m":[-70.5150036953761,43.34277808572599],"length_m":100.00000000006044}},{"type":"Feature","id":1058,"geometry":{"type":"LineString","coordinates":[[-70.51459468609752,43.34250434192662],[-70.51427083333363,43.34208333333357],[-70.51387742690432,43.34238417354421]]},"properties":{"n":232.46962088202116,"e":0,"m":[-70.51429332729165,43.34211257547902],"length_m":100.00000000013368}},{"type":"Feature","id":1059,"geometry":{"type":"LineString","coordinates":[[-70.51387742690432,43.34238417354421],[-70.51338541666696,43.34276041666689],[-70.51286645643953,43.342772772862794]]},"properties":{"n":133.62941805994808,"e":0,"m":[-70.51345228729751,43.34270928030236],"length_m":99.99999999949019}},{"type":"Feature","id":1060,"geometry":{"type":"LineString","coordinates":[[-70.51286645643953,43.342772772862794],[-70.51163480892512,43.342802097803606]]},"properties":{"n":178.1292741807309,"e":0,"m":[-70.51225063268232,43.34278743533319],"length_m":100.00000000006963}},{"type":"Feature","id":1061,"geometry":{"type":"LineString","coordinates":[[-70.51163480892512,43.342802097803606],[-70.51040316141074,43.342831422744425]]},"properties":{"n":178.1292741807309,"e":0,"m":[-70.51101898516794,43.34281676027402],"length_m":100.00000000006963}},{"type":"Feature","id":1062,"geometry":{"type":"LineString","coordinates":[[-70.51040316141074,43.342831422744425],[-70.50917151389633,43.34286074768525]]},"properties":{"n":178.12927418606415,"e":0,"m":[-70.50978733765353,43.34284608521484],"length_m":100.00000000010003}},{"type":"Feature","id":1063,"geometry":{"type":"LineString","coordinates":[[-70.50917151389633,43.34286074768525],[-70.50901041666697,43.34286458333357],[-70.50799222969724,43.34262215786459]]},"properties":{"n":198.08803818999337,"e":0,"m":[-70.50857793196083,43.342761610784486],"length_m":100.00000000034795}},{"type":"Feature","id":1064,"geometry":{"type":"LineString","coordinates":[[-70.50799222969724,43.34262215786459],[-70.50791666666697,43.3426041666669],[-70.50865872471692,43.34196104969027]]},"properties":{"n":310.067783438596,"e":0,"m":[-70.50826211162936,43.34230478103283],"length_m":99.99999999941386}},{"type":"Feature","id":1065,"geometry":{"type":"LineString","coordinates":[[-70.50865872471692,43.34196104969027],[-70.50869791666697,43.34192708333356],[-70.50864583333365,43.34140625000023],[-70.50820223712368,43.34133231729857]]},"properties":{"n":265.8306921579254,"e":0,"m":[-70.50865754663037,43.34152338296753],"length_m":100.00000000013709}},{"type":"Feature","id":1066,"geometry":{"type":"LineString","coordinates":[[-70.50820223712368,43.34133231729857],[-70.50739583333365,43.3411979166669],[-70.5071855155685,43.34094553534872]]},"properties":{"n":192.87838271064774,"e":0,"m":[-70.5076015840614,43.34123220845486],"length_m":99.99999999979823}},{"type":"Feature","id":1067,"geometry":{"type":"LineString","coordinates":[[-70.5071855155685,43.34094553534872],[-70.5068750000003,43.3405729166669],[-70.50624103746026,43.34055970911398]]},"properties":{"n":201.11682220198284,"e":0,"m":[-70.50685693813753,43.3405725403781],"length_m":100.00000000033158}},{"type":"Feature","id":1068,"geometry":{"type":"LineString","coordinates":[[-70.50624103746026,43.34055970911398],[-70.50500923610568,43.340534046585766]]},"properties":{"n":181.6370214136592,"e":0,"m":[-70.50562513678297,43.340546877849874],"length_m":100.00000000040427}},{"type":"Feature","id":1069,"geometry":{"type":"LineString","coordinates":[[-70.50500923610568,43.340534046585766],[-70.50437500000031,43.34052083333357],[-70.50412714699443,43.340917398142984]]},"properties":{"n":159.24207079482625,"e":0,"m":[-70.5043933354284,43.34052121532166],"length_m":99.99999999932047}},{"type":"Feature","id":1070,"geometry":{"type":"LineString","coordinates":[[-70.50412714699443,43.340917398142984],[-70.50361623095841,43.34173486380061]]},"properties":{"n":114.49426566120079,"e":0,"m":[-70.50387168897642,43.341326130971794],"length_m":100.00000000000476}},{"type":"Feature","id":1071,"geometry":{"type":"LineString","coordinates":[[-70.50361623095841,43.34173486380061],[-70.5035937500003,43.34177083333357],[-70.50246686643511,43.34202125190361]]},"properties":{"n":163.0464352344646,"e":0,"m":[-70.50305624147205,43.34189027967318],"length_m":100.00000000047682}},{"type":"Feature","id":1072,"geometry":{"type":"LineString","coordinates":[[-70.50246686643511,43.34202125190361],[-70.5021875000003,43.34208333333357],[-70.50140625000031,43.34192708333356],[-70.50132959750812,43.341850430841355]]},"properties":{"n":195.34216675587135,"e":0,"m":[-70.50187495648136,43.34202082462977],"length_m":99.9999999999783}},{"type":"Feature","id":1073,"geometry":{"type":"LineString","coordinates":[[-70.50132959750812,43.341850430841355],[-70.50060368688314,43.34112452021638]]},"properties":{"n":233.90912479580777,"e":0,"m":[-70.50096664219562,43.341487475528865],"length_m":100.0000000002637}},{"type":"Feature","id":1074,"geometry":{"type":"LineString","coordinates":[[-70.50060368688314,43.34112452021638],[-70.49989583333365,43.340416666666904],[-70.4998771398685,43.34043437626546]]},"properties":{"n":233.90912479580777,"e":0,"m":[-70.50024073157064,43.3407615649039],"length_m":99.99999999961994}},{"type":"Feature","id":1075,"geometry":{"type":"LineString","coordinates":[[-70.4998771398685,43.34043437626546],[-70.49912564580848,43.34114631800654]]},"properties":{"n":127.57709031761762,"e":0,"m":[-70.49950139283848,43.340790347136],"length_m":99.99999999981964}},{"type":"Feature","id":1076,"geometry":{"type":"LineString","coordinates":[[-70.49912564580848,43.34114631800654],[-70.49890625000032,43.3413541666669],[-70.49877524120986,43.34198300886114]]},"properties":{"n":98.63543617130259,"e":0,"m":[-70.49886775450744,43.341538945032696],"length_m":100.00000000053265}},{"type":"Feature","id":1077,"geometry":{"type":"LineString","coordinates":[[-70.49877524120986,43.34198300886114],[-70.49864583333365,43.3426041666669],[-70.49830689131313,43.34271311231635]]},"properties":{"n":98.63543617210378,"e":0,"m":[-70.49868272791227,43.34242707268958],"length_m":99.999999999955}},{"type":"Feature","id":1078,"geometry":{"type":"LineString","coordinates":[[-70.49830689131313,43.34271311231635],[-70.49718750000031,43.3430729166669],[-70.49718359913311,43.3430787679677]]},"properties":{"n":156.2055866805703,"e":0,"m":[-70.49774311270437,43.34289432686917],"length_m":99.9999999993902}},{"type":"Feature","id":1079,"geometry":{"type":"LineString","coordinates":[[-70.49718359913311,43.3430787679677],[-70.49677083333364,43.343697916666905],[-70.49648286432938,43.343697916666905]]},"properties":{"n":115.91878251050957,"e":0,"m":[-70.49691428108913,43.343482745033675],"length_m":100.00000000022295}},{"type":"Feature","id":1080,"geometry":{"type":"LineString","coordinates":[[-70.49648286432938,43.343697916666905],[-70.49572916666699,43.343697916666905],[-70.49543538034578,43.34342249199076]]},"properties":{"n":180.0,"e":0,"m":[-70.4958667121788,43.343697916666905],"length_m":99.99999999975103}},{"type":"Feature","id":1081,"geometry":{"type":"LineString","coordinates":[[-70.49543538034578,43.34342249199076],[-70.49489583333366,43.3429166666669],[-70.49470783365248,43.343134746297046]]},"properties":{"n":232.13255838522917,"e":0,"m":[-70.49505716354106,43.34306791373635],"length_m":99.99999999979691}},{"type":"Feature","id":1082,"geometry":{"type":"LineString","coordinates":[[-70.49470783365248,43.343134746297046],[-70.49405214870393,43.34389534083738]]},"properties":{"n":122.1461262047872,"e":0,"m":[-70.4943799911782,43.34351504356721],"length_m":100.00000000084412}},{"type":"Feature","id":1083,"geometry":{"type":"LineString","coordinates":[[-70.49405214870393,43.34389534083738],[-70.49359375000031,43.344427083333564],[-70.49322720071397,43.34446781103204]]},"properties":{"n":122.14612620194795,"e":0,"m":[-70.49372430622965,43.34427563810753],"length_m":99.99999999942129}},{"type":"Feature","id":1084,"geometry":{"type":"LineString","coordinates":[[-70.49322720071397,43.34446781103204],[-70.49200896651809,43.344603170387145]]},"properties":{"n":171.3335465070046,"e":0,"m":[-70.49261808361602,43.344535490709596],"length_m":100.00000000023834}},{"type":"Feature","id":1085,"geometry":{"type":"LineString","coordinates":[[-70.49200896651809,43.344603170387145],[-70.49171875000032,43.3446354166669],[-70.49113695768736,43.34517245572501]]},"properties":{"n":128.29871556077038,"e":0,"m":[-70.49151882503065,43.34481996279274],"length_m":100.00000000039951}},{"type":"Feature","id":1086,"geometry":{"type":"LineString","coordinates":[[-70.49113695768736,43.34517245572501],[-70.49104166666699,43.345260416666896],[-70.49000000000032,43.3454166666669],[-70.48998503833786,43.345415419861695]]},"properties":{"n":168.37253225305727,"e":0,"m":[-70.49058875785708,43.34532835298838],"length_m":99.99999999963207}},{"type":"Feature","id":1087,"geometry":{"type":"LineString","coordinates":[[-70.48998503833786,43.345415419861695],[-70.4887607080409,43.34531339233695]]},"properties":{"n":186.52155773344737,"e":0,"m":[-70.48937287318938,43.34536440609933],"length_m":100.00000000028521}},{"type":"Feature","id":1088,"geometry":{"type":"LineString","coordinates":[[-70.4887607080409,43.34531339233695],[-70.48812500000032,43.345260416666896],[-70.48780392075994,43.34489745752559]]},"properties":{"n":201.53509909056697,"e":0,"m":[-70.48814854289243,43.345262378574574],"length_m":99.99999999993733}},{"type":"Feature","id":1089,"geometry":{"type":"LineString","coordinates":[[-70.48780392075994,43.34489745752559],[-70.48713607811982,43.344142504975906]]},"properties":{"n":237.18377597580775,"e":0,"m":[-70.4874699994399,43.34451998125074],"length_m":99.99999999983373}},{"type":"Feature","id":1090,"geometry":{"type":"LineString","coordinates":[[-70.48713607811982,43.344142504975906],[-70.48692708333365,43.34390625000023],[-70.48609008354838,43.34381325002409]]},"properties":{"n":188.66645348772025,"e":0,"m":[-70.48669920064631,43.34388092970164],"length_m":100.00000000011877}},{"type":"Feature","id":1091,"geometry":{"type":"LineString","coordinates":[[-70.48609008354838,43.34381325002409],[-70.48552083333365,43.343750000000234],[-70.4849453048865,43.343980211379105]]},"properties":{"n":157.45732271248184,"e":0,"m":[-70.48548547880094,43.343764141813324],"length_m":99.999999999756}},{"type":"Feature","id":1092,"geometry":{"type":"LineString","coordinates":[[-70.4849453048865,43.343980211379105],[-70.48473958333366,43.344062500000234],[-70.48456071602826,43.34477796922182]]},"properties":{"n":100.32835934950232,"e":0,"m":[-70.48467118544265,43.34433609156428],"length_m":100.00000000030775}},{"type":"Feature","id":1093,"geometry":{"type":"LineString","coordinates":[[-70.48456071602826,43.34477796922182],[-70.48442708333366,43.34531250000023],[-70.4841195050492,43.345587701623174]]},"properties":{"n":100.32835934854562,"e":0,"m":[-70.48445024661387,43.34521984687937],"length_m":99.99999999951163}},{"type":"Feature","id":1094,"geometry":{"type":"LineString","coordinates":[[-70.4841195050492,43.345587701623174],[-70.48343750000032,43.3461979166669],[-70.48328635964339,43.34621303070259]]},"properties":{"n":129.17072500700462,"e":0,"m":[-70.48373032285384,43.34593591727163],"length_m":100.0000000003699}},{"type":"Feature","id":1095,"geometry":{"type":"LineString","coordinates":[[-70.48328635964339,43.34621303070259],[-70.48239583333367,43.34630208333356],[-70.48218918137343,43.346492838989164]]},"properties":{"n":172.18891225393384,"e":0,"m":[-70.48267592442446,43.34627407422449],"length_m":99.99999999987834}},{"type":"Feature","id":1096,"geometry":{"type":"LineString","coordinates":[[-70.48218918137343,43.346492838989164],[-70.48171875000033,43.34692708333356],[-70.48124715841368,43.34695595628784]]},"properties":{"n":128.29871555746328,"e":0,"m":[-70.48180731403014,43.346845331921436],"length_m":100.0000000001818}},{"type":"Feature","id":1097,"geometry":{"type":"LineString","coordinates":[[-70.48124715841368,43.34695595628784],[-70.48001917756227,43.34703113878896]]},"properties":{"n":175.19911931865488,"e":0,"m":[-70.48063316798797,43.346993547538396],"length_m":99.99999999969471}},{"type":"Feature","id":1098,"geometry":{"type":"LineString","coordinates":[[-70.48001917756227,43.34703113878896],[-70.47879119671086,43.347106321290056]]},"properties":{"n":175.19911931289093,"e":0,"m":[-70.47940518713658,43.34706873003951],"length_m":100.00000000054482}},{"type":"Feature","id":1099,"geometry":{"type":"LineString","coordinates":[[-70.47879119671086,43.347106321290056],[-70.47756321585945,43.34718150379117]]},"properties":{"n":175.19911931865488,"e":0,"m":[-70.47817720628515,43.347143912540616],"length_m":99.99999999969471}},{"type":"Feature","id":1100,"geometry":{"type":"LineString","coordinates":[[-70.47756321585945,43.34718150379117],[-70.47661458333367,43.34723958333356],[-70.47642115680397,43.34738749773863]]},"properties":{"n":175.19911931333752,"e":0,"m":[-70.47694922543374,43.34721909504172],"length_m":99.99999999973997}},{"type":"Feature","id":1101,"geometry":{"type":"LineString","coordinates":[[-70.47642115680397,43.34738749773863],[-70.47572916666701,43.3479166666669],[-70.47563527042529,43.3477640852741]]},"properties":{"n":133.62941805994808,"e":0,"m":[-70.47599601719716,43.347712604496785],"length_m":100.0000000000455}},{"type":"Feature","id":1102,"geometry":{"type":"LineString","coordinates":[[-70.47563527042529,43.3477640852741],[-70.47531250000034,43.34723958333356],[-70.47488680014305,43.347148361935574]]},"properties":{"n":245.8391827734584,"e":0,"m":[-70.47538307986272,43.34735427560995],"length_m":100.00000000032537}},{"type":"Feature","id":1103,"geometry":{"type":"LineString","coordinates":[[-70.47488680014305,43.347148361935574],[-70.473854166667,43.34692708333356],[-70.47376615783811,43.34683320724941]]},"properties":{"n":196.38108890977617,"e":0,"m":[-70.47429565938764,43.347021688916556],"length_m":99.99999999967541}},{"type":"Feature","id":1104,"geometry":{"type":"LineString","coordinates":[[-70.47376615783811,43.34683320724941],[-70.47307291666701,43.346093750000236],[-70.4730725375762,43.346091096364646]]},"properties":{"n":235.65098293745976,"e":0,"m":[-70.47341850472216,43.34646237725906],"length_m":100.00000000026643}},{"type":"Feature","id":1105,"geometry":{"type":"LineString","coordinates":[[-70.4730725375762,43.346091096364646],[-70.47294489765677,43.34519761692861]]},"properties":{"n":264.0547405290994,"e":0,"m":[-70.47300871761648,43.34564435664662],"length_m":99.99999999955313}},{"type":"Feature","id":1106,"geometry":{"type":"LineString","coordinates":[[-70.47294489765677,43.34519761692861],[-70.47281725773733,43.344304137492564]]},"properties":{"n":264.0547405285467,"e":0,"m":[-70.47288107769705,43.344750877210586],"length_m":100.00000000047945}},{"type":"Feature","id":1107,"geometry":{"type":"LineString","coordinates":[[-70.47281725773733,43.344304137492564],[-70.472760416667,43.34390625000024],[-70.47223958333367,43.34364583333357],[-70.47223331720762,43.34360823657725]]},"properties":{"n":214.4462485821007,"e":0,"m":[-70.47270485296036,43.343878468146926],"length_m":100.0000000002066}},{"type":"Feature","id":1108,"geometry":{"type":"LineString","coordinates":[[-70.47223331720762,43.34360823657725],[-70.47208469158997,43.34271648287131]]},"properties":{"n":263.072813262225,"e":0,"m":[-70.47215900439879,43.34316235972428],"length_m":99.99999999914817}},{"type":"Feature","id":1109,"geometry":{"type":"LineString","coordinates":[[-70.47208469158997,43.34271648287131],[-70.47203125000034,43.34239583333356],[-70.4716130552909,43.341907939505894]]},"properties":{"n":238.00161118972852,"e":0,"m":[-70.47193955149135,43.34228885173973],"length_m":100.00000000032921}},{"type":"Feature","id":1110,"geometry":{"type":"LineString","coordinates":[[-70.4716130552909,43.341907939505894],[-70.47109375000034,43.341302083333574],[-70.47084146038588,43.341302083333574]]},"properties":{"n":238.00161118690096,"e":0,"m":[-70.47128655909046,43.34152702727205],"length_m":100.00000000023786}},{"type":"Feature","id":1111,"geometry":{"type":"LineString","coordinates":[[-70.47084146038588,43.341302083333574],[-70.47057291666701,43.341302083333574],[-70.47005816236107,43.341896030609675]]},"properties":{"n":122.28358385764415,"e":0,"m":[-70.47038725547658,43.34151630778409],"length_m":99.99999999986471}},{"type":"Feature","id":1112,"geometry":{"type":"LineString","coordinates":[[-70.47005816236107,43.341896030609675],[-70.46989583333368,43.34208333333357],[-70.46951584815247,43.34146585741411]]},"properties":{"n":245.83918276858975,"e":0,"m":[-70.46976803871502,43.341875667078256],"length_m":100.00000000004133}},{"type":"Feature","id":1113,"geometry":{"type":"LineString","coordinates":[[-70.46951584815247,43.34146585741411],[-70.46947916666701,43.34140625000023],[-70.46836522640716,43.34122059329026]]},"properties":{"n":192.8783827054459,"e":0,"m":[-70.46896587946944,43.34132070213397],"length_m":100.00000000009466}},{"type":"Feature","id":1114,"geometry":{"type":"LineString","coordinates":[[-70.46836522640716,43.34122059329026],[-70.46822916666702,43.3411979166669],[-70.46781250000035,43.3405729166669],[-70.46768882148186,43.340525918829876]]},"properties":{"n":244.08121748469108,"e":0,"m":[-70.46802085446049,43.340885448357106],"length_m":100.00000000001161}},{"type":"Feature","id":1115,"geometry":{"type":"LineString","coordinates":[[-70.46768882148186,43.340525918829876],[-70.46659607546596,43.34011067534384]]},"properties":{"n":207.53232999010538,"e":0,"m":[-70.46714244847391,43.34031829708686],"length_m":99.99999999969727}},{"type":"Feature","id":1116,"geometry":{"type":"LineString","coordinates":[[-70.46659607546596,43.34011067534384],[-70.46550332945004,43.339695431857784]]},"properties":{"n":207.53232998537362,"e":0,"m":[-70.466049702458,43.33990305360081],"length_m":100.00000000012777}},{"type":"Feature","id":1117,"geometry":{"type":"LineString","coordinates":[[-70.46550332945004,43.339695431857784],[-70.46520833333368,43.33958333333357],[-70.46481510665629,43.340173173349655]]},"properties":{"n":115.91878251764129,"e":0,"m":[-70.46508442470027,43.339769196283676],"length_m":99.99999999959617}},{"type":"Feature","id":1118,"geometry":{"type":"LineString","coordinates":[[-70.46481510665629,43.340173173349655],[-70.46427647056832,43.340981127481605]]},"properties":{"n":115.91878251050957,"e":0,"m":[-70.46454578861231,43.340577150415626],"length_m":100.00000000042374}},{"type":"Feature","id":1119,"geometry":{"type":"LineString","coordinates":[[-70.46427647056832,43.340981127481605],[-70.46373783448036,43.34178908161355]]},"properties":{"n":115.91878251284196,"e":0,"m":[-70.46400715252433,43.341385104547584],"length_m":99.9999999995861}},{"type":"Feature","id":1120,"geometry":{"type":"LineString","coordinates":[[-70.46373783448036,43.34178908161355],[-70.46364583333369,43.34192708333356],[-70.46264971498513,43.34209310305834]]},"properties":{"n":167.1216172945541,"e":0,"m":[-70.46325036804741,43.341992994214614],"length_m":100.00000000003988}},{"type":"Feature","id":1121,"geometry":{"type":"LineString","coordinates":[[-70.46264971498513,43.34209310305834],[-70.46239583333369,43.34213541666691],[-70.46179760732775,43.342693760939106]]},"properties":{"n":127.99118219738459,"e":0,"m":[-70.4621768737417,43.34233977895276],"length_m":100.00000000029127}},{"type":"Feature","id":1122,"geometry":{"type":"LineString","coordinates":[[-70.46179760732775,43.342693760939106],[-70.46161458333368,43.34286458333357],[-70.46068232128728,43.342812790997655]]},"properties":{"n":184.35815410719502,"e":0,"m":[-70.46129669184498,43.3428469226953],"length_m":100.00000000003594}},{"type":"Feature","id":1123,"geometry":{"type":"LineString","coordinates":[[-70.46068232128728,43.342812790997655],[-70.45973958333369,43.34276041666689],[-70.45959702460092,43.342578978279754]]},"properties":{"n":184.35815410719502,"e":0,"m":[-70.4600679507296,43.3427786593],"length_m":99.99999999972738}},{"type":"Feature","id":1124,"geometry":{"type":"LineString","coordinates":[[-70.45959702460092,43.342578978279754],[-70.45898455662957,43.34179947358894]]},"properties":{"n":240.19759842648367,"e":0,"m":[-70.45929079061524,43.34218922593434],"length_m":100.00000000057612}},{"type":"Feature","id":1125,"geometry":{"type":"LineString","coordinates":[[-70.45898455662957,43.34179947358894],[-70.45859375000035,43.341302083333574],[-70.45815189868323,43.34134626846529]]},"properties":{"n":240.19759843376613,"e":0,"m":[-70.45867832264389,43.34140972124354],"length_m":100.00000000005409}},{"type":"Feature","id":1126,"geometry":{"type":"LineString","coordinates":[[-70.45815189868323,43.34134626846529],[-70.45807291666702,43.3413541666669],[-70.45789503173675,43.34218429634143]]},"properties":{"n":98.87828562275705,"e":0,"m":[-70.4579901261648,43.341740522343905],"length_m":99.99999999949836}},{"type":"Feature","id":1127,"geometry":{"type":"LineString","coordinates":[[-70.45789503173675,43.34218429634143],[-70.45776041666701,43.342812500000235],[-70.45748526717178,43.34298182276654]]},"properties":{"n":98.8782856219335,"e":0,"m":[-70.45779993730872,43.34262807033896],"length_m":100.00000000054649}},{"type":"Feature","id":1128,"geometry":{"type":"LineString","coordinates":[[-70.45748526717178,43.34298182276654],[-70.45708333333369,43.3432291666669],[-70.45748185118616,43.343654252376204]]},"properties":{"n":55.65098293004342,"e":0,"m":[-70.45713419807021,43.34328342238586],"length_m":99.99999999949321}},{"type":"Feature","id":1129,"geometry":{"type":"LineString","coordinates":[[-70.45748185118616,43.343654252376204],[-70.45786458333369,43.344062500000234],[-70.45778140484927,43.34446175672544]]},"properties":{"n":55.650982934448976,"e":0,"m":[-70.45782950430213,43.34402508236656],"length_m":100.00000000009561}},{"type":"Feature","id":1130,"geometry":{"type":"LineString","coordinates":[[-70.45778140484927,43.34446175672544],[-70.45760416666701,43.34531250000023],[-70.45755335917114,43.34532012112461]]},"properties":{"n":98.63543617210378,"e":0,"m":[-70.45768889155167,43.34490582055388],"length_m":100.00000000027913}},{"type":"Feature","id":1131,"geometry":{"type":"LineString","coordinates":[[-70.45755335917114,43.34532012112461],[-70.45656250000036,43.34546875000023],[-70.45643250134427,43.34559874865632]]},"properties":{"n":168.3725322519818,"e":0,"m":[-70.45694985123919,43.34541064731441],"length_m":99.9999999997066}},{"type":"Feature","id":1132,"geometry":{"type":"LineString","coordinates":[[-70.45643250134427,43.34559874865632],[-70.45593750000035,43.34609375000023],[-70.45554914597248,43.34613258540301]]},"properties":{"n":126.09087520419222,"e":0,"m":[-70.45606954603177,43.345961703968804],"length_m":100.00000000025426}},{"type":"Feature","id":1133,"geometry":{"type":"LineString","coordinates":[[-70.45554914597248,43.34613258540301],[-70.4543282755346,43.346254672446804]]},"properties":{"n":172.18891225393384,"e":0,"m":[-70.45493871075354,43.346193628924915],"length_m":100.00000000022305}},{"type":"Feature","id":1134,"geometry":{"type":"LineString","coordinates":[[-70.4543282755346,43.346254672446804],[-70.45310740509674,43.34637675949059]]},"properties":{"n":172.18891225320863,"e":0,"m":[-70.45371784031568,43.34631571596869],"length_m":99.99999999930037}},{"type":"Feature","id":1135,"geometry":{"type":"LineString","coordinates":[[-70.45310740509674,43.34637675949059],[-70.45188653465887,43.346498846534374]]},"properties":{"n":172.18891225393384,"e":0,"m":[-70.4524969698778,43.346437803012485],"length_m":100.00000000022305}},{"type":"Feature","id":1136,"geometry":{"type":"LineString","coordinates":[[-70.45188653465887,43.346498846534374],[-70.45125000000036,43.34656250000023],[-70.45089746738907,43.34690719855349]]},"properties":{"n":159.6077423884738,"e":0,"m":[-70.45127609943994,43.34655989005628],"length_m":99.99999999972323}},{"type":"Feature","id":1137,"geometry":{"type":"LineString","coordinates":[[-70.45089746738907,43.34690719855349],[-70.45016091032939,43.347627387678514]]},"properties":{"n":126.70585838633436,"e":0,"m":[-70.45052918885924,43.347267293116],"length_m":100.0000000001059}},{"type":"Feature","id":1138,"geometry":{"type":"LineString","coordinates":[[-70.45016091032939,43.347627387678514],[-70.4494243532697,43.34834757680353]]},"properties":{"n":126.70585839061238,"e":0,"m":[-70.44979263179955,43.347987482241024],"length_m":100.00000000066255}},{"type":"Feature","id":1139,"geometry":{"type":"LineString","coordinates":[[-70.4494243532697,43.34834757680353],[-70.44890625000036,43.3488541666669],[-70.44884984231823,43.34911740251682]]},"properties":{"n":126.70585838314494,"e":0,"m":[-70.44905607473987,43.34870767136604],"length_m":99.99999999935778}},{"type":"Feature","id":1140,"geometry":{"type":"LineString","coordinates":[[-70.44884984231823,43.34911740251682],[-70.44865965346214,43.35000495051188]]},"properties":{"n":98.8782856219335,"e":0,"m":[-70.44875474789018,43.34956117651435],"length_m":100.0000000004447}},{"type":"Feature","id":1141,"geometry":{"type":"LineString","coordinates":[[-70.44865965346214,43.35000495051188],[-70.44859375000036,43.35031250000023],[-70.44796875000036,43.35057291666689],[-70.44796875000036,43.350635169631246]]},"properties":{"n":150.24841398127984,"e":0,"m":[-70.44842954223684,43.35038091990169],"length_m":99.999999999826}},{"type":"Feature","id":1142,"geometry":{"type":"LineString","coordinates":[[-70.44796875000036,43.350635169631246],[-70.44796875000036,43.351093750000224],[-70.44835704082324,43.351430268713386]]},"properties":{"n":74.34149430135436,"e":0,"m":[-70.44796875000036,43.351084325218736],"length_m":99.99999999940246}},{"type":"Feature","id":1143,"geometry":{"type":"LineString","coordinates":[[-70.44835704082324,43.351430268713386],[-70.44875000000036,43.35177083333356],[-70.44814620452398,43.351879206880604]]},"properties":{"n":116.47491149229029,"e":0,"m":[-70.44874448814299,43.35177182264128],"length_m":100.00000000016809}},{"type":"Feature","id":1144,"geometry":{"type":"LineString","coordinates":[[-70.44814620452398,43.351879206880604],[-70.44694963728594,43.35209397535923]]},"properties":{"n":166.1677364503928,"e":0,"m":[-70.44754792090495,43.35198659111991],"length_m":100.00000000013664}},{"type":"Feature","id":1145,"geometry":{"type":"LineString","coordinates":[[-70.44694963728594,43.35209397535923],[-70.44671875000036,43.3521354166669],[-70.44610658219074,43.352706773289206]]},"properties":{"n":127.9911821941,"e":0,"m":[-70.44648584860468,43.35235279130286],"length_m":100.00000000050645}},{"type":"Feature","id":1146,"geometry":{"type":"LineString","coordinates":[[-70.44610658219074,43.352706773289206],[-70.44593750000035,43.35286458333356],[-70.44499953628369,43.35300527789106]]},"properties":{"n":168.37253225305727,"e":0,"m":[-70.44560304421566,43.35291475170127],"length_m":99.99999999973465}},{"type":"Feature","id":1147,"geometry":{"type":"LineString","coordinates":[[-70.44499953628369,43.35300527789106],[-70.4448958333337,43.35302083333356],[-70.4446298623339,43.353818746332955]]},"properties":{"n":103.65758236212295,"e":0,"m":[-70.44477534745062,43.35338229098282],"length_m":100.00000000001651}},{"type":"Feature","id":1148,"geometry":{"type":"LineString","coordinates":[[-70.4446298623339,43.353818746332955],[-70.44447916666704,43.35427083333356],[-70.44393557979187,43.35444555768629]]},"properties":{"n":119.9049341109289,"e":0,"m":[-70.4444843772172,43.35425520168308],"length_m":100.0000000000521}},{"type":"Feature","id":1149,"geometry":{"type":"LineString","coordinates":[[-70.44393557979187,43.35444555768629],[-70.44302083333369,43.35473958333355],[-70.44292763201527,43.35489491886427]]},"properties":{"n":156.2055866832999,"e":0,"m":[-70.44337180118309,43.35462677223911],"length_m":100.00000000003226}},{"type":"Feature","id":1150,"geometry":{"type":"LineString","coordinates":[[-70.44292763201527,43.35489491886427],[-70.4427083333337,43.35526041666689],[-70.442023560077,43.355274682776404]]},"properties":{"n":178.3629785863408,"e":0,"m":[-70.44263946075428,43.35526185151229],"length_m":99.99999999965578}},{"type":"Feature","id":1151,"geometry":{"type":"LineString","coordinates":[[-70.442023560077,43.355274682776404],[-70.44079175872243,43.35530034530463]]},"properties":{"n":178.36297859167468,"e":0,"m":[-70.44140765939972,43.35528751404051],"length_m":100.00000000043087}},{"type":"Feature","id":1152,"geometry":{"type":"LineString","coordinates":[[-70.44079175872243,43.35530034530463],[-70.4402083333337,43.35531250000023],[-70.439902536924,43.354895504896064]]},"properties":{"n":228.19158289109373,"e":0,"m":[-70.44019301687047,43.35529161391399],"length_m":99.99999999983885}},{"type":"Feature","id":1153,"geometry":{"type":"LineString","coordinates":[[-70.439902536924,43.354895504896064],[-70.43932157703102,43.35410328686022]]},"properties":{"n":241.87206522040685,"e":0,"m":[-70.43961205697751,43.35449939587815],"length_m":99.99999999979866}},{"type":"Feature","id":1154,"geometry":{"type":"LineString","coordinates":[[-70.43932157703102,43.35410328686022],[-70.43906250000038,43.353750000000225],[-70.43878304587246,43.35420411295809]]},"properties":{"n":114.16081723141025,"e":0,"m":[-70.43903523643502,43.35379430329394],"length_m":100.00000000043627}},{"type":"Feature","id":1155,"geometry":{"type":"LineString","coordinates":[[-70.43878304587246,43.35420411295809],[-70.43864583333371,43.354427083333555],[-70.4377833000648,43.35460677776459]]},"properties":{"n":164.05049252417658,"e":0,"m":[-70.43837573296453,43.3544833542438],"length_m":99.99999999943613}},{"type":"Feature","id":1156,"geometry":{"type":"LineString","coordinates":[[-70.4377833000648,43.35460677776459],[-70.43739583333371,43.354687500000225],[-70.43720001420114,43.35527495739793]]},"properties":{"n":103.6575823633829,"e":0,"m":[-70.43734549931786,43.3548385020478],"length_m":100.00000000026674}},{"type":"Feature","id":1157,"geometry":{"type":"LineString","coordinates":[[-70.43720001420114,43.35527495739793],[-70.4370833333337,43.355625000000224],[-70.43653863018247,43.35598813543438]]},"properties":{"n":137.5560195311454,"e":0,"m":[-70.43699331197605,43.35568501423866],"length_m":99.99999999983004}},{"type":"Feature","id":1158,"geometry":{"type":"LineString","coordinates":[[-70.43653863018247,43.35598813543438],[-70.4363020833337,43.356145833333564],[-70.43539033035356,43.356145833333564]]},"properties":{"n":180.0,"e":0,"m":[-70.43600648250414,43.356145833333564],"length_m":100.00000000031952}},{"type":"Feature","id":1159,"geometry":{"type":"LineString","coordinates":[[-70.43539033035356,43.356145833333564],[-70.43415802605239,43.356145833333564]]},"properties":{"n":180.0,"e":0,"m":[-70.43477417820297,43.356145833333564],"length_m":100.0}},{"type":"Feature","id":1160,"geometry":{"type":"LineString","coordinates":[[-70.43415802605239,43.356145833333564],[-70.43369791666704,43.356145833333564],[-70.43312808506134,43.355765945596424]]},"properties":{"n":222.44398047245573,"e":0,"m":[-70.43358276685493,43.356069066792145],"length_m":100.00000000006852}},{"type":"Feature","id":1161,"geometry":{"type":"LineString","coordinates":[[-70.43312808506134,43.355765945596424],[-70.43291666666704,43.355625000000224],[-70.43269334424843,43.3549550327444]]},"properties":{"n":256.3424176418023,"e":0,"m":[-70.43283882936514,43.355391488094526],"length_m":99.99999999933635}},{"type":"Feature","id":1162,"geometry":{"type":"LineString","coordinates":[[-70.43269334424843,43.3549550327444],[-70.43260416666703,43.354687500000225],[-70.43187500000037,43.35458333333356],[-70.4317888437967,43.35463502705577]]},"properties":{"n":191.08782811849406,"e":0,"m":[-70.43237014688921,43.354654068603395],"length_m":100.00000000094195}},{"type":"Feature","id":1163,"geometry":{"type":"LineString","coordinates":[[-70.4317888437967,43.35463502705577],[-70.43135416666703,43.35489583333356],[-70.43123416409526,43.355375843620685]]},"properties":{"n":102.90296580093322,"e":0,"m":[-70.43134463350964,43.35493396596314],"length_m":99.99999999989099}},{"type":"Feature","id":1164,"geometry":{"type":"LineString","coordinates":[[-70.43123416409526,43.355375843620685],[-70.43109375000037,43.35593750000022],[-70.43066413544804,43.356032969900745]]},"properties":{"n":100.32835935379524,"e":0,"m":[-70.43112369468086,43.35581772127822],"length_m":99.99999999940255}},{"type":"Feature","id":1165,"geometry":{"type":"LineString","coordinates":[[-70.43066413544804,43.356032969900745],[-70.42968750000037,43.35625000000022],[-70.42950225793552,43.35617590317428]]},"properties":{"n":163.0464352329086,"e":0,"m":[-70.43007476041109,43.356163942131175],"length_m":99.9999999999866}},{"type":"Feature","id":1166,"geometry":{"type":"LineString","coordinates":[[-70.42950225793552,43.35617590317428],[-70.42890625000038,43.35593750000022],[-70.42876057147514,43.3555490239329]]},"properties":{"n":208.75447751204413,"e":0,"m":[-70.42896208402108,43.3559598336085],"length_m":99.99999999993445}},{"type":"Feature","id":1167,"geometry":{"type":"LineString","coordinates":[[-70.42876057147514,43.3555490239329],[-70.42843750000037,43.354687500000225],[-70.42843053022911,43.35468650431862]]},"properties":{"n":254.710971433424,"e":0,"m":[-70.42859809933469,43.35511576489176],"length_m":100.00000000004877}},{"type":"Feature","id":1168,"geometry":{"type":"LineString","coordinates":[[-70.42843053022911,43.35468650431862],[-70.42770833333371,43.35458333333356],[-70.42739591530675,43.354864509557814]]},"properties":{"n":191.0878281132576,"e":0,"m":[-70.42782587945732,43.354600125636935],"length_m":100.00000000006845}},{"type":"Feature","id":1169,"geometry":{"type":"LineString","coordinates":[[-70.42739591530675,43.354864509557814],[-70.42718750000037,43.355052083333554],[-70.4270967241484,43.35570566946773]]},"properties":{"n":95.78124782262122,"e":0,"m":[-70.42715878957353,43.35525879840683],"length_m":100.00000000022476}},{"type":"Feature","id":1170,"geometry":{"type":"LineString","coordinates":[[-70.4270967241484,43.35570566946773],[-70.42697259329816,43.35659941158952]]},"properties":{"n":95.78124782846767,"e":0,"m":[-70.42703465872329,43.35615254052862],"length_m":99.99999999989764}},{"type":"Feature","id":1171,"geometry":{"type":"LineString","coordinates":[[-70.42697259329816,43.35659941158952],[-70.42692708333371,43.35692708333356],[-70.42650265094473,43.35740456977117]]},"properties":{"n":122.94211216600706,"e":0,"m":[-70.4268377091979,43.35702762923635],"length_m":100.00000000059353}},{"type":"Feature","id":1172,"geometry":{"type":"LineString","coordinates":[[-70.42650265094473,43.35740456977117],[-70.42609375000038,43.35786458333356],[-70.42561339015617,43.35786458333356]]},"properties":{"n":122.9421121704852,"e":0,"m":[-70.42616759269154,43.35778151030598],"length_m":99.99999999964525}},{"type":"Feature","id":1173,"geometry":{"type":"LineString","coordinates":[[-70.42561339015617,43.35786458333356],[-70.42557291666705,43.35786458333356],[-70.42494791666705,43.35713541666689],[-70.4249355767756,43.35713582799661]]},"properties":{"n":238.00161118690096,"e":0,"m":[-70.425267867183,43.357508692268816],"length_m":99.99999999980909}},{"type":"Feature","id":1174,"geometry":{"type":"LineString","coordinates":[[-70.4249355767756,43.35713582799661],[-70.42370455878954,43.357176861929474]]},"properties":{"n":177.38187655421342,"e":0,"m":[-70.42432006778257,43.35715634496304],"length_m":99.99999999991118}},{"type":"Feature","id":1175,"geometry":{"type":"LineString","coordinates":[[-70.42370455878954,43.357176861929474],[-70.42338541666705,43.35718750000022],[-70.42291666666705,43.357708333333555],[-70.4229196985409,43.357750779567496]]},"properties":{"n":123.26774936461634,"e":0,"m":[-70.4232226740714,43.35736832510649],"length_m":100.00000000035703}},{"type":"Feature","id":1176,"geometry":{"type":"LineString","coordinates":[[-70.4229196985409,43.357750779567496],[-70.42296875000038,43.35843750000022],[-70.42313180433013,43.358611424618594]]},"properties":{"n":87.01934707169961,"e":0,"m":[-70.42295173768,43.3581993275149],"length_m":99.99999999953813}},{"type":"Feature","id":1177,"geometry":{"type":"LineString","coordinates":[[-70.42313180433013,43.358611424618594],[-70.42375000000038,43.359270833333554],[-70.42361820582104,43.35929719216942]]},"properties":{"n":55.65098293004342,"e":0,"m":[-70.42347945744606,43.358982254608954],"length_m":100.0000000000494}},{"type":"Feature","id":1178,"geometry":{"type":"LineString","coordinates":[[-70.42361820582104,43.35929719216942],[-70.42242981719724,43.35953486989418]]},"properties":{"n":164.6578332492746,"e":0,"m":[-70.42302401150914,43.3594160310318],"length_m":100.00000000036148}},{"type":"Feature","id":1179,"geometry":{"type":"LineString","coordinates":[[-70.42242981719724,43.35953486989418],[-70.42124142857345,43.35977254761894]]},"properties":{"n":164.65783325068642,"e":0,"m":[-70.42183562288535,43.35965370875656],"length_m":99.99999999946334}},{"type":"Feature","id":1180,"geometry":{"type":"LineString","coordinates":[[-70.42124142857345,43.35977254761894],[-70.42062500000038,43.35989583333355],[-70.42049829003552,43.36031819988309]]},"properties":{"n":146.24649138202648,"e":0,"m":[-70.42064723426157,43.35989138648132],"length_m":99.99999999992818}},{"type":"Feature","id":1181,"geometry":{"type":"LineString","coordinates":[[-70.42049829003552,43.36031819988309],[-70.42031250000039,43.36093750000022],[-70.41998065760126,43.361044163628506]]},"properties":{"n":102.33583864321008,"e":0,"m":[-70.42036665437271,43.36075698542581],"length_m":100.00000000082224}},{"type":"Feature","id":1182,"geometry":{"type":"LineString","coordinates":[[-70.41998065760126,43.361044163628506],[-70.41885416666705,43.361406250000215],[-70.41885382798877,43.361407062828086]]},"properties":{"n":156.2055866854528,"e":0,"m":[-70.41941687899248,43.361225378181324],"length_m":99.99999999978395}},{"type":"Feature","id":1183,"geometry":{"type":"LineString","coordinates":[[-70.41885382798877,43.361407062828086],[-70.41859375000038,43.36203125000022],[-70.41825633279323,43.36203125000022]]},"properties":{"n":106.89547302347974,"e":0,"m":[-70.4186747577877,43.36183683131067],"length_m":99.99999999983753}},{"type":"Feature","id":1184,"geometry":{"type":"LineString","coordinates":[[-70.41825633279323,43.36203125000022],[-70.41807291666706,43.36203125000022],[-70.41755160840569,43.36136776675849]]},"properties":{"n":240.19759842913575,"e":0,"m":[-70.41785784239137,43.36175751910389],"length_m":99.99999999979572}},{"type":"Feature","id":1185,"geometry":{"type":"LineString","coordinates":[[-70.41755160840569,43.36136776675849],[-70.41693914043435,43.36058826206768]]},"properties":{"n":240.19759843111405,"e":0,"m":[-70.41724537442002,43.36097801441308],"length_m":100.00000000011325}},{"type":"Feature","id":1186,"geometry":{"type":"LineString","coordinates":[[-70.41693914043435,43.36058826206768],[-70.41692708333372,43.36057291666688],[-70.41571903828799,43.36057291666689]]},"properties":{"n":179.9999999946639,"e":0,"m":[-70.41633519043857,43.36057291666688],"length_m":99.9999999995675}},{"type":"Feature","id":1187,"geometry":{"type":"LineString","coordinates":[[-70.41571903828799,43.36057291666689],[-70.41505208333372,43.36057291666689],[-70.41482553232811,43.360950501676236]]},"properties":{"n":175.15007348234363,"e":0,"m":[-70.4151028861374,43.36057291666689],"length_m":100.00000000065552}},{"type":"Feature","id":1188,"geometry":{"type":"LineString","coordinates":[[-70.41482553232811,43.360950501676236],[-70.41458333333372,43.361354166666885],[-70.41463402552122,43.36181039635442]]},"properties":{"n":96.74771778686312,"e":0,"m":[-70.41458428224686,43.36136270688517],"length_m":100.000000000227}},{"type":"Feature","id":1189,"geometry":{"type":"LineString","coordinates":[[-70.41463402552122,43.36181039635442],[-70.41473351206996,43.36270577529293]]},"properties":{"n":85.3693502878223,"e":0,"m":[-70.4146837687956,43.362258085823676],"length_m":99.99999999935662}},{"type":"Feature","id":1190,"geometry":{"type":"LineString","coordinates":[[-70.41473351206996,43.36270577529293],[-70.41473958333373,43.36276041666689],[-70.41539245782396,43.363456816123126]]},"properties":{"n":55.650982934448976,"e":0,"m":[-70.415044804708,43.36308598613277],"length_m":99.99999999998094}},{"type":"Feature","id":1191,"geometry":{"type":"LineString","coordinates":[[-70.41539245782396,43.363456816123126],[-70.41552083333372,43.36359375000021],[-70.41648482830452,43.363800320351096]]},"properties":{"n":16.38108890827127,"e":0,"m":[-70.41589368754909,43.36367364733208],"length_m":100.00000000063153}},{"type":"Feature","id":1192,"geometry":{"type":"LineString","coordinates":[[-70.41648482830452,43.363800320351096],[-70.41697916666706,43.36390625000021],[-70.41737089391452,43.3643440628062]]},"properties":{"n":56.88619899974872,"e":0,"m":[-70.41703428769705,43.363967855857254],"length_m":99.99999999936767}},{"type":"Feature","id":1193,"geometry":{"type":"LineString","coordinates":[[-70.41737089391452,43.3643440628062],[-70.41786458333372,43.36489583333355],[-70.41786458333372,43.36513538257958]]},"properties":{"n":56.88619899527929,"e":0,"m":[-70.417707500132,43.36472026975514],"length_m":100.00000000040816}},{"type":"Feature","id":1194,"geometry":{"type":"LineString","coordinates":[[-70.41786458333372,43.36513538257958],[-70.41786458333372,43.365937500000214],[-70.41777909344853,43.366010777044664]]},"properties":{"n":90.0,"e":0,"m":[-70.41786458333372,43.36558453816707],"length_m":99.99999999983764}},{"type":"Feature","id":1195,"geometry":{"type":"LineString","coordinates":[[-70.41777909344853,43.366010777044664],[-70.41713541666705,43.366562500000214],[-70.4171498934825,43.366736221785686]]},"properties":{"n":130.37994714799103,"e":0,"m":[-70.41737991722482,43.366352928093555],"length_m":100.00000000040649}},{"type":"Feature","id":1196,"geometry":{"type":"LineString","coordinates":[[-70.4171498934825,43.366736221785686],[-70.4172246150037,43.367632880039935]]},"properties":{"n":86.52370311650272,"e":0,"m":[-70.4171872542431,43.36718455091281],"length_m":99.99999999979705}},{"type":"Feature","id":1197,"geometry":{"type":"LineString","coordinates":[[-70.4172246150037,43.367632880039935],[-70.41723958333372,43.36781250000021],[-70.41776041666705,43.36786458333355],[-70.41794464554312,43.36755753520679]]},"properties":{"n":7.811087752077959,"e":0,"m":[-70.41760545190922,43.36784908685777],"length_m":99.99999999952229}},{"type":"Feature","id":1198,"geometry":{"type":"LineString","coordinates":[[-70.41794464554312,43.36755753520679],[-70.41822916666706,43.36708333333355],[-70.41861458608454,43.36734027961187]]},"properties":{"n":293.6236631529766,"e":0,"m":[-70.41819155462701,43.36714602006696],"length_m":100.00000000046032}},{"type":"Feature","id":1199,"geometry":{"type":"LineString","coordinates":[[-70.41861458608454,43.36734027961187],[-70.41869791666706,43.367395833333546],[-70.41865714407136,43.36821128524725]]},"properties":{"n":92.08741724697934,"e":0,"m":[-70.41867958694814,43.36776242771175],"length_m":99.99999999943911}},{"type":"Feature","id":1200,"geometry":{"type":"LineString","coordinates":[[-70.41865714407136,43.36821128524725],[-70.41864583333373,43.36843750000021],[-70.41795448548537,43.36888193790272]]},"properties":{"n":138.59182619720372,"e":0,"m":[-70.41841660989998,43.368584857921896],"length_m":100.00000000036408}},{"type":"Feature","id":1201,"geometry":{"type":"LineString","coordinates":[[-70.41795448548537,43.36888193790272],[-70.41718750000038,43.36937500000021],[-70.4171913206156,43.36952782460896]]},"properties":{"n":138.59182619720372,"e":0,"m":[-70.41749236107076,43.36917901788354],"length_m":99.99999999972687}},{"type":"Feature","id":1202,"geometry":{"type":"LineString","coordinates":[[-70.4171913206156,43.36952782460896],[-70.41721377466655,43.37042598664662]]},"properties":{"n":88.95594493073993,"e":0,"m":[-70.41720254764107,43.369976905627794],"length_m":99.99999999989363}},{"type":"Feature","id":1203,"geometry":{"type":"LineString","coordinates":[[-70.41721377466655,43.37042598664662],[-70.41723622871748,43.3713241486843]]},"properties":{"n":88.9559449359779,"e":0,"m":[-70.41722500169202,43.370875067665466],"length_m":100.00000000080783}},{"type":"Feature","id":1204,"geometry":{"type":"LineString","coordinates":[[-70.41723622871748,43.3713241486843],[-70.41723958333372,43.371458333333536],[-70.41794557712403,43.3720231283658]]},"properties":{"n":47.65988044513057,"e":0,"m":[-70.41753058001098,43.371691130675345],"length_m":99.99999999962783}},{"type":"Feature","id":1205,"geometry":{"type":"LineString","coordinates":[[-70.41794557712403,43.3720231283658],[-70.41802083333371,43.37208333333354],[-70.41912860930567,43.37220641955264]]},"properties":{"n":8.666453487720247,"e":0,"m":[-70.41851949220774,43.3721387398751],"length_m":99.9999999998498}},{"type":"Feature","id":1206,"geometry":{"type":"LineString","coordinates":[[-70.41912860930567,43.37220641955264],[-70.41942708333372,43.37223958333354],[-70.41991551860949,43.37281682502308]]},"properties":{"n":58.332900702145906,"e":0,"m":[-70.4195920492007,43.372434542994526],"length_m":99.99999999988027}},{"type":"Feature","id":1207,"geometry":{"type":"LineString","coordinates":[[-70.41991551860949,43.37281682502308],[-70.42056245742705,43.3735813890802]]},"properties":{"n":58.33290069934455,"e":0,"m":[-70.42023898801827,43.37319910705165],"length_m":100.00000000033656}},{"type":"Feature","id":1208,"geometry":{"type":"LineString","coordinates":[[-70.42056245742705,43.3735813890802],[-70.42057291666706,43.37359375000021],[-70.42175480094099,43.373790730712535]]},"properties":{"n":12.878382710647761,"e":0,"m":[-70.42115414787871,43.37369062186882],"length_m":100.00000000013371}},{"type":"Feature","id":1209,"geometry":{"type":"LineString","coordinates":[[-70.42175480094099,43.373790730712535],[-70.42244791666705,43.37390625000021],[-70.42255421107906,43.374278280442205]]},"properties":{"n":12.878382710647761,"e":0,"m":[-70.42235545400327,43.373890839556246],"length_m":100.00000000020339}},{"type":"Feature","id":1210,"geometry":{"type":"LineString","coordinates":[[-70.42255421107906,43.374278280442205],[-70.42280547936062,43.37515771942769]]},"properties":{"n":78.23481819818632,"e":0,"m":[-70.42267984521983,43.374717999934944],"length_m":99.99999999942258}},{"type":"Feature","id":1211,"geometry":{"type":"LineString","coordinates":[[-70.42280547936062,43.37515771942769],[-70.42305674764219,43.37603715841318]]},"properties":{"n":78.2348181918743,"e":0,"m":[-70.42293111350139,43.375597438920444],"length_m":100.00000000052424}},{"type":"Feature","id":1212,"geometry":{"type":"LineString","coordinates":[[-70.42305674764219,43.37603715841318],[-70.42307291666705,43.37609375000021],[-70.42369791666705,43.3765625000002],[-70.42368237688675,43.376748977363796]]},"properties":{"n":45.814708062430114,"e":0,"m":[-70.42344709359396,43.37637438269538],"length_m":99.99999999918586}},{"type":"Feature","id":1213,"geometry":{"type":"LineString","coordinates":[[-70.42368237688675,43.376748977363796],[-70.42360765536556,43.37764563561805]]},"properties":{"n":93.47629688382085,"e":0,"m":[-70.42364501612616,43.37719730649092],"length_m":100.00000000067018}},{"type":"Feature","id":1214,"geometry":{"type":"LineString","coordinates":[[-70.42360765536556,43.37764563561805],[-70.42359375000038,43.3778125000002],[-70.4229439676322,43.378369456315795]]},"properties":{"n":130.37994715144805,"e":0,"m":[-70.4233431438559,43.378027305266905],"length_m":99.99999999994391}},{"type":"Feature","id":1215,"geometry":{"type":"LineString","coordinates":[[-70.4229439676322,43.378369456315795],[-70.42214561518477,43.37905375841358]]},"properties":{"n":130.37994715144805,"e":0,"m":[-70.4225447914085,43.378711607364686],"length_m":99.99999999970625}},{"type":"Feature","id":1216,"geometry":{"type":"LineString","coordinates":[[-70.42214561518477,43.37905375841358],[-70.42213541666705,43.3790625000002],[-70.42217972902954,43.37994874725006]]},"properties":{"n":87.91258275302066,"e":0,"m":[-70.42215728615275,43.37949988971457],"length_m":99.99999999999275}},{"type":"Feature","id":1217,"geometry":{"type":"LineString","coordinates":[[-70.42217972902954,43.37994874725006],[-70.42218750000038,43.38010416666687],[-70.42311417294806,43.38041305764942]]},"properties":{"n":24.573056738938195,"e":0,"m":[-70.42255382461089,43.380226274870374],"length_m":100.00000000026314}},{"type":"Feature","id":1218,"geometry":{"type":"LineString","coordinates":[[-70.42311417294806,43.38041305764942],[-70.42343750000038,43.380520833333534],[-70.42364452374763,43.381141904575244]]},"properties":{"n":76.34241763787706,"e":0,"m":[-70.42349903863091,43.38070544922512],"length_m":99.99999999989251}},{"type":"Feature","id":1219,"geometry":{"type":"LineString","coordinates":[[-70.42364452374763,43.381141904575244],[-70.42375000000038,43.38145833333353],[-70.42338718373874,43.38196627609983]]},"properties":{"n":117.5056268333492,"e":0,"m":[-70.42367174481173,43.381567890597644],"length_m":99.99999999964841}},{"type":"Feature","id":1220,"geometry":{"type":"LineString","coordinates":[[-70.42338718373874,43.38196627609983],[-70.42296875000038,43.38255208333353],[-70.42294240860826,43.382789155862554]]},"properties":{"n":117.50562683108065,"e":0,"m":[-70.42310262266575,43.38236466160202],"length_m":100.00000000045237}},{"type":"Feature","id":1221,"geometry":{"type":"LineString","coordinates":[[-70.42294240860826,43.382789155862554],[-70.42284292205954,43.38368453480107]]},"properties":{"n":94.63064970642823,"e":0,"m":[-70.4228926653339,43.38323684533181],"length_m":100.0000000002097}},{"type":"Feature","id":1222,"geometry":{"type":"LineString","coordinates":[[-70.42284292205954,43.38368453480107],[-70.42276041666705,43.384427083333534],[-70.4226417362635,43.38455367576398]]},"properties":{"n":94.6306497121777,"e":0,"m":[-70.42279317878518,43.384132224270324],"length_m":99.99999999935686}},{"type":"Feature","id":1223,"geometry":{"type":"LineString","coordinates":[[-70.4226417362635,43.38455367576398],[-70.42197916666706,43.38526041666686],[-70.42192260637913,43.385269843381515]]},"properties":{"n":124.34901706694579,"e":0,"m":[-70.42229408314755,43.384924505754334],"length_m":99.99999999990314}},{"type":"Feature","id":1224,"geometry":{"type":"LineString","coordinates":[[-70.42192260637913,43.385269843381515],[-70.42072916666706,43.3854687500002],[-70.42072385375063,43.38547317743056]]},"properties":{"n":167.12161728935226,"e":0,"m":[-70.42132195331685,43.38536995222523],"length_m":100.00000000054969}},{"type":"Feature","id":1225,"geometry":{"type":"LineString","coordinates":[[-70.42072385375063,43.38547317743056],[-70.4199125005374,43.38614930510824]]},"properties":{"n":131.17821243657957,"e":0,"m":[-70.42031817714401,43.3858112412694],"length_m":99.9999999994949}},{"type":"Feature","id":1226,"geometry":{"type":"LineString","coordinates":[[-70.4199125005374,43.38614930510824],[-70.41979166666705,43.386250000000196],[-70.41885416666705,43.38609375000019],[-70.41881610092898,43.38603665139309]]},"properties":{"n":192.87838271064774,"e":0,"m":[-70.41936992269903,43.38617970933886],"length_m":99.9999999998091}},{"type":"Feature","id":1227,"geometry":{"type":"LineString","coordinates":[[-70.41881610092898,43.38603665139309],[-70.41843750000038,43.3854687500002],[-70.41807222602662,43.385487013698885]]},"properties":{"n":244.08121748949043,"e":0,"m":[-70.418546782885,43.38563267432712],"length_m":100.00000000048068}},{"type":"Feature","id":1228,"geometry":{"type":"LineString","coordinates":[[-70.41807222602662,43.385487013698885],[-70.41739583333373,43.38552083333353],[-70.41724066191318,43.385908761884885]]},"properties":{"n":176.07622475019335,"e":0,"m":[-70.41745751815543,43.38551774909244],"length_m":99.99999999955546}},{"type":"Feature","id":1229,"geometry":{"type":"LineString","coordinates":[[-70.41724066191318,43.385908761884885],[-70.41689570307763,43.38677115897376]]},"properties":{"n":106.25602172650446,"e":0,"m":[-70.41706818249541,43.386339960429325],"length_m":100.00000000084873}},{"type":"Feature","id":1230,"geometry":{"type":"LineString","coordinates":[[-70.41689570307763,43.38677115897376],[-70.41677083333371,43.38708333333353],[-70.4162882169493,43.38663088047314]]},"properties":{"n":232.13255838850466,"e":0,"m":[-70.41666643375402,43.38698545872756],"length_m":100.00000000019554}},{"type":"Feature","id":1231,"geometry":{"type":"LineString","coordinates":[[-70.4162882169493,43.38663088047314],[-70.41593750000038,43.38630208333353],[-70.4152780971881,43.38633505347414]]},"properties":{"n":182.94493963711352,"e":0,"m":[-70.41589280505929,43.38630431808058],"length_m":99.9999999994095}},{"type":"Feature","id":1232,"geometry":{"type":"LineString","coordinates":[[-70.4152780971881,43.38633505347414],[-70.41489583333373,43.38635416666686],[-70.41479342007491,43.386968646219714]]},"properties":{"n":96.92718674307213,"e":0,"m":[-70.41486773288375,43.386522769366735],"length_m":99.99999999970629}},{"type":"Feature","id":1233,"geometry":{"type":"LineString","coordinates":[[-70.41479342007491,43.386968646219714],[-70.41468750000038,43.38760416666686],[-70.41500951689707,43.38771150563242]]},"properties":{"n":96.92718674242855,"e":0,"m":[-70.41471910726608,43.387414523072685],"length_m":100.00000000059929}},{"type":"Feature","id":1234,"geometry":{"type":"LineString","coordinates":[[-70.41500951689707,43.38771150563242],[-70.41593750000038,43.38802083333353],[-70.41602241634281,43.3881623605709]]},"properties":{"n":24.573056746010028,"e":0,"m":[-70.41556986523425,43.387898288411485],"length_m":100.00000000017113}},{"type":"Feature","id":1235,"geometry":{"type":"LineString","coordinates":[[-70.41602241634281,43.3881623605709],[-70.41625000000039,43.38854166666685],[-70.41616987077245,43.38902244203443]]},"properties":{"n":93.71772034779569,"e":0,"m":[-70.41624418358128,43.38857656518146],"length_m":99.9999999992236}},{"type":"Feature","id":1236,"geometry":{"type":"LineString","coordinates":[[-70.41616987077245,43.38902244203443],[-70.41609375000039,43.38947916666686],[-70.4157195749198,43.38982216049073]]},"properties":{"n":108.77631076172965,"e":0,"m":[-70.41609555796363,43.38946831888741],"length_m":100.00000000062784}},{"type":"Feature","id":1237,"geometry":{"type":"LineString","coordinates":[[-70.4157195749198,43.38982216049073],[-70.41546875000039,43.39005208333352],[-70.41540179715821,43.390654658913064]]},"properties":{"n":94.6306497121777,"e":0,"m":[-70.41545154043257,43.39020696944381],"length_m":99.99999999972445}},{"type":"Feature","id":1238,"geometry":{"type":"LineString","coordinates":[[-70.41540179715821,43.390654658913064],[-70.41530231060949,43.39155003785159]]},"properties":{"n":94.63064971174691,"e":0,"m":[-70.41535205388385,43.39110234838233],"length_m":100.0000000002097}},{"type":"Feature","id":1239,"geometry":{"type":"LineString","coordinates":[[-70.41530231060949,43.39155003785159],[-70.41526041666705,43.39192708333353],[-70.41484018815014,43.39234731185043]]},"properties":{"n":126.09087520733554,"e":0,"m":[-70.41520314346262,43.39198435653795],"length_m":99.99999999957781}},{"type":"Feature","id":1240,"geometry":{"type":"LineString","coordinates":[[-70.41484018815014,43.39234731185043],[-70.41442708333372,43.39276041666685],[-70.41390597710644,43.39283486041361]]},"properties":{"n":126.0908751998802,"e":0,"m":[-70.41447723283765,43.39271026716292],"length_m":99.99999999971594}},{"type":"Feature","id":1241,"geometry":{"type":"LineString","coordinates":[[-70.41390597710644,43.39283486041361],[-70.41269667556283,43.39300761777697]]},"properties":{"n":168.91217188047972,"e":0,"m":[-70.41330132633463,43.392921239095294],"length_m":100.00000000041186}},{"type":"Feature","id":1242,"geometry":{"type":"LineString","coordinates":[[-70.41269667556283,43.39300761777697],[-70.41223958333373,43.39307291666685],[-70.41187187568559,43.39356319353103]]},"properties":{"n":118.66659516562655,"e":0,"m":[-70.41216745127733,43.39316909274205],"length_m":99.99999999971702}},{"type":"Feature","id":1243,"geometry":{"type":"LineString","coordinates":[[-70.41187187568559,43.39356319353103],[-70.41177083333372,43.39369791666686],[-70.41074916030301,43.39369791666686]]},"properties":{"n":180.0,"e":0,"m":[-70.41136531245361,43.39369791666686],"length_m":99.99999999997279}},{"type":"Feature","id":1244,"geometry":{"type":"LineString","coordinates":[[-70.41074916030301,43.39369791666686],[-70.41072916666707,43.39369791666686],[-70.41010416666705,43.39296875000019],[-70.41007141098893,43.392970387784096]]},"properties":{"n":238.00161118690096,"e":0,"m":[-70.41041326500267,43.393329364725076],"length_m":99.99999999997432}},{"type":"Feature","id":1245,"geometry":{"type":"LineString","coordinates":[[-70.41007141098893,43.392970387784096],[-70.4090625000004,43.39302083333352],[-70.40903584290297,43.39318077591817]]},"properties":{"n":176.0762247505585,"e":0,"m":[-70.40945670311774,43.39300112317766],"length_m":100.00000000080699}},{"type":"Feature","id":1246,"geometry":{"type":"LineString","coordinates":[[-70.40903584290297,43.39318077591817],[-70.4088872172853,43.39407252962412]]},"properties":{"n":96.92718673777499,"e":0,"m":[-70.40896153009412,43.39362665277115],"length_m":99.99999999937282}},{"type":"Feature","id":1247,"geometry":{"type":"LineString","coordinates":[[-70.4088872172853,43.39407252962412],[-70.40885416666706,43.39427083333352],[-70.4096263460195,43.394684500843745]]},"properties":{"n":36.31192343199779,"e":0,"m":[-70.40912984749572,43.39441851949173],"length_m":100.00000000030819}},{"type":"Feature","id":1248,"geometry":{"type":"LineString","coordinates":[[-70.4096263460195,43.394684500843745],[-70.4103125000004,43.39505208333352],[-70.41030479090108,43.395329610908966]]},"properties":{"n":36.31192342769795,"e":0,"m":[-70.41012284454327,43.39495048219577],"length_m":99.99999999939813}},{"type":"Feature","id":1249,"geometry":{"type":"LineString","coordinates":[[-70.41030479090108,43.395329610908966],[-70.41027984292703,43.39622773797457]]},"properties":{"n":91.16003107826113,"e":0,"m":[-70.41029231691405,43.39577867444177],"length_m":100.00000000081367}},{"type":"Feature","id":1250,"geometry":{"type":"LineString","coordinates":[[-70.41027984292703,43.39622773797457],[-70.41026041666706,43.39692708333352],[-70.4100997514801,43.39708774852048]]},"properties":{"n":91.16003107292613,"e":0,"m":[-70.41026736894001,43.396676801507375],"length_m":99.99999999994985}},{"type":"Feature","id":1251,"geometry":{"type":"LineString","coordinates":[[-70.4100997514801,43.39708774852048],[-70.40937384085514,43.39781365914545]]},"properties":{"n":126.0908751998802,"e":0,"m":[-70.40973679616762,43.39745070383296],"length_m":99.99999999971507}},{"type":"Feature","id":1252,"geometry":{"type":"LineString","coordinates":[[-70.40937384085514,43.39781365914545],[-70.40864793023016,43.39853956977042]]},"properties":{"n":126.09087520419222,"e":0,"m":[-70.40901088554264,43.39817661445794],"length_m":100.0000000002637}},{"type":"Feature","id":1253,"geometry":{"type":"LineString","coordinates":[[-70.40864793023016,43.39853956977042],[-70.4079220196052,43.39926548039539]]},"properties":{"n":126.0908751998802,"e":0,"m":[-70.40828497491768,43.3989025250829],"length_m":99.99999999971507}},{"type":"Feature","id":1254,"geometry":{"type":"LineString","coordinates":[[-70.4079220196052,43.39926548039539],[-70.40776041666706,43.399427083333514],[-70.40681338696746,43.3995323088557]]},"properties":{"n":171.33354651227975,"e":0,"m":[-70.40742250406538,43.39946462917814],"length_m":99.99999999985363}},{"type":"Feature","id":1255,"geometry":{"type":"LineString","coordinates":[[-70.40681338696746,43.3995323088557],[-70.40588541666706,43.399635416666854],[-70.40568765719017,43.39979362424837]]},"properties":{"n":171.3335465070046,"e":0,"m":[-70.4062042698695,43.39959998853325],"length_m":100.0000000003867}},{"type":"Feature","id":1256,"geometry":{"type":"LineString","coordinates":[[-70.40568765719017,43.39979362424837],[-70.40510416666706,43.400260416666846],[-70.40473856112126,43.40024822981532]]},"properties":{"n":132.34011955127542,"e":0,"m":[-70.4052726600771,43.40012562193881],"length_m":99.99999999974312}},{"type":"Feature","id":1257,"geometry":{"type":"LineString","coordinates":[[-70.40473856112126,43.40024822981532],[-70.4035075431352,43.40020719588245]]},"properties":{"n":182.6181234511171,"e":0,"m":[-70.40412305212824,43.40022771284889],"length_m":99.99999999995373}},{"type":"Feature","id":1258,"geometry":{"type":"LineString","coordinates":[[-70.4035075431352,43.40020719588245],[-70.40227652514916,43.400166161949585]]},"properties":{"n":182.61812344578658,"e":0,"m":[-70.40289203414218,43.40018667891602],"length_m":99.99999999991118}},{"type":"Feature","id":1259,"geometry":{"type":"LineString","coordinates":[[-70.40227652514916,43.400166161949585],[-70.4010455071631,43.40012512801671]]},"properties":{"n":182.6181234511171,"e":0,"m":[-70.40166101615614,43.40014564498315],"length_m":99.99999999995373}},{"type":"Feature","id":1260,"geometry":{"type":"LineString","coordinates":[[-70.4010455071631,43.40012512801671],[-70.40041666666707,43.40010416666685],[-70.40013431000749,43.39971592625994]]},"properties":{"n":205.29369384741474,"e":0,"m":[-70.40042999817008,43.40010461105029],"length_m":100.00000000003132}},{"type":"Feature","id":1261,"geometry":{"type":"LineString","coordinates":[[-70.40013431000749,43.39971592625994],[-70.39958333333374,43.39895833333352],[-70.39959008947403,43.39891779649173]]},"properties":{"n":242.06929846637075,"e":0,"m":[-70.39984570230281,43.399319090666],"length_m":99.99999999996797}},{"type":"Feature","id":1262,"geometry":{"type":"LineString","coordinates":[[-70.39959008947403,43.39891779649173],[-70.3997387150917,43.39802604278577]]},"properties":{"n":276.9271867371314,"e":0,"m":[-70.39966440228285,43.39847191963875],"length_m":100.00000000029735}},{"type":"Feature","id":1263,"geometry":{"type":"LineString","coordinates":[[-70.3997387150917,43.39802604278577],[-70.39973958333374,43.39802083333352],[-70.40041666666707,43.39739583333352],[-70.40029874032335,43.39735161095463]]},"properties":{"n":308.2987155532756,"e":0,"m":[-70.40011698908707,43.39767245879198],"length_m":100.0000000000914}},{"type":"Feature","id":1264,"geometry":{"type":"LineString","coordinates":[[-70.40029874032335,43.39735161095463],[-70.39920292941524,43.39694068186408]]},"properties":{"n":207.22244193246922,"e":0,"m":[-70.39975083486928,43.397146146409355],"length_m":99.99999999989981}},{"type":"Feature","id":1265,"geometry":{"type":"LineString","coordinates":[[-70.39920292941524,43.39694068186408],[-70.3987500000004,43.39677083333352],[-70.39911061001143,43.3963140606529]]},"properties":{"n":299.92049346084343,"e":0,"m":[-70.39880327468775,43.396703352062886],"length_m":100.00000000029468}},{"type":"Feature","id":1266,"geometry":{"type":"LineString","coordinates":[[-70.39911061001143,43.3963140606529],[-70.39953125000041,43.39578125000019],[-70.39952180057817,43.395497767332714]]},"properties":{"n":299.9204934654683,"e":0,"m":[-70.3994179453351,43.39592476924292],"length_m":99.9999999993121}},{"type":"Feature","id":1267,"geometry":{"type":"LineString","coordinates":[[-70.39952180057817,43.395497767332714],[-70.39949186570838,43.394599721239395]]},"properties":{"n":268.6080463891444,"e":0,"m":[-70.39950683314326,43.39504874428606],"length_m":100.00000000060339}},{"type":"Feature","id":1268,"geometry":{"type":"LineString","coordinates":[[-70.39949186570838,43.394599721239395],[-70.39947916666708,43.394218750000185],[-70.39886751002048,43.39395661143736]]},"properties":{"n":210.45189965914568,"e":0,"m":[-70.39939866702566,43.39418425015387],"length_m":99.99999999950575}},{"type":"Feature","id":1269,"geometry":{"type":"LineString","coordinates":[[-70.39886751002048,43.39395661143736],[-70.39802083333373,43.393593750000186],[-70.39791149650556,43.39342974475792]]},"properties":{"n":210.45189965914568,"e":0,"m":[-70.39833635301528,43.39372897272085],"length_m":100.00000000034413}},{"type":"Feature","id":1270,"geometry":{"type":"LineString","coordinates":[[-70.39791149650556,43.39342974475792],[-70.39760416666707,43.39296875000019],[-70.397079888832,43.3930211777837]]},"properties":{"n":244.08121748469108,"e":0,"m":[-70.39764217846157,43.393025767691945],"length_m":99.99999999950488}},{"type":"Feature","id":1271,"geometry":{"type":"LineString","coordinates":[[-70.397079888832,43.3930211777837],[-70.39656250000041,43.39307291666686],[-70.39649097417161,43.3935879026342]]},"properties":{"n":95.78124782262122,"e":0,"m":[-70.39655303959674,43.3931410315733],"length_m":100.0000000006583}},{"type":"Feature","id":1272,"geometry":{"type":"LineString","coordinates":[[-70.39649097417161,43.3935879026342],[-70.39636684332135,43.39448164475599]]},"properties":{"n":95.78124782315872,"e":0,"m":[-70.39642890874647,43.394034773695104],"length_m":99.99999999999146}},{"type":"Feature","id":1273,"geometry":{"type":"LineString","coordinates":[[-70.39636684332135,43.39448164475599],[-70.39630208333374,43.39494791666686],[-70.39659607573364,43.39532030704005]]},"properties":{"n":85.88960396967913,"e":0,"m":[-70.39630477789622,43.394928515816886],"length_m":99.99999999962017}},{"type":"Feature","id":1274,"geometry":{"type":"LineString","coordinates":[[-70.39659607573364,43.39532030704005],[-70.39708333333374,43.39593750000019],[-70.39691204267251,43.39607563763021]]},"properties":{"n":60.0795065345317,"e":0,"m":[-70.39690341105732,43.39570959845004],"length_m":99.99999999951496}},{"type":"Feature","id":1275,"geometry":{"type":"LineString","coordinates":[[-70.39691204267251,43.39607563763021],[-70.39608569604708,43.39674204619911]]},"properties":{"n":132.11109362857678,"e":0,"m":[-70.3964988693598,43.39640884191466],"length_m":100.00000000083357}},{"type":"Feature","id":1276,"geometry":{"type":"LineString","coordinates":[[-70.39608569604708,43.39674204619911],[-70.3954687500004,43.397239583333516],[-70.39539501661372,43.397460783493614]]},"properties":{"n":132.11109362499855,"e":0,"m":[-70.39567252273437,43.39707525048355],"length_m":99.99999999990494}},{"type":"Feature","id":1277,"geometry":{"type":"LineString","coordinates":[[-70.39539501661372,43.397460783493614],[-70.39526041666707,43.39786458333352],[-70.39473958333375,43.39786458333352],[-70.394664049899,43.397777429370365]]},"properties":{"n":172.29135950238836,"e":0,"m":[-70.3952143162748,43.39786458333352],"length_m":99.99999999988725}},{"type":"Feature","id":1278,"geometry":{"type":"LineString","coordinates":[[-70.394664049899,43.397777429370365],[-70.39406250000042,43.39708333333351],[-70.39401909845886,43.39715386083856]]},"properties":{"n":237.71641614235585,"e":0,"m":[-70.39433495678351,43.39739770654478],"length_m":99.99999999951383}},{"type":"Feature","id":1279,"geometry":{"type":"LineString","coordinates":[[-70.39401909845886,43.39715386083856],[-70.39364583333375,43.39776041666685],[-70.39333354874181,43.39781246409884]]},"properties":{"n":114.16081722654161,"e":0,"m":[-70.39376690789629,43.397563670502706],"length_m":100.00000000044776}},{"type":"Feature","id":1280,"geometry":{"type":"LineString","coordinates":[[-70.39333354874181,43.39781246409884],[-70.39239583333375,43.39796875000019],[-70.39227764574655,43.398146031380996]]},"properties":{"n":167.1216172945541,"e":0,"m":[-70.39273289567954,43.39791257294256],"length_m":99.99999999972691}},{"type":"Feature","id":1281,"geometry":{"type":"LineString","coordinates":[[-70.39227764574655,43.398146031380996],[-70.39197916666708,43.39859375000018],[-70.3914435507074,43.398683019326796]]},"properties":{"n":115.91878251764129,"e":0,"m":[-70.39200832770256,43.398550008446975],"length_m":100.00000000027802}},{"type":"Feature","id":1282,"geometry":{"type":"LineString","coordinates":[[-70.3914435507074,43.398683019326796],[-70.39072916666709,43.39880208333352],[-70.39042256352725,43.399089523777114]]},"properties":{"n":167.12161728935226,"e":0,"m":[-70.39084289764511,43.398783128170514],"length_m":99.99999999986369}},{"type":"Feature","id":1283,"geometry":{"type":"LineString","coordinates":[[-70.39042256352725,43.399089523777114],[-70.38989583333375,43.39958333333352],[-70.38985707338821,43.399854652952264]]},"properties":{"n":127.86744161477083,"e":0,"m":[-70.39004434672253,43.39944410203153],"length_m":99.9999999999775}},{"type":"Feature","id":1284,"geometry":{"type":"LineString","coordinates":[[-70.38985707338821,43.399854652952264],[-70.38972943346877,43.40074813238831]]},"properties":{"n":95.94525947145331,"e":0,"m":[-70.3897932534285,43.400301392670286],"length_m":100.00000000047945}},{"type":"Feature","id":1285,"geometry":{"type":"LineString","coordinates":[[-70.38972943346877,43.40074813238831],[-70.38960179354935,43.40164161182434]]},"properties":{"n":95.94525947620798,"e":0,"m":[-70.38966561350907,43.40119487210632],"length_m":99.99999999945666}},{"type":"Feature","id":1286,"geometry":{"type":"LineString","coordinates":[[-70.38960179354935,43.40164161182434],[-70.38947415362992,43.40253509126038]]},"properties":{"n":95.94525947145331,"e":0,"m":[-70.38953797358963,43.40208835154236],"length_m":100.00000000047945}},{"type":"Feature","id":1287,"geometry":{"type":"LineString","coordinates":[[-70.38947415362992,43.40253509126038],[-70.38934651371048,43.40342857069642]]},"properties":{"n":95.94525947090061,"e":0,"m":[-70.38941033367021,43.402981830978405],"length_m":99.99999999955313}},{"type":"Feature","id":1288,"geometry":{"type":"LineString","coordinates":[[-70.38934651371048,43.40342857069642],[-70.38921887379105,43.404322050132464]]},"properties":{"n":95.94525947145331,"e":0,"m":[-70.38928269375076,43.40387531041444],"length_m":100.00000000047945}},{"type":"Feature","id":1289,"geometry":{"type":"LineString","coordinates":[[-70.38921887379105,43.404322050132464],[-70.38911458333375,43.405052083333516],[-70.38890957173014,43.405120420534715]]},"properties":{"n":95.94525947620798,"e":0,"m":[-70.38915505383133,43.40476878985048],"length_m":99.99999999957905}},{"type":"Feature","id":1290,"geometry":{"type":"LineString","coordinates":[[-70.38890957173014,43.405120420534715],[-70.3877888750558,43.40549398609283]]},"properties":{"n":155.42694325398998,"e":0,"m":[-70.38834922339296,43.405307203313775],"length_m":99.99999999984426}},{"type":"Feature","id":1291,"geometry":{"type":"LineString","coordinates":[[-70.3877888750558,43.40549398609283],[-70.38708333333375,43.405729166666845],[-70.38731330348199,43.40601662935216]]},"properties":{"n":155.42694325884278,"e":0,"m":[-70.38722852671864,43.40568076887188],"length_m":99.99999999990222}},{"type":"Feature","id":1292,"geometry":{"type":"LineString","coordinates":[[-70.38731330348199,43.40601662935216],[-70.38791666666708,43.40677083333351],[-70.38788315160005,43.40677711740858]]},"properties":{"n":59.750336118077335,"e":0,"m":[-70.38762370177898,43.40640462722339],"length_m":99.99999999990966}},{"type":"Feature","id":1293,"geometry":{"type":"LineString","coordinates":[[-70.38788315160005,43.40677711740858],[-70.38668969370515,43.407000890763875]]},"properties":{"n":165.57547260714975,"e":0,"m":[-70.3872864226526,43.406889004086224],"length_m":100.0000000004085}},{"type":"Feature","id":1294,"geometry":{"type":"LineString","coordinates":[[-70.38668969370515,43.407000890763875],[-70.38549623581027,43.40722466411917]]},"properties":{"n":165.5754726033111,"e":0,"m":[-70.38609296475771,43.407112777441526],"length_m":99.99999999973853}},{"type":"Feature","id":1295,"geometry":{"type":"LineString","coordinates":[[-70.38549623581027,43.40722466411917],[-70.38458333333375,43.40739583333352],[-70.38476287037939,43.40756155983717]]},"properties":{"n":165.57547260847898,"e":0,"m":[-70.38489950686281,43.40733655079681],"length_m":100.00000000083863}},{"type":"Feature","id":1296,"geometry":{"type":"LineString","coordinates":[[-70.38476287037939,43.40756155983717],[-70.38526041666708,43.40802083333351],[-70.38531221792202,43.40833164086308]]},"properties":{"n":51.70128444672442,"e":0,"m":[-70.38514473772268,43.40791405276944],"length_m":99.99999999940027}},{"type":"Feature","id":1297,"geometry":{"type":"LineString","coordinates":[[-70.38531221792202,43.40833164086308],[-70.38541666666708,43.40895833333351],[-70.38522538932129,43.40918604445946]]},"properties":{"n":83.07281325757145,"e":0,"m":[-70.38538653073086,43.40877751771606],"length_m":100.00000000021932}},{"type":"Feature","id":1298,"geometry":{"type":"LineString","coordinates":[[-70.38522538932129,43.40918604445946],[-70.38458186903571,43.409952140037525]]},"properties":{"n":121.48053776727626,"e":0,"m":[-70.3849036291785,43.409569092248496],"length_m":100.00000000031332}},{"type":"Feature","id":1299,"geometry":{"type":"LineString","coordinates":[[-70.38458186903571,43.409952140037525],[-70.38432291666709,43.410260416666844],[-70.38359152987474,43.41032310696333]]},"properties":{"n":173.29378592660072,"e":0,"m":[-70.38420346630618,43.4102706552692],"length_m":99.99999999992886}},{"type":"Feature","id":1300,"geometry":{"type":"LineString","coordinates":[[-70.38359152987474,43.41032310696333],[-70.38236765701186,43.41042801035157]]},"properties":{"n":173.29378592130115,"e":0,"m":[-70.3829795934433,43.41037555865745],"length_m":99.99999999954574}},{"type":"Feature","id":1301,"geometry":{"type":"LineString","coordinates":[[-70.38236765701186,43.41042801035157],[-70.38114378414899,43.41053291373982]]},"properties":{"n":173.29378592660072,"e":0,"m":[-70.38175572058043,43.4104804620457],"length_m":99.99999999965449}},{"type":"Feature","id":1302,"geometry":{"type":"LineString","coordinates":[[-70.38114378414899,43.41053291373982],[-70.38067708333375,43.41057291666684],[-70.38016359173932,43.41098370994238]]},"properties":{"n":132.34011955127542,"e":0,"m":[-70.38057858885239,43.410651712251926],"length_m":99.99999999982161}},{"type":"Feature","id":1303,"geometry":{"type":"LineString","coordinates":[[-70.38016359173932,43.41098370994238],[-70.37963541666709,43.41140625000017],[-70.37963541666709,43.411732911933754]]},"properties":{"n":132.34011955486943,"e":0,"m":[-70.37974859462625,43.41131570763284],"length_m":100.0000000006857}},{"type":"Feature","id":1304,"geometry":{"type":"LineString","coordinates":[[-70.37963541666709,43.411732911933754],[-70.37963541666709,43.411927083333495],[-70.38025718573356,43.41246594985778]]},"properties":{"n":49.93221656075518,"e":0,"m":[-70.379860572646,43.41212221851522],"length_m":100.00000000010651}},{"type":"Feature","id":1305,"geometry":{"type":"LineString","coordinates":[[-70.38025718573356,43.41246594985778],[-70.38041666666709,43.41260416666684],[-70.37985718831237,43.41319472715238]]},"properties":{"n":124.62903047314605,"e":0,"m":[-70.38020732338737,43.41282514012878],"length_m":99.99999999967488}},{"type":"Feature","id":1306,"geometry":{"type":"LineString","coordinates":[[-70.37985718831237,43.41319472715238],[-70.3794791666671,43.41359375000017],[-70.37899031375599,43.41380325839064]]},"properties":{"n":127.10789974928323,"e":0,"m":[-70.37950705323738,43.41356431417597],"length_m":99.99999999985135}},{"type":"Feature","id":1307,"geometry":{"type":"LineString","coordinates":[[-70.37899031375599,43.41380325839064],[-70.37802083333375,43.41421875000017],[-70.37801821738277,43.41429722852944]]},"properties":{"n":149.54810034815873,"e":0,"m":[-70.3784591567508,43.414030897107146],"length_m":100.00000000069025}},{"type":"Feature","id":1308,"geometry":{"type":"LineString","coordinates":[[-70.37801821738277,43.41429722852944],[-70.377988282513,43.415195274622754]]},"properties":{"n":91.39195361631971,"e":0,"m":[-70.37800324994788,43.4147462515761],"length_m":99.99999999964972}},{"type":"Feature","id":1309,"geometry":{"type":"LineString","coordinates":[[-70.377988282513,43.415195274622754],[-70.37796875000042,43.415781250000165],[-70.37817995757669,43.416052802598216]]},"properties":{"n":91.39195361619008,"e":0,"m":[-70.37797331507811,43.41564429766941],"length_m":100.00000000021065}},{"type":"Feature","id":1310,"geometry":{"type":"LineString","coordinates":[[-70.37817995757669,43.416052802598216],[-70.3786979166671,43.416718750000165],[-70.3786979166671,43.416851522460945]]},"properties":{"n":60.44782130893937,"e":0,"m":[-70.3784838536635,43.416443526138394],"length_m":99.999999999771}},{"type":"Feature","id":1311,"geometry":{"type":"LineString","coordinates":[[-70.3786979166671,43.416851522460945],[-70.3786979166671,43.41774983363594]]},"properties":{"n":90.0,"e":0,"m":[-70.3786979166671,43.41730067804844],"length_m":100.0}},{"type":"Feature","id":1312,"geometry":{"type":"LineString","coordinates":[[-70.3786979166671,43.41774983363594],[-70.3786979166671,43.41828125000016],[-70.37840560000106,43.41857992137634]]},"properties":{"n":90.0,"e":0,"m":[-70.3786979166671,43.41819898922343],"length_m":99.99999999978233}},{"type":"Feature","id":1313,"geometry":{"type":"LineString","coordinates":[[-70.37840560000106,43.41857992137634],[-70.37768988715901,43.41931119319321]]},"properties":{"n":125.50628769638536,"e":0,"m":[-70.37804774358003,43.41894555728477],"length_m":99.99999999993457}},{"type":"Feature","id":1314,"geometry":{"type":"LineString","coordinates":[[-70.37768988715901,43.41931119319321],[-70.37697417431696,43.42004246501008]]},"properties":{"n":125.50628769638536,"e":0,"m":[-70.37733203073799,43.41967682910165],"length_m":99.99999999993457}},{"type":"Feature","id":1315,"geometry":{"type":"LineString","coordinates":[[-70.37697417431696,43.42004246501008],[-70.37630208333375,43.42072916666683],[-70.37630208333375,43.42078391768004]]},"properties":{"n":125.50628769638536,"e":0,"m":[-70.37661631789594,43.42040810091852],"length_m":99.99999999998391}},{"type":"Feature","id":1316,"geometry":{"type":"LineString","coordinates":[[-70.37630208333375,43.42078391768004],[-70.37630208333375,43.42168222885503]]},"properties":{"n":90.0,"e":0,"m":[-70.37630208333375,43.42123307326754],"length_m":100.0}},{"type":"Feature","id":1317,"geometry":{"type":"LineString","coordinates":[[-70.37630208333375,43.42168222885503],[-70.37630208333375,43.4217708333335],[-70.37692880837936,43.42243934004881]]},"properties":{"n":55.650982937459766,"e":0,"m":[-70.37658115526342,43.42206851005845],"length_m":100.00000000040238}},{"type":"Feature","id":1318,"geometry":{"type":"LineString","coordinates":[[-70.37692880837936,43.42243934004881],[-70.37708333333376,43.42260416666683],[-70.37651874918778,43.423168750812806]]},"properties":{"n":126.0908751998802,"e":0,"m":[-70.37688170450026,43.42280579550032],"length_m":99.9999999998026}},{"type":"Feature","id":1319,"geometry":{"type":"LineString","coordinates":[[-70.37651874918778,43.423168750812806],[-70.37625000000043,43.42343750000016],[-70.37670716143803,43.42389466143778]]},"properties":{"n":53.90912479580779,"e":0,"m":[-70.37634420612555,43.42353170612529],"length_m":100.0000000002637}},{"type":"Feature","id":1320,"geometry":{"type":"LineString","coordinates":[[-70.37670716143803,43.42389466143778],[-70.37708333333376,43.424270833333495],[-70.37662965882845,43.42455001764445]]},"properties":{"n":78.13794048959028,"e":0,"m":[-70.37707011675053,43.42425761675026],"length_m":99.99999999930512}},{"type":"Feature","id":1321,"geometry":{"type":"LineString","coordinates":[[-70.37662965882845,43.42455001764445],[-70.37640625000043,43.42468750000016],[-70.37629288664762,43.42536768011699]]},"properties":{"n":96.92718674242855,"e":0,"m":[-70.37636719945645,43.42492180326401],"length_m":100.00000000012483}},{"type":"Feature","id":1322,"geometry":{"type":"LineString","coordinates":[[-70.37629288664762,43.42536768011699],[-70.3761979166671,43.42593750000016],[-70.37588784604834,43.42617005296423]]},"properties":{"n":96.92718673713142,"e":0,"m":[-70.37621857383878,43.42581355696997],"length_m":99.99999999998954}},{"type":"Feature","id":1323,"geometry":{"type":"LineString","coordinates":[[-70.37588784604834,43.42617005296423],[-70.3755729166671,43.42640625000016],[-70.3754524641773,43.42696836161924]]},"properties":{"n":98.8782856219335,"e":0,"m":[-70.37554755860535,43.4265245876217],"length_m":100.00000000025567}},{"type":"Feature","id":1324,"geometry":{"type":"LineString","coordinates":[[-70.3754524641773,43.42696836161924],[-70.3752622753212,43.4278559096143]]},"properties":{"n":98.87828562720566,"e":0,"m":[-70.37535736974924,43.42741213561677],"length_m":100.00000000058843}},{"type":"Feature","id":1325,"geometry":{"type":"LineString","coordinates":[[-70.3752622753212,43.4278559096143],[-70.37510416666709,43.42859375000016],[-70.37491933020517,43.428663063673376]]},"properties":{"n":98.87828562275705,"e":0,"m":[-70.37516718089316,43.428299683611826],"length_m":99.99999999930799}},{"type":"Feature","id":1326,"geometry":{"type":"LineString","coordinates":[[-70.37491933020517,43.428663063673376],[-70.37385416666709,43.42906250000016],[-70.37384899188876,43.42908733893609]]},"properties":{"n":152.77755806753078,"e":0,"m":[-70.3743714247511,43.42886852821865],"length_m":99.99999999990938}},{"type":"Feature","id":1327,"geometry":{"type":"LineString","coordinates":[[-70.37384899188876,43.42908733893609],[-70.37366396529359,43.42997546659298]]},"properties":{"n":98.63543617210378,"e":0,"m":[-70.37375647859118,43.42953140276454],"length_m":99.99999999986778}},{"type":"Feature","id":1328,"geometry":{"type":"LineString","coordinates":[[-70.37366396529359,43.42997546659298],[-70.37359375000042,43.430312500000156],[-70.37314331343522,43.43076293656535]]},"properties":{"n":126.09087520419222,"e":0,"m":[-70.37350626874772,43.43039998125286],"length_m":100.00000000021767}},{"type":"Feature","id":1329,"geometry":{"type":"LineString","coordinates":[[-70.37314331343522,43.43076293656535],[-70.37241740281026,43.43148884719032]]},"properties":{"n":126.0908751998802,"e":0,"m":[-70.37278035812275,43.43112589187784],"length_m":99.99999999971507}},{"type":"Feature","id":1330,"geometry":{"type":"LineString","coordinates":[[-70.37241740281026,43.43148884719032],[-70.37169149218528,43.4322147578153]]},"properties":{"n":126.09087520733554,"e":0,"m":[-70.37205444749777,43.43185180250281],"length_m":100.00000000101628}},{"type":"Feature","id":1331,"geometry":{"type":"LineString","coordinates":[[-70.37169149218528,43.4322147578153],[-70.37114583333377,43.43276041666682],[-70.37087373115925,43.43286245498226]]},"properties":{"n":126.09087520419222,"e":0,"m":[-70.3713285368728,43.432577713127785],"length_m":99.99999999969687}},{"type":"Feature","id":1332,"geometry":{"type":"LineString","coordinates":[[-70.37087373115925,43.43286245498226],[-70.36977792025112,43.43327338407281]]},"properties":{"n":152.77755806753078,"e":0,"m":[-70.3703258257052,43.43306791952754],"length_m":99.99999999989981}},{"type":"Feature","id":1333,"geometry":{"type":"LineString","coordinates":[[-70.36977792025112,43.43327338407281],[-70.36868210934301,43.43368431316336]]},"properties":{"n":152.77755806753078,"e":0,"m":[-70.36923001479707,43.43347884861809],"length_m":99.99999999989981}},{"type":"Feature","id":1334,"geometry":{"type":"LineString","coordinates":[[-70.36868210934301,43.43368431316336],[-70.3682291666671,43.433854166666826],[-70.36801358408034,43.43435719270259]]},"properties":{"n":107.34959425565967,"e":0,"m":[-70.36819732138322,43.43392847232924],"length_m":99.99999999981841}},{"type":"Feature","id":1335,"geometry":{"type":"LineString","coordinates":[[-70.36801358408034,43.43435719270259],[-70.3676461094746,43.435214633449284]]},"properties":{"n":107.34959425565967,"e":0,"m":[-70.36782984677748,43.434785913075935],"length_m":100.00000000002086}},{"type":"Feature","id":1336,"geometry":{"type":"LineString","coordinates":[[-70.3676461094746,43.435214633449284],[-70.36760416666709,43.43531250000015],[-70.36663866211272,43.43568384790568]]},"properties":{"n":152.18316165797535,"e":0,"m":[-70.36718361410726,43.435474250984704],"length_m":100.00000000011849}},{"type":"Feature","id":1337,"geometry":{"type":"LineString","coordinates":[[-70.36663866211272,43.43568384790568],[-70.36554875812364,43.43610304174764]]},"properties":{"n":152.18316165797535,"e":0,"m":[-70.36609371011818,43.43589344482666],"length_m":100.00000000007518}},{"type":"Feature","id":1338,"geometry":{"type":"LineString","coordinates":[[-70.36554875812364,43.43610304174764],[-70.36489583333378,43.43635416666681],[-70.36471610723802,43.436689655378885]]},"properties":{"n":152.18316165548526,"e":0,"m":[-70.36500380612908,43.43631263866862],"length_m":100.00000000010614}},{"type":"Feature","id":1339,"geometry":{"type":"LineString","coordinates":[[-70.36471610723802,43.436689655378885],[-70.36426783832945,43.4375264240082]]},"properties":{"n":111.3315851936289,"e":0,"m":[-70.36449197278375,43.437108039693534],"length_m":100.00000000007267}},{"type":"Feature","id":1340,"geometry":{"type":"LineString","coordinates":[[-70.36426783832945,43.4375264240082],[-70.36411458333377,43.43781250000015],[-70.36331791251844,43.437923148724494]]},"properties":{"n":169.212841094931,"e":0,"m":[-70.36392317678106,43.43783908424358],"length_m":99.99999999976727}},{"type":"Feature","id":1341,"geometry":{"type":"LineString","coordinates":[[-70.36331791251844,43.437923148724494],[-70.36223958333377,43.43807291666681],[-70.3621789499806,43.43816049817695]]},"properties":{"n":169.212841094931,"e":0,"m":[-70.36271264825582,43.43800721320542],"length_m":100.00000000033421}},{"type":"Feature","id":1342,"geometry":{"type":"LineString","coordinates":[[-70.3621789499806,43.43816049817695],[-70.36177083333376,43.43875000000015],[-70.36155094055546,43.43857408577751]]},"properties":{"n":116.77873496642538,"e":0,"m":[-70.36190134495142,43.4385614832191],"length_m":99.99999999964112}},{"type":"Feature","id":1343,"geometry":{"type":"LineString","coordinates":[[-70.36155094055546,43.43857408577751],[-70.36072916666711,43.437916666666816],[-70.36072618055253,43.437925293220026]]},"properties":{"n":227.65988044907476,"e":0,"m":[-70.3611359434424,43.43824208808705],"length_m":99.99999999970154}},{"type":"Feature","id":1344,"geometry":{"type":"LineString","coordinates":[[-70.36072618055253,43.437925293220026],[-70.36042467738746,43.43879630236359]]},"properties":{"n":104.16210586413759,"e":0,"m":[-70.36057542897,43.43836079779181],"length_m":100.00000000062796}},{"type":"Feature","id":1345,"geometry":{"type":"LineString","coordinates":[[-70.36042467738746,43.43879630236359],[-70.3602604166671,43.43927083333348],[-70.35976864877087,43.439467540491975]]},"properties":{"n":106.37716645388318,"e":0,"m":[-70.36027392580492,43.43923180693537],"length_m":99.9999999994236}},{"type":"Feature","id":1346,"geometry":{"type":"LineString","coordinates":[[-70.35976864877087,43.439467540491975],[-70.35947916666711,43.43958333333348],[-70.35858736159753,43.43948424388131]]},"properties":{"n":188.6664534885243,"e":0,"m":[-70.35919647869548,43.43955192355885],"length_m":100.00000000056359}},{"type":"Feature","id":1347,"geometry":{"type":"LineString","coordinates":[[-70.35858736159753,43.43948424388131],[-70.35807291666711,43.43942708333348],[-70.35775216481129,43.4389637750973]]},"properties":{"n":243.22126503357464,"e":0,"m":[-70.35802976984047,43.43936476013945],"length_m":99.9999999996939}},{"type":"Feature","id":1348,"geometry":{"type":"LineString","coordinates":[[-70.35775216481129,43.4389637750973],[-70.3576041666671,43.43875000000015],[-70.35707175654474,43.43928241012252]]},"properties":{"n":126.09087520419222,"e":0,"m":[-70.35743471185721,43.43891945481003],"length_m":99.99999999977508}},{"type":"Feature","id":1349,"geometry":{"type":"LineString","coordinates":[[-70.35707175654474,43.43928241012252],[-70.35692708333377,43.43942708333348],[-70.35595879429408,43.43956541033915]]},"properties":{"n":168.91217188150594,"e":0,"m":[-70.35656344506587,43.43947903165747],"length_m":99.9999999999196}},{"type":"Feature","id":1350,"geometry":{"type":"LineString","coordinates":[[-70.35595879429408,43.43956541033915],[-70.35474949275047,43.43973816770252]]},"properties":{"n":168.91217188571622,"e":0,"m":[-70.35535414352226,43.439651789020836],"length_m":100.00000000059096}},{"type":"Feature","id":1351,"geometry":{"type":"LineString","coordinates":[[-70.35474949275047,43.43973816770252],[-70.35473958333378,43.43973958333348],[-70.35427083333377,43.44041666666681],[-70.35414838377186,43.440318707017276]]},"properties":{"n":116.77873496882953,"e":0,"m":[-70.3544665278794,43.440133996767585],"length_m":99.9999999996212}},{"type":"Feature","id":1352,"geometry":{"type":"LineString","coordinates":[[-70.35414838377186,43.440318707017276],[-70.35331838954573,43.439654711636365]]},"properties":{"n":227.65988044907476,"e":0,"m":[-70.3537333866588,43.43998670932682],"length_m":100.00000000008237}},{"type":"Feature","id":1353,"geometry":{"type":"LineString","coordinates":[[-70.35331838954573,43.439654711636365],[-70.35322916666712,43.43958333333348],[-70.35276041666711,43.44026041666681],[-70.35270209597458,43.44026874819432]]},"properties":{"n":116.77873496642538,"e":0,"m":[-70.35301124571534,43.4398981080416],"length_m":99.99999999996072}},{"type":"Feature","id":1354,"geometry":{"type":"LineString","coordinates":[[-70.35270209597458,43.44026874819432],[-70.35149279443098,43.440441505557686]]},"properties":{"n":168.91217188047972,"e":0,"m":[-70.35209744520279,43.440355126876],"length_m":100.00000000041186}},{"type":"Feature","id":1355,"geometry":{"type":"LineString","coordinates":[[-70.35149279443098,43.440441505557686],[-70.35057291666712,43.44057291666681],[-70.35041599069847,43.44075495079044]]},"properties":{"n":168.9121718867424,"e":0,"m":[-70.35088814365919,43.440527884239366],"length_m":99.99999999961712}},{"type":"Feature","id":1356,"geometry":{"type":"LineString","coordinates":[[-70.35041599069847,43.44075495079044],[-70.34976030574992,43.44151554533076]]},"properties":{"n":122.146126206466,"e":0,"m":[-70.35008814822419,43.441135248060604],"length_m":99.99999999956005}},{"type":"Feature","id":1357,"geometry":{"type":"LineString","coordinates":[[-70.34976030574992,43.44151554533076],[-70.34927083333378,43.44208333333348],[-70.34906222149853,43.44191383621734]]},"properties":{"n":122.1461262047872,"e":0,"m":[-70.34943246327563,43.44189584260092],"length_m":100.00000000096236}},{"type":"Feature","id":1358,"geometry":{"type":"LineString","coordinates":[[-70.34906222149853,43.44191383621734],[-70.34843750000044,43.44140625000014],[-70.3481438297506,43.44137478533052]]},"properties":{"n":228.10179433259347,"e":0,"m":[-70.34865074939572,43.4415795151338],"length_m":99.99999999984499}},{"type":"Feature","id":1359,"geometry":{"type":"LineString","coordinates":[[-70.3481438297506,43.44137478533052],[-70.34692462417382,43.441244156161574]]},"properties":{"n":188.3613921955338,"e":0,"m":[-70.34753422696221,43.44130947074605],"length_m":100.0000000000382}},{"type":"Feature","id":1360,"geometry":{"type":"LineString","coordinates":[[-70.34692462417382,43.441244156161574],[-70.34570541859703,43.44111352699264]]},"properties":{"n":188.36139220081319,"e":0,"m":[-70.34631502138542,43.441178841577106],"length_m":99.99999999990277}},{"type":"Feature","id":1361,"geometry":{"type":"LineString","coordinates":[[-70.34570541859703,43.44111352699264],[-70.34448621302025,43.440982897823694]]},"properties":{"n":188.3613921955338,"e":0,"m":[-70.34509581580865,43.44104821240816],"length_m":100.0000000000382}},{"type":"Feature","id":1362,"geometry":{"type":"LineString","coordinates":[[-70.34448621302025,43.440982897823694],[-70.34406250000046,43.440937500000146],[-70.34380610595178,43.440381979561366]]},"properties":{"n":251.4046384473678,"e":0,"m":[-70.3440025861396,43.44080768663495],"length_m":99.9999999994877}},{"type":"Feature","id":1363,"geometry":{"type":"LineString","coordinates":[[-70.34380610595178,43.440381979561366],[-70.34343750000045,43.43958333333348],[-70.34338661080618,43.439624848202484]]},"properties":{"n":251.4046384456662,"e":0,"m":[-70.34360962576397,43.439956272487784],"length_m":100.00000000003291}},{"type":"Feature","id":1364,"geometry":{"type":"LineString","coordinates":[[-70.34338661080618,43.439624848202484],[-70.3425655100212,43.44029469357971]]},"properties":{"n":131.78315968845686,"e":0,"m":[-70.34297606041369,43.4399597708911],"length_m":100.00000000003878}},{"type":"Feature","id":1365,"geometry":{"type":"LineString","coordinates":[[-70.3425655100212,43.44029469357971],[-70.34174440923623,43.44096453895694]]},"properties":{"n":131.78315968845686,"e":0,"m":[-70.34215495962872,43.440629616268325],"length_m":100.00000000003878}},{"type":"Feature","id":1366,"geometry":{"type":"LineString","coordinates":[[-70.34174440923623,43.44096453895694],[-70.34145833333379,43.441197916666816],[-70.34065537043804,43.441197916666816]]},"properties":{"n":180.0,"e":0,"m":[-70.34127152258863,43.441197916666816],"length_m":100.00000000054791}},{"type":"Feature","id":1367,"geometry":{"type":"LineString","coordinates":[[-70.34065537043804,43.441197916666816],[-70.33942306613687,43.441197916666816]]},"properties":{"n":180.0,"e":0,"m":[-70.34003921828746,43.441197916666816],"length_m":100.0}},{"type":"Feature","id":1368,"geometry":{"type":"LineString","coordinates":[[-70.33942306613687,43.441197916666816],[-70.33937500000046,43.441197916666816],[-70.338565167914,43.44056804726625]]},"properties":{"n":226.85537574374848,"e":0,"m":[-70.33898651878458,43.44089576461002],"length_m":99.99999999908266}},{"type":"Feature","id":1369,"geometry":{"type":"LineString","coordinates":[[-70.338565167914,43.44056804726625],[-70.33843750000045,43.44046875000015],[-70.33739865370913,43.440555320524425]]},"properties":{"n":173.47844226655263,"e":0,"m":[-70.33801081885761,43.44050430676205],"length_m":100.000000000861}},{"type":"Feature","id":1370,"geometry":{"type":"LineString","coordinates":[[-70.33739865370913,43.440555320524425],[-70.33718750000045,43.44057291666681],[-70.33713541666712,43.44109375000014],[-70.33733197520827,43.4412622287497]]},"properties":{"n":94.16930784739655,"e":0,"m":[-70.33715815500054,43.44086636666611],"length_m":99.9999999997926}},{"type":"Feature","id":1371,"geometry":{"type":"LineString","coordinates":[[-70.33733197520827,43.4412622287497],[-70.3378645833338,43.44171875000014],[-70.33787881367589,43.44201758718396]]},"properties":{"n":49.62005285200896,"e":0,"m":[-70.33773115143198,43.44160437979859],"length_m":100.00000000025273}},{"type":"Feature","id":1372,"geometry":{"type":"LineString","coordinates":[[-70.33787881367589,43.44201758718396],[-70.33791666666713,43.442812500000144],[-70.33786367019428,43.44290789365126]]},"properties":{"n":88.01190181875388,"e":0,"m":[-70.33790018916258,43.44246647240448],"length_m":99.99999999905566}},{"type":"Feature","id":1373,"geometry":{"type":"LineString","coordinates":[[-70.33786367019428,43.44290789365126],[-70.33740110199032,43.44374051641839]]},"properties":{"n":112.04708955549573,"e":0,"m":[-70.3376323860923,43.44332420503483],"length_m":100.000000000213}},{"type":"Feature","id":1374,"geometry":{"type":"LineString","coordinates":[[-70.33740110199032,43.44374051641839],[-70.33713541666712,43.44421875000014],[-70.33708467602597,43.444599304808875]]},"properties":{"n":112.04708955549573,"e":0,"m":[-70.33716981788834,43.444156827801955],"length_m":100.00000000008255}},{"type":"Feature","id":1375,"geometry":{"type":"LineString","coordinates":[[-70.33708467602597,43.444599304808875],[-70.33696546298337,43.445493402628344]]},"properties":{"n":95.55147228890328,"e":0,"m":[-70.33702506950466,43.44504635371861],"length_m":100.00000000045625}},{"type":"Feature","id":1376,"geometry":{"type":"LineString","coordinates":[[-70.33696546298337,43.445493402628344],[-70.33692708333379,43.44578125000014],[-70.33614912969924,43.44600352246716]]},"properties":{"n":158.5976422864954,"e":0,"m":[-70.3367227924907,43.44583961881244],"length_m":100.00000000002346}},{"type":"Feature","id":1377,"geometry":{"type":"LineString","coordinates":[[-70.33614912969924,43.44600352246716],[-70.33500180411627,43.44633132977657]]},"properties":{"n":158.5976422864954,"e":0,"m":[-70.33557546690777,43.44616742612186],"length_m":100.00000000003567}},{"type":"Feature","id":1378,"geometry":{"type":"LineString","coordinates":[[-70.33500180411627,43.44633132977657],[-70.3347395833338,43.44640625000014],[-70.33417957927878,43.44696625405515]]},"properties":{"n":126.09087520419222,"e":0,"m":[-70.33454253459128,43.44660329874267],"length_m":99.9999999994232}},{"type":"Feature","id":1379,"geometry":{"type":"LineString","coordinates":[[-70.33417957927878,43.44696625405515],[-70.33375000000046,43.447395833333466],[-70.33385257277689,43.447754838051004]]},"properties":{"n":126.09087520419222,"e":0,"m":[-70.3338166239663,43.44732920936764],"length_m":100.00000000032526}},{"type":"Feature","id":1380,"geometry":{"type":"LineString","coordinates":[[-70.33385257277689,43.447754838051004],[-70.33385416666712,43.447760416666796],[-70.3349745713606,43.44812054674684]]},"properties":{"n":23.794413319429722,"e":0,"m":[-70.33441079275183,43.44793933219403],"length_m":100.00000000018304}},{"type":"Feature","id":1381,"geometry":{"type":"LineString","coordinates":[[-70.3349745713606,43.44812054674684],[-70.33531250000047,43.448229166666806],[-70.33540630401612,43.44885452677119]]},"properties":{"n":83.75976756248551,"e":0,"m":[-70.33533932987291,43.448408032483115],"length_m":100.00000000013341}},{"type":"Feature","id":1382,"geometry":{"type":"LineString","coordinates":[[-70.33540630401612,43.44885452677119],[-70.33546875000046,43.44927083333347],[-70.33583878131698,43.449667295458326]]},"properties":{"n":60.19975734025864,"e":0,"m":[-70.33549218365978,43.44929594082561],"length_m":99.99999999946463}},{"type":"Feature","id":1383,"geometry":{"type":"LineString","coordinates":[[-70.33583878131698,43.449667295458326],[-70.33619791666713,43.45005208333347],[-70.33619791666713,43.45048499133614]]},"properties":{"n":66.52896655270146,"e":0,"m":[-70.33618537897419,43.45003865009104],"length_m":99.99999999995123}},{"type":"Feature","id":1384,"geometry":{"type":"LineString","coordinates":[[-70.33619791666713,43.45048499133614],[-70.33619791666713,43.45138330251113]]},"properties":{"n":90.0,"e":0,"m":[-70.33619791666713,43.450934146923636],"length_m":100.0}},{"type":"Feature","id":1385,"geometry":{"type":"LineString","coordinates":[[-70.33619791666713,43.45138330251113],[-70.33619791666713,43.451614583333466],[-70.3357466077675,43.45219483763299]]},"properties":{"n":119.55217869570255,"e":0,"m":[-70.33605050385431,43.4518041140928],"length_m":100.00000000052121}},{"type":"Feature","id":1386,"geometry":{"type":"LineString","coordinates":[[-70.3357466077675,43.45219483763299],[-70.33546875000046,43.452552083333465],[-70.33541474464,43.45303813157752]]},"properties":{"n":96.37016078612886,"e":0,"m":[-70.33546448791436,43.45259044210827],"length_m":99.99999999924597}},{"type":"Feature","id":1387,"geometry":{"type":"LineString","coordinates":[[-70.33541474464,43.45303813157752],[-70.33531525809128,43.45393351051604]]},"properties":{"n":94.63064970642823,"e":0,"m":[-70.33536500136564,43.453485821046776],"length_m":100.0000000002097}},{"type":"Feature","id":1388,"geometry":{"type":"LineString","coordinates":[[-70.33531525809128,43.45393351051604],[-70.33526041666713,43.45442708333347],[-70.3348781162619,43.45471835983269]]},"properties":{"n":94.63064971174691,"e":0,"m":[-70.33526551481692,43.454381199985306],"length_m":100.00000000035018}},{"type":"Feature","id":1389,"geometry":{"type":"LineString","coordinates":[[-70.3348781162619,43.45471835983269],[-70.33416666666713,43.455260416666796],[-70.33396455164282,43.45527557529362]]},"properties":{"n":133.7344367404814,"e":0,"m":[-70.33445215991995,43.45504289799798],"length_m":99.99999999975452}},{"type":"Feature","id":1390,"geometry":{"type":"LineString","coordinates":[[-70.33396455164282,43.45527557529362],[-70.33273871819517,43.45536751280219]]},"properties":{"n":174.12578745005683,"e":0,"m":[-70.33335163491898,43.455321544047905],"length_m":100.00000000021404}},{"type":"Feature","id":1391,"geometry":{"type":"LineString","coordinates":[[-70.33273871819517,43.45536751280219],[-70.33151288474751,43.45545945031077]]},"properties":{"n":174.12578745005683,"e":0,"m":[-70.33212580147135,43.45541348155648],"length_m":100.00000000021404}},{"type":"Feature","id":1392,"geometry":{"type":"LineString","coordinates":[[-70.33151288474751,43.45545945031077],[-70.33028705129988,43.45555138781934]]},"properties":{"n":174.1257874495107,"e":0,"m":[-70.3308999680237,43.455505419065055],"length_m":99.99999999928762}},{"type":"Feature","id":1393,"geometry":{"type":"LineString","coordinates":[[-70.33028705129988,43.45555138781934],[-70.32906121785221,43.45564332532791]]},"properties":{"n":174.12578745005683,"e":0,"m":[-70.32967413457604,43.45559735657363],"length_m":100.00000000021404}},{"type":"Feature","id":1394,"geometry":{"type":"LineString","coordinates":[[-70.32906121785221,43.45564332532791],[-70.32791666666714,43.4557291666668],[-70.32787056247263,43.455778344474275]]},"properties":{"n":174.1257874553649,"e":0,"m":[-70.3284483011284,43.4556892940822],"length_m":100.00000000012889}},{"type":"Feature","id":1395,"geometry":{"type":"LineString","coordinates":[[-70.32787056247263,43.455778344474275],[-70.32717525624072,43.45652000445498]]},"properties":{"n":124.34901706254024,"e":0,"m":[-70.32752290935667,43.456149174464635],"length_m":100.0000000003463}},{"type":"Feature","id":1396,"geometry":{"type":"LineString","coordinates":[[-70.32717525624072,43.45652000445498],[-70.32713541666713,43.45656250000013],[-70.3270833333338,43.4572916666668],[-70.32720145437014,43.45737041402436]]},"properties":{"n":92.98065292297154,"e":0,"m":[-70.32710704907758,43.456959646253914],"length_m":99.99999999936239}},{"type":"Feature","id":1397,"geometry":{"type":"LineString","coordinates":[[-70.32720145437014,43.45737041402436],[-70.3275520833338,43.4576041666668],[-70.32830771804804,43.45763914975542]]},"properties":{"n":3.6339350584689023,"e":0,"m":[-70.3276928047552,43.457610681547415],"length_m":100.00000000074776}},{"type":"Feature","id":1398,"geometry":{"type":"LineString","coordinates":[[-70.32830771804804,43.45763914975542],[-70.32953754463371,43.45769608617142]]},"properties":{"n":3.6339350641324684,"e":0,"m":[-70.32892263134087,43.457667617963416],"length_m":100.00000000004205}},{"type":"Feature","id":1399,"geometry":{"type":"LineString","coordinates":[[-70.32953754463371,43.45769608617142],[-70.33076737121935,43.457753022587426]]},"properties":{"n":3.6339350584689023,"e":0,"m":[-70.33015245792653,43.457724554379425],"length_m":99.99999999917164}},{"type":"Feature","id":1400,"geometry":{"type":"LineString","coordinates":[[-70.33076737121935,43.457753022587426],[-70.33199719780502,43.457809959003434]]},"properties":{"n":3.6339350588071113,"e":0,"m":[-70.33138228451219,43.457781490795426],"length_m":100.00000000010108}},{"type":"Feature","id":1401,"geometry":{"type":"LineString","coordinates":[[-70.33199719780502,43.457809959003434],[-70.3331770833338,43.45786458333347],[-70.33322441869818,43.45785274949237]]},"properties":{"n":3.6339350588071113,"e":0,"m":[-70.33261211109786,43.457838427211435],"length_m":100.00000000026351}},{"type":"Feature","id":1402,"geometry":{"type":"LineString","coordinates":[[-70.33322441869818,43.45785274949237],[-70.3343900786421,43.45756133450639]]},"properties":{"n":341.07058030924827,"e":0,"m":[-70.33380724867015,43.45770704199938],"length_m":99.99999999982956}},{"type":"Feature","id":1403,"geometry":{"type":"LineString","coordinates":[[-70.3343900786421,43.45756133450639],[-70.33555573858601,43.45726991952041]]},"properties":{"n":341.07058030924827,"e":0,"m":[-70.33497290861405,43.4574156270134],"length_m":99.99999999982956}},{"type":"Feature","id":1404,"geometry":{"type":"LineString","coordinates":[[-70.33555573858601,43.45726991952041],[-70.33672139852993,43.456978504534426]]},"properties":{"n":341.07058030246975,"e":0,"m":[-70.33613856855797,43.457124212027416],"length_m":100.00000000071051}},{"type":"Feature","id":1405,"geometry":{"type":"LineString","coordinates":[[-70.33672139852993,43.456978504534426],[-70.33692708333379,43.45692708333346],[-70.33745986751775,43.45629742929787]]},"properties":{"n":301.66709929785407,"e":0,"m":[-70.33713639810898,43.45667971132642],"length_m":99.99999999986238}},{"type":"Feature","id":1406,"geometry":{"type":"LineString","coordinates":[[-70.33745986751775,43.45629742929787],[-70.33807291666713,43.455572916666796],[-70.3381330189245,43.45555574459327]]},"properties":{"n":301.6670993006554,"e":0,"m":[-70.33778333692653,43.455915147269316],"length_m":99.99999999997014}},{"type":"Feature","id":1407,"geometry":{"type":"LineString","coordinates":[[-70.3381330189245,43.45555574459327],[-70.33928034450746,43.45522793728385]]},"properties":{"n":338.5976422864954,"e":0,"m":[-70.33870668171598,43.45539184093857],"length_m":100.00000000003567}},{"type":"Feature","id":1408,"geometry":{"type":"LineString","coordinates":[[-70.33928034450746,43.45522793728385],[-70.34026041666712,43.4549479166668],[-70.34029973300962,43.454820138553686]]},"properties":{"n":338.5976422864954,"e":0,"m":[-70.33985400729894,43.45506403362914],"length_m":100.00000000030565}},{"type":"Feature","id":1409,"geometry":{"type":"LineString","coordinates":[[-70.34029973300962,43.454820138553686],[-70.34056943538513,43.45394360583326]]},"properties":{"n":282.64209634584944,"e":0,"m":[-70.34043458419738,43.45438187219347],"length_m":99.99999999980723}},{"type":"Feature","id":1410,"geometry":{"type":"LineString","coordinates":[[-70.34056943538513,43.45394360583326],[-70.34083913776065,43.45306707311284]]},"properties":{"n":282.64209634584944,"e":0,"m":[-70.34070428657289,43.453505339473054],"length_m":99.99999999980723}},{"type":"Feature","id":1411,"geometry":{"type":"LineString","coordinates":[[-70.34083913776065,43.45306707311284],[-70.34110884013617,43.452190540392415]]},"properties":{"n":282.64209634584944,"e":0,"m":[-70.3409739889484,43.45262880675263],"length_m":99.99999999980723}},{"type":"Feature","id":1412,"geometry":{"type":"LineString","coordinates":[[-70.34110884013617,43.452190540392415],[-70.34137854251168,43.45131400767199]]},"properties":{"n":282.64209634584944,"e":0,"m":[-70.34124369132392,43.4517522740322],"length_m":99.99999999980723}},{"type":"Feature","id":1413,"geometry":{"type":"LineString","coordinates":[[-70.34137854251168,43.45131400767199],[-70.34151041666712,43.4508854166668],[-70.3421234481133,43.450780325561745]]},"properties":{"n":322.5773220236292,"e":0,"m":[-70.34152365789177,43.45088314674258],"length_m":100.0000000006174}},{"type":"Feature","id":1414,"geometry":{"type":"LineString","coordinates":[[-70.3421234481133,43.450780325561745],[-70.34332302855633,43.45057468320008]]},"properties":{"n":346.7664406328594,"e":0,"m":[-70.34272323833481,43.450677504380906],"length_m":99.99999999945227}},{"type":"Feature","id":1415,"geometry":{"type":"LineString","coordinates":[[-70.34332302855633,43.45057468320008],[-70.34452260899936,43.45036904083841]]},"properties":{"n":346.7664406288866,"e":0,"m":[-70.34392281877784,43.45047186201925],"length_m":100.00000000057204}},{"type":"Feature","id":1416,"geometry":{"type":"LineString","coordinates":[[-70.34452260899936,43.45036904083841],[-70.34515625000046,43.4502604166668],[-70.34551359985404,43.44992612164247]]},"properties":{"n":338.59976940772515,"e":0,"m":[-70.34512239922087,43.450266219657586],"length_m":99.99999999943122}},{"type":"Feature","id":1417,"geometry":{"type":"LineString","coordinates":[[-70.34551359985404,43.44992612164247],[-70.34627104820262,43.449217540929276]]},"properties":{"n":307.9272304511743,"e":0,"m":[-70.34589232402834,43.449571831285866],"length_m":100.00000000004428}},{"type":"Feature","id":1418,"geometry":{"type":"LineString","coordinates":[[-70.34627104820262,43.449217540929276],[-70.34677083333378,43.44875000000014],[-70.34695970061465,43.44902280829472]]},"properties":{"n":307.92723044696527,"e":0,"m":[-70.34664977237692,43.44886325057268],"length_m":100.00000000038438}},{"type":"Feature","id":1419,"geometry":{"type":"LineString","coordinates":[[-70.34695970061465,43.44902280829472],[-70.34723958333379,43.44942708333347],[-70.3478392730752,43.449512753296524]]},"properties":{"n":39.45292222015181,"e":0,"m":[-70.34723730564383,43.44942379333687],"length_m":100.0000000000559}},{"type":"Feature","id":1420,"geometry":{"type":"LineString","coordinates":[[-70.3478392730752,43.449512753296524],[-70.34904857461879,43.4496855106599]]},"properties":{"n":11.087828113257583,"e":0,"m":[-70.34844392384699,43.449599131978204],"length_m":99.99999999967703}},{"type":"Feature","id":1421,"geometry":{"type":"LineString","coordinates":[[-70.34904857461879,43.4496855106599],[-70.34942708333378,43.44973958333347],[-70.34992578553475,43.45023828553445]]},"properties":{"n":53.90912479580779,"e":0,"m":[-70.34956283022227,43.449875330221964],"length_m":99.99999999999132}},{"type":"Feature","id":1422,"geometry":{"type":"LineString","coordinates":[[-70.34992578553475,43.45023828553445],[-70.35026041666711,43.450572916666815],[-70.35038104269118,43.45104907202499]]},"properties":{"n":76.78801210533841,"e":0,"m":[-70.3502691486178,43.450607384893196],"length_m":100.00000000029718}},{"type":"Feature","id":1423,"geometry":{"type":"LineString","coordinates":[[-70.35038104269118,43.45104907202499],[-70.35060483083797,43.45193244628857]]},"properties":{"n":79.53695113489317,"e":0,"m":[-70.35049293676457,43.451490759156776],"length_m":99.99999999996301}},{"type":"Feature","id":1424,"geometry":{"type":"LineString","coordinates":[[-70.35060483083797,43.45193244628857],[-70.35082861898474,43.45281582055216]]},"properties":{"n":79.53695113489317,"e":0,"m":[-70.35071672491135,43.45237413342037],"length_m":99.99999999996301}},{"type":"Feature","id":1425,"geometry":{"type":"LineString","coordinates":[[-70.35082861898474,43.45281582055216],[-70.35105240713152,43.45369919481575]]},"properties":{"n":79.5369511296458,"e":0,"m":[-70.35094051305813,43.45325750768395],"length_m":100.00000000013215}},{"type":"Feature","id":1426,"geometry":{"type":"LineString","coordinates":[[-70.35105240713152,43.45369919481575],[-70.35125000000045,43.4544791666668],[-70.35122918983863,43.45458321747585]]},"properties":{"n":79.53695113489317,"e":0,"m":[-70.3511643012049,43.45414088194754],"length_m":100.00000000007073}},{"type":"Feature","id":1427,"geometry":{"type":"LineString","coordinates":[[-70.35122918983863,43.45458321747585],[-70.35109375000044,43.4552604166668],[-70.35092085837424,43.45543330829302]]},"properties":{"n":98.29492285598099,"e":0,"m":[-70.35114029848245,43.45502767425676],"length_m":99.99999999951791}},{"type":"Feature","id":1428,"geometry":{"type":"LineString","coordinates":[[-70.35092085837424,43.45543330829302],[-70.35019494774926,43.45615921891799]]},"properties":{"n":126.09087520419222,"e":0,"m":[-70.35055790306174,43.45579626360551],"length_m":100.0000000002637}},{"type":"Feature","id":1429,"geometry":{"type":"LineString","coordinates":[[-70.35019494774926,43.45615921891799],[-70.34958333333378,43.456770833333465],[-70.34977667463168,43.45678273125949]]},"properties":{"n":126.09087520419222,"e":0,"m":[-70.34983199243678,43.45652217423047],"length_m":99.99999999993435}},{"type":"Feature","id":1430,"geometry":{"type":"LineString","coordinates":[[-70.34977667463168,43.45678273125949],[-70.3510046112624,43.45685829659061]]},"properties":{"n":4.825384623004572,"e":0,"m":[-70.35039064294703,43.45682051392505],"length_m":100.00000000013942}},{"type":"Feature","id":1431,"geometry":{"type":"LineString","coordinates":[[-70.3510046112624,43.45685829659061],[-70.35223254789311,43.45693386192173]]},"properties":{"n":4.825384628321744,"e":0,"m":[-70.35161857957776,43.456896079256175],"length_m":100.00000000006108}},{"type":"Feature","id":1432,"geometry":{"type":"LineString","coordinates":[[-70.35223254789311,43.45693386192173],[-70.35296875000044,43.4569791666668],[-70.35333291005473,43.45673639329727]]},"properties":{"n":4.825384627872876,"e":0,"m":[-70.35284651620846,43.45697164458729],"length_m":99.99999999946584}},{"type":"Feature","id":1433,"geometry":{"type":"LineString","coordinates":[[-70.35333291005473,43.45673639329727],[-70.35375000000045,43.456458333333465],[-70.35390751342894,43.455985793047994]]},"properties":{"n":286.46444247804027,"e":0,"m":[-70.35376202831223,43.45642224839812],"length_m":100.00000000007452}},{"type":"Feature","id":1434,"geometry":{"type":"LineString","coordinates":[[-70.35390751342894,43.455985793047994],[-70.35406250000045,43.455520833333466],[-70.35462659356848,43.455436219298264]]},"properties":{"n":293.5361431027703,"e":0,"m":[-70.35405299854567,43.45554933769787],"length_m":99.99999999985128}},{"type":"Feature","id":1435,"geometry":{"type":"LineString","coordinates":[[-70.35462659356848,43.455436219298264],[-70.3551041666671,43.45536458333347],[-70.35559449637128,43.45495597524666]]},"properties":{"n":311.17821244410914,"e":0,"m":[-70.35518881976466,43.45529403908551],"length_m":100.00000000051469}},{"type":"Feature","id":1436,"geometry":{"type":"LineString","coordinates":[[-70.35559449637128,43.45495597524666],[-70.35604166666711,43.45458333333347],[-70.35658088332637,43.454673202776675]]},"properties":{"n":311.17821244410914,"e":0,"m":[-70.35600017297789,43.454617911407816],"length_m":99.99999999971095}},{"type":"Feature","id":1437,"geometry":{"type":"LineString","coordinates":[[-70.35658088332637,43.454673202776675],[-70.35697916666712,43.45473958333346],[-70.35731632430488,43.45528746449483]]},"properties":{"n":65.83918277345839,"e":0,"m":[-70.35706413374233,43.45487765483068],"length_m":99.99999999991648}},{"type":"Feature","id":1438,"geometry":{"type":"LineString","coordinates":[[-70.35731632430488,43.45528746449483],[-70.35739583333378,43.4554166666668],[-70.35797534633355,43.45478886091704]]},"properties":{"n":303.93637804802177,"e":0,"m":[-70.35763136584924,43.45516150644171],"length_m":100.00000000024404}},{"type":"Feature","id":1439,"geometry":{"type":"LineString","coordinates":[[-70.35797534633355,43.45478886091704],[-70.35802083333377,43.45473958333346],[-70.35895833333377,43.45458333333347],[-70.35910436458614,43.45467095208489]]},"properties":{"n":347.1216172945541,"e":0,"m":[-70.35854205774464,43.45465271259832],"length_m":100.00000000000992}},{"type":"Feature","id":1440,"geometry":{"type":"LineString","coordinates":[[-70.35910436458614,43.45467095208489],[-70.35947916666711,43.45489583333347],[-70.35965551729389,43.45542488521375]]},"properties":{"n":76.3424176366171,"e":0,"m":[-70.35951003217717,43.45498842986362],"length_m":100.0000000003678}},{"type":"Feature","id":1441,"geometry":{"type":"LineString","coordinates":[[-70.35965551729389,43.45542488521375],[-70.35989583333378,43.456145833333466],[-70.36010985887926,43.456156534610734]]},"properties":{"n":76.34241764306225,"e":0,"m":[-70.35980100241059,43.455861340563885],"length_m":99.99999999987162}},{"type":"Feature","id":1442,"geometry":{"type":"LineString","coordinates":[[-70.36010985887926,43.456156534610734],[-70.36093750000043,43.4561979166668],[-70.3610545407373,43.455917018898305]]},"properties":{"n":3.9237752444830716,"e":0,"m":[-70.36072456675045,43.4561872700043],"length_m":99.99999999973113}},{"type":"Feature","id":1443,"geometry":{"type":"LineString","coordinates":[[-70.3610545407373,43.455917018898305],[-70.36119791666711,43.455572916666796],[-70.36072224623187,43.455160668956275]]},"properties":{"n":229.9322165648388,"e":0,"m":[-70.36111885931945,43.45550440029883],"length_m":99.99999999998718}},{"type":"Feature","id":1444,"geometry":{"type":"LineString","coordinates":[[-70.36072224623187,43.455160668956275],[-70.3604166666671,43.45489583333347],[-70.36115869613252,43.454784528913656]]},"properties":{"n":348.37253225828385,"e":0,"m":[-70.36055518820056,43.45487505510345],"length_m":99.99999999993919}},{"type":"Feature","id":1445,"geometry":{"type":"LineString","coordinates":[[-70.36115869613252,43.454784528913656],[-70.36236571199642,43.45460347653407]]},"properties":{"n":348.3725322519818,"e":0,"m":[-70.36176220406446,43.45469400272387],"length_m":99.99999999959549}},{"type":"Feature","id":1446,"geometry":{"type":"LineString","coordinates":[[-70.36236571199642,43.45460347653407],[-70.36250000000044,43.45458333333347],[-70.3635416666671,43.45473958333346],[-70.36355831490863,43.45475925852799]]},"properties":{"n":11.627467746942731,"e":0,"m":[-70.36296921992837,43.45465371632265],"length_m":100.00000000093618}},{"type":"Feature","id":1447,"geometry":{"type":"LineString","coordinates":[[-70.36355831490863,43.45475925852799],[-70.36420525372618,43.4555238225851]]},"properties":{"n":58.332900702145906,"e":0,"m":[-70.36388178431741,43.455141540556546],"length_m":99.99999999905498}},{"type":"Feature","id":1448,"geometry":{"type":"LineString","coordinates":[[-70.36420525372618,43.4555238225851],[-70.36468750000043,43.45609375000013],[-70.3649891337202,43.45615659035842]]},"properties":{"n":58.33290069934455,"e":0,"m":[-70.36452872313495,43.45590610461367],"length_m":100.00000000068738}},{"type":"Feature","id":1449,"geometry":{"type":"LineString","coordinates":[[-70.3649891337202,43.45615659035842],[-70.36593750000043,43.4563541666668],[-70.36599361337157,43.45652874159925]]},"properties":{"n":15.949507474357146,"e":0,"m":[-70.36558156661995,43.456280013879194],"length_m":100.00000000020772}},{"type":"Feature","id":1450,"geometry":{"type":"LineString","coordinates":[[-70.36599361337157,43.45652874159925],[-70.36627474212216,43.45740336437884]]},"properties":{"n":76.8128466141775,"e":0,"m":[-70.36613417774687,43.45696605298905],"length_m":99.99999999906817}},{"type":"Feature","id":1451,"geometry":{"type":"LineString","coordinates":[[-70.36627474212216,43.45740336437884],[-70.36640625000044,43.45781250000013],[-70.36682050702278,43.45818315102012]]},"properties":{"n":55.3659569488651,"e":0,"m":[-70.36643132482743,43.457834935371665],"length_m":100.0000000010753}},{"type":"Feature","id":1452,"geometry":{"type":"LineString","coordinates":[[-70.36682050702278,43.45818315102012],[-70.36739583333377,43.4586979166668],[-70.36770919670388,43.45875014389515]]},"properties":{"n":50.82927498962493,"e":0,"m":[-70.36720968921811,43.45853136666859],"length_m":99.99999999904078}},{"type":"Feature","id":1453,"geometry":{"type":"LineString","coordinates":[[-70.36770919670388,43.45875014389515],[-70.36864583333377,43.45890625000012],[-70.36876450461855,43.4590842569273]]},"properties":{"n":12.878382710647761,"e":0,"m":[-70.36830984976618,43.45885025273886],"length_m":100.00000000030317}},{"type":"Feature","id":1454,"geometry":{"type":"LineString","coordinates":[[-70.36876450461855,43.4590842569273],[-70.36906250000044,43.45953125000013],[-70.36959483130515,43.459428878595375]]},"properties":{"n":64.0812174846911,"e":0,"m":[-70.36903382266254,43.45948823399328],"length_m":100.00000000048573}},{"type":"Feature","id":1455,"geometry":{"type":"LineString","coordinates":[[-70.36959483130515,43.459428878595375],[-70.3704166666671,43.45927083333346],[-70.37017054904028,43.45905753139022]]},"properties":{"n":345.2216115646827,"e":0,"m":[-70.37019060094059,43.45931430751163],"length_m":99.99999999910636}},{"type":"Feature","id":1456,"geometry":{"type":"LineString","coordinates":[[-70.37017054904028,43.45905753139022],[-70.3696354166671,43.45859375000013],[-70.36969326223195,43.458304522175865]]},"properties":{"n":229.9322165607552,"e":0,"m":[-70.36977393595271,43.458713800047654],"length_m":100.00000000081121}},{"type":"Feature","id":1457,"geometry":{"type":"LineString","coordinates":[[-70.36969326223195,43.458304522175865],[-70.36973958333377,43.4580729166668],[-70.37065081202391,43.4580729166668]]},"properties":{"n":0.0,"e":0,"m":[-70.37003465987333,43.4580729166668],"length_m":99.9999999994298}},{"type":"Feature","id":1458,"geometry":{"type":"LineString","coordinates":[[-70.37065081202391,43.4580729166668],[-70.3718831163251,43.4580729166668]]},"properties":{"n":0.0,"e":0,"m":[-70.37126696417451,43.4580729166668],"length_m":100.0}},{"type":"Feature","id":1459,"geometry":{"type":"LineString","coordinates":[[-70.3718831163251,43.4580729166668],[-70.37192708333376,43.4580729166668],[-70.3725509402189,43.458810202076506]]},"properties":{"n":58.33290069934455,"e":0,"m":[-70.37222747081012,43.45842792004795],"length_m":100.00000000018535}},{"type":"Feature","id":1460,"geometry":{"type":"LineString","coordinates":[[-70.3725509402189,43.458810202076506],[-70.3730729166671,43.45942708333346],[-70.37329453348678,43.4594904024248]]},"properties":{"n":58.332900702145906,"e":0,"m":[-70.37287440962768,43.45919248410507],"length_m":99.99999999956535}},{"type":"Feature","id":1461,"geometry":{"type":"LineString","coordinates":[[-70.37329453348678,43.4594904024248],[-70.37444185906975,43.459818209734216]]},"properties":{"n":21.402357713504635,"e":0,"m":[-70.37386819627827,43.4596543060795],"length_m":100.00000000003567}},{"type":"Feature","id":1462,"geometry":{"type":"LineString","coordinates":[[-70.37444185906975,43.459818209734216],[-70.37526041666709,43.46005208333346],[-70.3752775572719,43.46030919240568]]},"properties":{"n":21.402357713504635,"e":0,"m":[-70.37501552186123,43.45998211338893],"length_m":100.00000000064324}},{"type":"Feature","id":1463,"geometry":{"type":"LineString","coordinates":[[-70.3752775572719,43.46030919240568],[-70.37533737408884,43.46120644465976]]},"properties":{"n":87.21773391275038,"e":0,"m":[-70.37530746568038,43.46075781853272],"length_m":99.99999999937496}},{"type":"Feature","id":1464,"geometry":{"type":"LineString","coordinates":[[-70.37533737408884,43.46120644465976],[-70.37536458333376,43.46161458333346],[-70.37492938239423,43.461987612710196]]},"properties":{"n":128.44395782802243,"e":0,"m":[-70.37532855861795,43.4616454616613],"length_m":100.00000000064122}},{"type":"Feature","id":1465,"geometry":{"type":"LineString","coordinates":[[-70.37492938239423,43.461987612710196],[-70.37463541666709,43.46223958333346],[-70.37468750000042,43.46276041666679],[-70.37474811118598,43.462770518531045]]},"properties":{"n":85.83069215831337,"e":0,"m":[-70.37464722368867,43.46235765354916],"length_m":99.99999999997273}},{"type":"Feature","id":1466,"geometry":{"type":"LineString","coordinates":[[-70.37474811118598,43.462770518531045],[-70.37593750000042,43.46296875000013],[-70.37594416861347,43.46297621884676]]},"properties":{"n":12.878382710647761,"e":0,"m":[-70.37534876424826,43.46287062737476],"length_m":99.99999999967548}},{"type":"Feature","id":1467,"geometry":{"type":"LineString","coordinates":[[-70.37594416861347,43.46297621884676],[-70.37661638790131,43.46372910444912]]},"properties":{"n":56.94131174740172,"e":0,"m":[-70.3762802782574,43.463352661647946],"length_m":99.99999999981299}},{"type":"Feature","id":1468,"geometry":{"type":"LineString","coordinates":[[-70.37661638790131,43.46372910444912],[-70.37723958333376,43.464427083333455],[-70.37732777572137,43.46443968224597]]},"properties":{"n":56.941311750312536,"e":0,"m":[-70.37695249754523,43.46410554725031],"length_m":99.99999999991998}},{"type":"Feature","id":1469,"geometry":{"type":"LineString","coordinates":[[-70.37732777572137,43.46443968224597],[-70.37853707726498,43.46461243960934]]},"properties":{"n":11.087828114283784,"e":0,"m":[-70.37793242649317,43.46452606092766],"length_m":100.00000000059096}},{"type":"Feature","id":1470,"geometry":{"type":"LineString","coordinates":[[-70.37853707726498,43.46461243960934],[-70.37942708333375,43.464739583333454],[-70.3796334066452,43.46492298183251]]},"properties":{"n":11.087828118494064,"e":0,"m":[-70.37914172803677,43.464698818291026],"length_m":99.99999999981094}},{"type":"Feature","id":1471,"geometry":{"type":"LineString","coordinates":[[-70.3796334066452,43.46492298183251],[-70.38036458333376,43.46557291666679],[-70.38036458333376,43.465630686660674]]},"properties":{"n":50.645174221359156,"e":0,"m":[-70.38002412170175,43.465270284105],"length_m":99.99999999985553}},{"type":"Feature","id":1472,"geometry":{"type":"LineString","coordinates":[[-70.38036458333376,43.465630686660674],[-70.38036458333376,43.46609375000012],[-70.37991676824069,43.46638163113138]]},"properties":{"n":106.33854103995372,"e":0,"m":[-70.38036458333376,43.46607984224817],"length_m":100.00000000017289}},{"type":"Feature","id":1473,"geometry":{"type":"LineString","coordinates":[[-70.37991676824069,43.46638163113138],[-70.37963541666709,43.46656250000012],[-70.37963541666709,43.46718735531055]]},"properties":{"n":90.0,"e":0,"m":[-70.37963541666709,43.46673819972305],"length_m":100.00000000038283}},{"type":"Feature","id":1474,"geometry":{"type":"LineString","coordinates":[[-70.37963541666709,43.46718735531055],[-70.37963541666709,43.46760416666679],[-70.38020887201495,43.46784310639507]]},"properties":{"n":37.19862679071294,"e":0,"m":[-70.37967393791187,43.467620217185456],"length_m":99.99999999920198}},{"type":"Feature","id":1475,"geometry":{"type":"LineString","coordinates":[[-70.38020887201495,43.46784310639507],[-70.38026041666708,43.46786458333346],[-70.3808868924686,43.46714172663939]]},"properties":{"n":302.2835838604942,"e":0,"m":[-70.3805577993531,43.467521449464975],"length_m":100.0000000002249}},{"type":"Feature","id":1476,"geometry":{"type":"LineString","coordinates":[[-70.3808868924686,43.46714172663939],[-70.38093750000041,43.46708333333345],[-70.38110573023145,43.467903455709795]]},"properties":{"n":81.49545910280901,"e":0,"m":[-70.38101460884927,43.46745923897164],"length_m":100.0000000000248}},{"type":"Feature","id":1477,"geometry":{"type":"LineString","coordinates":[[-70.38110573023145,43.467903455709795],[-70.38128797299584,43.4687918891861]]},"properties":{"n":81.49545909674244,"e":0,"m":[-70.38119685161364,43.46834767244795],"length_m":100.0000000003798}},{"type":"Feature","id":1478,"geometry":{"type":"LineString","coordinates":[[-70.38128797299584,43.4687918891861],[-70.38135416666708,43.46911458333344],[-70.38200128376195,43.46943814188088]]},"properties":{"n":34.44624858210073,"e":0,"m":[-70.38149316945848,43.469184084729136],"length_m":99.99999999985836}},{"type":"Feature","id":1479,"geometry":{"type":"LineString","coordinates":[[-70.38200128376195,43.46943814188088],[-70.38229166666709,43.46958333333345],[-70.38258030559213,43.47018947507604]]},"properties":{"n":70.8566845811098,"e":0,"m":[-70.38237824947196,43.46976515722367],"length_m":99.99999999974207}},{"type":"Feature","id":1480,"geometry":{"type":"LineString","coordinates":[[-70.38258030559213,43.47018947507604],[-70.38281250000043,43.47067708333345],[-70.38281795913922,43.47105922304826]]},"properties":{"n":70.8566845811098,"e":0,"m":[-70.38278236171232,43.470613792928404],"length_m":100.00000000013853}},{"type":"Feature","id":1481,"geometry":{"type":"LineString","coordinates":[[-70.38281795913922,43.47105922304826],[-70.3828307914602,43.47195748551718]]},"properties":{"n":89.40335262518046,"e":0,"m":[-70.3828243752997,43.47150835428272],"length_m":99.99999999981044}},{"type":"Feature","id":1482,"geometry":{"type":"LineString","coordinates":[[-70.3828307914602,43.47195748551718],[-70.38284362378118,43.472855747986095]]},"properties":{"n":89.40335263051627,"e":0,"m":[-70.38283720762068,43.472406616751634],"length_m":99.99999999982015}},{"type":"Feature","id":1483,"geometry":{"type":"LineString","coordinates":[[-70.38284362378118,43.472855747986095],[-70.38285645610216,43.473754010455025]]},"properties":{"n":89.40335263057182,"e":0,"m":[-70.38285003994167,43.473304879220564],"length_m":100.00000000075141}},{"type":"Feature","id":1484,"geometry":{"type":"LineString","coordinates":[[-70.38285645610216,43.473754010455025],[-70.38286458333376,43.474322916666786],[-70.38271428454117,43.47463353417146]]},"properties":{"n":89.40335263051627,"e":0,"m":[-70.38286287226266,43.47420314168948],"length_m":99.99999999931225}},{"type":"Feature","id":1485,"geometry":{"type":"LineString","coordinates":[[-70.38271428454117,43.47463353417146],[-70.38230437046919,43.47548068992022]]},"properties":{"n":109.42910950521434,"e":0,"m":[-70.38250932750518,43.47505711204584],"length_m":100.0000000000586}},{"type":"Feature","id":1486,"geometry":{"type":"LineString","coordinates":[[-70.38230437046919,43.47548068992022],[-70.38208333333375,43.475937500000114],[-70.38260841751757,43.47609502525526]]},"properties":{"n":102.59628418865893,"e":0,"m":[-70.3820994134332,43.47590426779459],"length_m":99.99999999990725}},{"type":"Feature","id":1487,"geometry":{"type":"LineString","coordinates":[[-70.38260841751757,43.47609502525526],[-70.38364583333376,43.47640625000011],[-70.3836683586746,43.47648508869306]]},"properties":{"n":22.369142810004004,"e":0,"m":[-70.38317820491424,43.476265961474255],"length_m":100.00000000055158}},{"type":"Feature","id":1488,"geometry":{"type":"LineString","coordinates":[[-70.3836683586746,43.47648508869306],[-70.38375000000042,43.47677083333345],[-70.38325995004789,43.47726088328598]]},"properties":{"n":126.09087520733554,"e":0,"m":[-70.38362290536038,43.476897927973496],"length_m":99.9999999994231}},{"type":"Feature","id":1489,"geometry":{"type":"LineString","coordinates":[[-70.38325995004789,43.47726088328598],[-70.38253403942291,43.477986793910944]]},"properties":{"n":126.09087520419222,"e":0,"m":[-70.3828969947354,43.47762383859847],"length_m":100.0000000002637}},{"type":"Feature","id":1490,"geometry":{"type":"LineString","coordinates":[[-70.38253403942291,43.477986793910944],[-70.38208333333375,43.47843750000011],[-70.3824987730889,43.4785932899083]]},"properties":{"n":126.09087520419222,"e":0,"m":[-70.38217108411044,43.47834974922344],"length_m":99.99999999982597}},{"type":"Feature","id":1491,"geometry":{"type":"LineString","coordinates":[[-70.3824987730889,43.4785932899083],[-70.38359458399704,43.479004218998845]]},"properties":{"n":27.222441930028246,"e":0,"m":[-70.38304667854297,43.47879875445357],"length_m":100.00000000072798}},{"type":"Feature","id":1492,"geometry":{"type":"LineString","coordinates":[[-70.38359458399704,43.479004218998845],[-70.38375000000042,43.47906250000012],[-70.38309458381272,43.47966749955799]]},"properties":{"n":128.29871555327557,"e":0,"m":[-70.38347645115601,43.47931500662572],"length_m":99.99999999943766}},{"type":"Feature","id":1493,"geometry":{"type":"LineString","coordinates":[[-70.38309458381272,43.47966749955799],[-70.38307291666709,43.47968750000011],[-70.38292850755674,43.4805539546621]]},"properties":{"n":96.92718673713142,"e":0,"m":[-70.38300282036558,43.48010807780912],"length_m":100.00000000047244}},{"type":"Feature","id":1494,"geometry":{"type":"LineString","coordinates":[[-70.38292850755674,43.4805539546621],[-70.38291666666709,43.48062500000011],[-70.38346887859583,43.48134712329157]]},"properties":{"n":60.86266759240954,"e":0,"m":[-70.38316887127705,43.48095480602854],"length_m":99.99999999990335}},{"type":"Feature","id":1495,"geometry":{"type":"LineString","coordinates":[[-70.38346887859583,43.48134712329157],[-70.38359375000041,43.48151041666678],[-70.38365460504652,43.48222039220457]]},"properties":{"n":86.42463442893026,"e":0,"m":[-70.38361618092944,43.481772110838655],"length_m":99.9999999995404}},{"type":"Feature","id":1496,"geometry":{"type":"LineString","coordinates":[[-70.38365460504652,43.48222039220457],[-70.38373145328067,43.483116954936406]]},"properties":{"n":86.4246344285975,"e":0,"m":[-70.3836930291636,43.48266867357049],"length_m":100.00000000067698}},{"type":"Feature","id":1497,"geometry":{"type":"LineString","coordinates":[[-70.38373145328067,43.483116954936406],[-70.38380830151483,43.48401351766824]]},"properties":{"n":86.42463442893026,"e":0,"m":[-70.38376987739775,43.483565236302326],"length_m":99.99999999974747}},{"type":"Feature","id":1498,"geometry":{"type":"LineString","coordinates":[[-70.38380830151483,43.48401351766824],[-70.38388514974899,43.48491008040007]]},"properties":{"n":86.42463442893026,"e":0,"m":[-70.38384672563191,43.48446179903415],"length_m":99.99999999974747}},{"type":"Feature","id":1499,"geometry":{"type":"LineString","coordinates":[[-70.38388514974899,43.48491008040007],[-70.38390625000042,43.48515625000011],[-70.38448972753895,43.485649961763464]]},"properties":{"n":49.25482578672633,"e":0,"m":[-70.38408756752962,43.48530967252481],"length_m":100.0000000000376}},{"type":"Feature","id":1500,"geometry":{"type":"LineString","coordinates":[[-70.38448972753895,43.485649961763464],[-70.38458333333375,43.48572916666677],[-70.38394190331282,43.486370596687706]]},"properties":{"n":126.09087520419222,"e":0,"m":[-70.38430485862531,43.48600764137522],"length_m":100.0000000002758}},{"type":"Feature","id":1501,"geometry":{"type":"LineString","coordinates":[[-70.38394190331282,43.486370596687706],[-70.38375000000042,43.486562500000105],[-70.38419139346277,43.487139706835485]]},"properties":{"n":60.86266759966854,"e":0,"m":[-70.38389138614399,43.48674738957245],"length_m":99.99999999958072}},{"type":"Feature","id":1502,"geometry":{"type":"LineString","coordinates":[[-70.38419139346277,43.487139706835485],[-70.38442708333375,43.487447916666774],[-70.38445304143114,43.487993036712034]]},"properties":{"n":88.01190181342102,"e":0,"m":[-70.38443166594445,43.487544151491505],"length_m":100.00000000004778}},{"type":"Feature","id":1503,"geometry":{"type":"LineString","coordinates":[[-70.38445304143114,43.487993036712034],[-70.38449579240454,43.48889080715308]]},"properties":{"n":88.01190181856877,"e":0,"m":[-70.38447441691784,43.488441921932555],"length_m":99.99999999971142}},{"type":"Feature","id":1504,"geometry":{"type":"LineString","coordinates":[[-70.38449579240454,43.48889080715308],[-70.38453854337791,43.48978857759415]]},"properties":{"n":88.01190181342102,"e":0,"m":[-70.38451716789122,43.48933969237361],"length_m":100.00000000060987}},{"type":"Feature","id":1505,"geometry":{"type":"LineString","coordinates":[[-70.38453854337791,43.48978857759415],[-70.38458129435129,43.490686348035204]]},"properties":{"n":88.0119018132359,"e":0,"m":[-70.38455991886461,43.490237462814676],"length_m":99.99999999967912}},{"type":"Feature","id":1506,"geometry":{"type":"LineString","coordinates":[[-70.38458129435129,43.490686348035204],[-70.38458333333375,43.49072916666677],[-70.384425430774,43.49157685409276]]},"properties":{"n":97.73279948498829,"e":0,"m":[-70.38450833617821,43.49113178297539],"length_m":100.00000000019197}},{"type":"Feature","id":1507,"geometry":{"type":"LineString","coordinates":[[-70.384425430774,43.49157685409276],[-70.38425961996558,43.49246699632752]]},"properties":{"n":97.73279948955788,"e":0,"m":[-70.38434252536979,43.492021925210146],"length_m":99.99999999960339}},{"type":"Feature","id":1508,"geometry":{"type":"LineString","coordinates":[[-70.38425961996558,43.49246699632752],[-70.38409380915714,43.49335713856229]]},"properties":{"n":97.73279948498829,"e":0,"m":[-70.38417671456136,43.492912067444905],"length_m":100.00000000065155}},{"type":"Feature","id":1509,"geometry":{"type":"LineString","coordinates":[[-70.38409380915714,43.49335713856229],[-70.3839279983487,43.49424728079704]]},"properties":{"n":97.73279948955788,"e":0,"m":[-70.38401090375292,43.493802209679664],"length_m":99.99999999960339}},{"type":"Feature","id":1510,"geometry":{"type":"LineString","coordinates":[[-70.3839279983487,43.49424728079704],[-70.38376218754026,43.4951374230318]]},"properties":{"n":97.73279948427032,"e":0,"m":[-70.38384509294447,43.494692351914416],"length_m":99.9999999997287}},{"type":"Feature","id":1511,"geometry":{"type":"LineString","coordinates":[[-70.38376218754026,43.4951374230318],[-70.38359637673183,43.49602756526656]]},"properties":{"n":97.73279949027587,"e":0,"m":[-70.38367928213604,43.495582494149176],"length_m":100.00000000052624}},{"type":"Feature","id":1512,"geometry":{"type":"LineString","coordinates":[[-70.38359637673183,43.49602756526656],[-70.38359375000041,43.49604166666676],[-70.3830119636792,43.496817381761716]]},"properties":{"n":118.66659517030857,"e":0,"m":[-70.38330753927093,43.496423280972735],"length_m":99.99999999939352}},{"type":"Feature","id":1513,"geometry":{"type":"LineString","coordinates":[[-70.3830119636792,43.496817381761716],[-70.38296875000042,43.496875000000095],[-70.38290639483672,43.49770640218267]]},"properties":{"n":93.12939638810522,"e":0,"m":[-70.382940031272,43.49725791637913],"length_m":100.00000000033138}},{"type":"Feature","id":1514,"geometry":{"type":"LineString","coordinates":[[-70.38290639483672,43.49770640218267],[-70.3828391219662,43.49860337378977]]},"properties":{"n":93.12939638810522,"e":0,"m":[-70.38287275840146,43.498154887986225],"length_m":99.99999999988222}},{"type":"Feature","id":1515,"geometry":{"type":"LineString","coordinates":[[-70.3828391219662,43.49860337378977],[-70.38281250000043,43.49895833333343],[-70.38223756082891,43.49930329683633]]},"properties":{"n":140.5428634654063,"e":0,"m":[-70.38271329204177,43.499017858108616],"length_m":100.00000000040606}},{"type":"Feature","id":1516,"geometry":{"type":"LineString","coordinates":[[-70.38223756082891,43.49930329683633],[-70.38128609840321,43.499874174291755]]},"properties":{"n":140.5428634661352,"e":0,"m":[-70.38176182961605,43.499588735564046],"length_m":99.99999999988464}},{"type":"Feature","id":1517,"geometry":{"type":"LineString","coordinates":[[-70.38128609840321,43.499874174291755],[-70.38125000000042,43.499895833333426],[-70.38184724362488,43.50064238786399]]},"properties":{"n":59.75033612076549,"e":0,"m":[-70.38153684532789,43.500254389992776],"length_m":99.9999999998025}},{"type":"Feature","id":1518,"geometry":{"type":"LineString","coordinates":[[-70.38184724362488,43.50064238786399],[-70.38208333333375,43.50093750000009],[-70.38141384311407,43.50120529608797]]},"properties":{"n":151.24552248795587,"e":0,"m":[-70.38195401702852,43.50098922652218],"length_m":100.00000000024224}},{"type":"Feature","id":1519,"geometry":{"type":"LineString","coordinates":[[-70.38141384311407,43.50120529608797],[-70.38052083333375,43.50156250000009],[-70.38046448627048,43.50171275883549]]},"properties":{"n":151.24552249263397,"e":0,"m":[-70.38087366919962,43.50142136565375],"length_m":99.99999999973338}},{"type":"Feature","id":1520,"geometry":{"type":"LineString","coordinates":[[-70.38046448627048,43.50171275883549],[-70.38013954198962,43.50257927691778]]},"properties":{"n":105.28902856283585,"e":0,"m":[-70.38030201413005,43.50214601787663],"length_m":100.0000000006304}},{"type":"Feature","id":1521,"geometry":{"type":"LineString","coordinates":[[-70.38013954198962,43.50257927691778],[-70.37981459770876,43.50344579500006]]},"properties":{"n":105.28902856657602,"e":0,"m":[-70.37997706984919,43.50301253595892],"length_m":99.99999999948645}},{"type":"Feature","id":1522,"geometry":{"type":"LineString","coordinates":[[-70.37981459770876,43.50344579500006],[-70.37948965342791,43.50431231308235]]},"properties":{"n":105.28902856798308,"e":0,"m":[-70.37965212556833,43.503879054041214],"length_m":100.0000000003848}},{"type":"Feature","id":1523,"geometry":{"type":"LineString","coordinates":[[-70.37948965342791,43.50431231308235],[-70.37942708333375,43.504479166666755],[-70.37880208333375,43.50473958333342],[-70.37890260849883,43.504926272925715]]},"properties":{"n":150.24841398591258,"e":0,"m":[-70.37909815917862,43.504616218398056],"length_m":99.99999999951275}},{"type":"Feature","id":1524,"geometry":{"type":"LineString","coordinates":[[-70.37890260849883,43.504926272925715],[-70.37935287000059,43.505762472857526]]},"properties":{"n":68.568921884461,"e":0,"m":[-70.37912773924971,43.50534437289162],"length_m":99.99999999985651}},{"type":"Feature","id":1525,"geometry":{"type":"LineString","coordinates":[[-70.37935287000059,43.505762472857526],[-70.37953125000043,43.50609375000008],[-70.37890625000043,43.50630208333342],[-70.3788897248988,43.50634174357734]]},"properties":{"n":155.42694325884278,"e":0,"m":[-70.37941488781756,43.50613253739438],"length_m":100.00000000005538}},{"type":"Feature","id":1526,"geometry":{"type":"LineString","coordinates":[[-70.3788897248988,43.50634174357734],[-70.37864583333376,43.506927083333416],[-70.3782739811432,43.507020046381065]]},"properties":{"n":106.89547302347974,"e":0,"m":[-70.37871065469773,43.50677151205993],"length_m":100.0000000007413}},{"type":"Feature","id":1527,"geometry":{"type":"LineString","coordinates":[[-70.3782739811432,43.507020046381065],[-70.37739583333376,43.50723958333342],[-70.3773472291385,43.507458302212136]]},"properties":{"n":161.0705803092483,"e":0,"m":[-70.37769115117123,43.507165753874055],"length_m":99.99999999991242}},{"type":"Feature","id":1528,"geometry":{"type":"LineString","coordinates":[[-70.3773472291385,43.507458302212136],[-70.37715017323463,43.50834505377951]]},"properties":{"n":99.20158393708323,"e":0,"m":[-70.37724870118656,43.50790167799582],"length_m":99.99999999962135}},{"type":"Feature","id":1529,"geometry":{"type":"LineString","coordinates":[[-70.37715017323463,43.50834505377951],[-70.3769791666671,43.509114583333414],[-70.37684789978519,43.509184904877294]]},"properties":{"n":99.2015839318158,"e":0,"m":[-70.3770516452827,43.50878842956319],"length_m":99.9999999998877}},{"type":"Feature","id":1530,"geometry":{"type":"LineString","coordinates":[[-70.37684789978519,43.509184904877294],[-70.37585490273764,43.50971686758133]]},"properties":{"n":143.68807657116216,"e":0,"m":[-70.37635140126142,43.50945088622932],"length_m":100.00000000009219}},{"type":"Feature","id":1531,"geometry":{"type":"LineString","coordinates":[[-70.37585490273764,43.50971686758133],[-70.37552083333375,43.50989583333342],[-70.3753980543802,43.510485172310474]]},"properties":{"n":98.63543617210378,"e":0,"m":[-70.37549056767779,43.510041108482035],"length_m":99.99999999997394}},{"type":"Feature","id":1532,"geometry":{"type":"LineString","coordinates":[[-70.3753980543802,43.510485172310474],[-70.37526041666709,43.511145833333416],[-70.37498640277084,43.51126000579018]]},"properties":{"n":98.63543617130259,"e":0,"m":[-70.3753055410826,43.51092923613892],"length_m":100.00000000025844}},{"type":"Feature","id":1533,"geometry":{"type":"LineString","coordinates":[[-70.37498640277084,43.51126000579018],[-70.37463541666709,43.51140625000008],[-70.37443990352638,43.51199278942222]]},"properties":{"n":103.65758236212295,"e":0,"m":[-70.37458538864308,43.5115563340721],"length_m":99.99999999955779}},{"type":"Feature","id":1534,"geometry":{"type":"LineString","coordinates":[[-70.37443990352638,43.51199278942222],[-70.37442708333376,43.51203125000009],[-70.37365608651082,43.51268051048256]]},"properties":{"n":130.88110950346504,"e":0,"m":[-70.37405935290059,43.512340917733276],"length_m":100.00000000010681}},{"type":"Feature","id":1535,"geometry":{"type":"LineString","coordinates":[[-70.37365608651082,43.51268051048256],[-70.37343750000042,43.512864583333425],[-70.3725617718565,43.51301053802407]]},"properties":{"n":167.12161728935226,"e":0,"m":[-70.37316242491879,43.51291042918036],"length_m":100.00000000032477}},{"type":"Feature","id":1536,"geometry":{"type":"LineString","coordinates":[[-70.3725617718565,43.51301053802407],[-70.37218750000042,43.513072916666744],[-70.37213541666709,43.513593750000084],[-70.37222038370389,43.51366738809864]]},"properties":{"n":94.16930784168663,"e":0,"m":[-70.37217061649484,43.513241751722525],"length_m":99.99999999982889}},{"type":"Feature","id":1537,"geometry":{"type":"LineString","coordinates":[[-70.37222038370389,43.51366738809864],[-70.3729166666671,43.51427083333341],[-70.3727846332171,43.514323646713414]]},"properties":{"n":49.93221655732038,"e":0,"m":[-70.37261699679145,43.51401111944119],"length_m":99.9999999997332}},{"type":"Feature","id":1538,"geometry":{"type":"LineString","coordinates":[[-70.3727846332171,43.514323646713414],[-70.37170428538818,43.514755785844976]]},"properties":{"n":151.245522490067,"e":0,"m":[-70.37224445930262,43.514539716279195],"length_m":100.00000000038195}},{"type":"Feature","id":1539,"geometry":{"type":"LineString","coordinates":[[-70.37170428538818,43.514755785844976],[-70.37135416666709,43.514895833333405],[-70.3712291034218,43.5154961369108]]},"properties":{"n":98.63543617210378,"e":0,"m":[-70.37132161671938,43.51505207308235],"length_m":100.00000000009909}},{"type":"Feature","id":1540,"geometry":{"type":"LineString","coordinates":[[-70.3712291034218,43.5154961369108],[-70.37109375000043,43.51614583333341],[-70.37086618620489,43.516320882406895]]},"properties":{"n":98.63543617130259,"e":0,"m":[-70.37113659012421,43.51594020073924],"length_m":99.9999999993826}},{"type":"Feature","id":1541,"geometry":{"type":"LineString","coordinates":[[-70.37086618620489,43.516320882406895],[-70.37001853844961,43.516972919141736]]},"properties":{"n":133.46062165862895,"e":0,"m":[-70.37044236232725,43.51664690077432],"length_m":100.00000000066997}},{"type":"Feature","id":1542,"geometry":{"type":"LineString","coordinates":[[-70.37001853844961,43.516972919141736],[-70.36973958333377,43.51718750000008],[-70.36952609415857,43.51776974320516]]},"properties":{"n":104.9646749049762,"e":0,"m":[-70.36968519910172,43.517335820632944],"length_m":99.99999999942807}},{"type":"Feature","id":1543,"geometry":{"type":"LineString","coordinates":[[-70.36952609415857,43.51776974320516],[-70.36920788427229,43.5186375883496]]},"properties":{"n":104.9646748998211,"e":0,"m":[-70.36936698921542,43.518203665777385],"length_m":99.99999999981713}},{"type":"Feature","id":1544,"geometry":{"type":"LineString","coordinates":[[-70.36920788427229,43.5186375883496],[-70.36888967438598,43.51950543349405]]},"properties":{"n":104.964674901199,"e":0,"m":[-70.36904877932913,43.519071510921826],"length_m":100.00000000071687}},{"type":"Feature","id":1545,"geometry":{"type":"LineString","coordinates":[[-70.36888967438598,43.51950543349405],[-70.36859375000043,43.520312500000074],[-70.3685429115995,43.520363338401]]},"properties":{"n":104.9646748998211,"e":0,"m":[-70.36873056944283,43.51993935606627],"length_m":99.9999999996827}},{"type":"Feature","id":1546,"geometry":{"type":"LineString","coordinates":[[-70.3685429115995,43.520363338401],[-70.36781700097454,43.52108924902597]]},"properties":{"n":126.0908751998802,"e":0,"m":[-70.36817995628701,43.52072629371348],"length_m":99.99999999971507}},{"type":"Feature","id":1547,"geometry":{"type":"LineString","coordinates":[[-70.36781700097454,43.52108924902597],[-70.36709109034956,43.52181515965094]]},"properties":{"n":126.09087520419222,"e":0,"m":[-70.36745404566204,43.52145220433846],"length_m":100.0000000002637}},{"type":"Feature","id":1548,"geometry":{"type":"LineString","coordinates":[[-70.36709109034956,43.52181515965094],[-70.3663651797246,43.52254107027591]]},"properties":{"n":126.0908751998802,"e":0,"m":[-70.36672813503708,43.522178114963424],"length_m":99.99999999971507}},{"type":"Feature","id":1549,"geometry":{"type":"LineString","coordinates":[[-70.3663651797246,43.52254107027591],[-70.36563926909962,43.523266980900885]]},"properties":{"n":126.09087520419222,"e":0,"m":[-70.3660022244121,43.5229040255884],"length_m":100.0000000002637}},{"type":"Feature","id":1550,"geometry":{"type":"LineString","coordinates":[[-70.36563926909962,43.523266980900885],[-70.36491335847465,43.52399289152586]]},"properties":{"n":126.0908751998802,"e":0,"m":[-70.36527631378713,43.52362993621337],"length_m":99.99999999971507}},{"type":"Feature","id":1551,"geometry":{"type":"LineString","coordinates":[[-70.36491335847465,43.52399289152586],[-70.36418744784967,43.52471880215083]]},"properties":{"n":126.09087520419222,"e":0,"m":[-70.36455040316217,43.52435584683835],"length_m":100.0000000002637}},{"type":"Feature","id":1552,"geometry":{"type":"LineString","coordinates":[[-70.36418744784967,43.52471880215083],[-70.36364583333378,43.52526041666673],[-70.36334989250474,43.52533440187399]]},"properties":{"n":126.09087520419222,"e":0,"m":[-70.36382449253719,43.52508175746332],"length_m":99.99999999986116}},{"type":"Feature","id":1553,"geometry":{"type":"LineString","coordinates":[[-70.36334989250474,43.52533440187399],[-70.36239583333378,43.52557291666674],[-70.36236130859166,43.52573403212993]]},"properties":{"n":161.07058030751722,"e":0,"m":[-70.36276706253277,43.52548010936698],"length_m":100.00000000054223}},{"type":"Feature","id":1554,"geometry":{"type":"LineString","coordinates":[[-70.36236130859166,43.52573403212993],[-70.36217111973558,43.52662158012499]]},"properties":{"n":98.87828562275705,"e":0,"m":[-70.36226621416361,43.526177806127464],"length_m":99.99999999952453}},{"type":"Feature","id":1555,"geometry":{"type":"LineString","coordinates":[[-70.36217111973558,43.52662158012499],[-70.36198093087948,43.52750912812005]]},"properties":{"n":98.8782856219335,"e":0,"m":[-70.36207602530753,43.52706535412252],"length_m":100.0000000004447}},{"type":"Feature","id":1556,"geometry":{"type":"LineString","coordinates":[[-70.36198093087948,43.52750912812005],[-70.36192708333377,43.52776041666674],[-70.36141025634342,43.52828268394119]]},"properties":{"n":125.80574581117666,"e":0,"m":[-70.36177072938649,43.52791841644504],"length_m":100.00000000005264}},{"type":"Feature","id":1557,"geometry":{"type":"LineString","coordinates":[[-70.36141025634342,43.52828268394119],[-70.36068931025729,43.5290112189335]]},"properties":{"n":125.80574580805484,"e":0,"m":[-70.36104978330036,43.528646951437345],"length_m":99.99999999962277}},{"type":"Feature","id":1558,"geometry":{"type":"LineString","coordinates":[[-70.36068931025729,43.5290112189335],[-70.35996836417115,43.52973975392581]]},"properties":{"n":125.80574580684907,"e":0,"m":[-70.36032883721421,43.52937548642965],"length_m":99.99999999983322}},{"type":"Feature","id":1559,"geometry":{"type":"LineString","coordinates":[[-70.35996836417115,43.52973975392581],[-70.35924741808502,43.53046828891812]]},"properties":{"n":125.80574581117666,"e":0,"m":[-70.35960789112808,43.53010402142197],"length_m":100.00000000037808}},{"type":"Feature","id":1560,"geometry":{"type":"LineString","coordinates":[[-70.35924741808502,43.53046828891812],[-70.35852647199887,43.53119682391043]]},"properties":{"n":125.80574580805484,"e":0,"m":[-70.35888694504195,43.530832556414275],"length_m":99.99999999962277}},{"type":"Feature","id":1561,"geometry":{"type":"LineString","coordinates":[[-70.35852647199887,43.53119682391043],[-70.35780552591274,43.53192535890274]]},"properties":{"n":125.80574581117666,"e":0,"m":[-70.3581659989558,43.53156109140658],"length_m":100.00000000037808}},{"type":"Feature","id":1562,"geometry":{"type":"LineString","coordinates":[[-70.35780552591274,43.53192535890274],[-70.35708457982659,43.532653893895045]]},"properties":{"n":125.80574580805484,"e":0,"m":[-70.35744505286966,43.53228962639889],"length_m":99.99999999962277}},{"type":"Feature","id":1563,"geometry":{"type":"LineString","coordinates":[[-70.35708457982659,43.532653893895045],[-70.35697916666712,43.532760416666726],[-70.35596975249247,43.53297671970415]]},"properties":{"n":163.61891108510437,"e":0,"m":[-70.35656089324789,43.532850046685134],"length_m":99.99999999986379}},{"type":"Feature","id":1564,"geometry":{"type":"LineString","coordinates":[[-70.35596975249247,43.53297671970415],[-70.35552083333377,43.533072916666725],[-70.35514697110101,43.53355893756931]]},"properties":{"n":119.28131523240131,"e":0,"m":[-70.35544832990685,43.533167171121704],"length_m":99.99999999991384}},{"type":"Feature","id":1565,"geometry":{"type":"LineString","coordinates":[[-70.35514697110101,43.53355893756931],[-70.35454425348934,43.534342470464516]]},"properties":{"n":119.28131523240131,"e":0,"m":[-70.35484561229518,43.53395070401692],"length_m":100.00000000033448}},{"type":"Feature","id":1566,"geometry":{"type":"LineString","coordinates":[[-70.35454425348934,43.534342470464516],[-70.35447916666712,43.53442708333339],[-70.35342455845634,43.534653070807124]]},"properties":{"n":163.61891109172873,"e":0,"m":[-70.35401569921177,43.534526397788106],"length_m":100.00000000008546}},{"type":"Feature","id":1567,"geometry":{"type":"LineString","coordinates":[[-70.35342455845634,43.534653070807124],[-70.35302083333377,43.53473958333339],[-70.35281250000045,43.53526041666672],[-70.35275240982519,43.535282449730985]]},"properties":{"n":106.25602173312095,"e":0,"m":[-70.35296615035186,43.53487629078817],"length_m":99.99999999975162}},{"type":"Feature","id":1568,"geometry":{"type":"LineString","coordinates":[[-70.35275240982519,43.535282449730985],[-70.3516515248159,43.53568610756772]]},"properties":{"n":153.29788962574784,"e":0,"m":[-70.35220196732055,43.535484278649356],"length_m":100.00000000006828}},{"type":"Feature","id":1569,"geometry":{"type":"LineString","coordinates":[[-70.3516515248159,43.53568610756772],[-70.35055063980661,43.536089765404455]]},"properties":{"n":153.29788962574784,"e":0,"m":[-70.35110108231125,43.53588793648609],"length_m":100.00000000006828}},{"type":"Feature","id":1570,"geometry":{"type":"LineString","coordinates":[[-70.35055063980661,43.536089765404455],[-70.34968750000044,43.536406250000056],[-70.349571177092,43.536580734362715]]},"properties":{"n":153.2978896233786,"e":0,"m":[-70.35000019730197,43.53629159432282],"length_m":100.00000000035078}},{"type":"Feature","id":1571,"geometry":{"type":"LineString","coordinates":[[-70.349571177092,43.536580734362715],[-70.34927083333378,43.53703125000006],[-70.3487393761189,43.53711982620254]]},"properties":{"n":115.91878251530892,"e":0,"m":[-70.34930185904803,43.536984711428694],"length_m":99.99999999953766}},{"type":"Feature","id":1572,"geometry":{"type":"LineString","coordinates":[[-70.3487393761189,43.53711982620254],[-70.34802083333378,43.53723958333339],[-70.34780437413886,43.53756427212576]]},"properties":{"n":167.1216172945541,"e":0,"m":[-70.3481387230566,43.53721993504625],"length_m":99.99999999992939}},{"type":"Feature","id":1573,"geometry":{"type":"LineString","coordinates":[[-70.34780437413886,43.53756427212576],[-70.34760416666711,43.537864583333395],[-70.34683708569706,43.53794129143041]]},"properties":{"n":172.18891225393384,"e":0,"m":[-70.34744752091599,43.537880247908504],"length_m":99.99999999995049}},{"type":"Feature","id":1574,"geometry":{"type":"LineString","coordinates":[[-70.34683708569706,43.53794129143041],[-70.34656250000046,43.53796875000006],[-70.34597456862092,43.53851748595431]]},"properties":{"n":127.9911821941,"e":0,"m":[-70.34635383503486,43.53816350396796],"length_m":100.00000000043036}},{"type":"Feature","id":1575,"geometry":{"type":"LineString","coordinates":[[-70.34597456862092,43.53851748595431],[-70.34578125000046,43.53869791666673],[-70.34487349327567,43.538798778525035]]},"properties":{"n":171.3335465070046,"e":0,"m":[-70.34548261037362,43.538731098847485],"length_m":100.00000000017795}},{"type":"Feature","id":1576,"geometry":{"type":"LineString","coordinates":[[-70.34487349327567,43.538798778525035],[-70.34390625000046,43.53890625000005],[-70.34376697819421,43.53906099645143]]},"properties":{"n":171.3335465114757,"e":0,"m":[-70.34426437617773,43.53886645820258],"length_m":99.99999999943267}},{"type":"Feature","id":1577,"geometry":{"type":"LineString","coordinates":[[-70.34376697819421,43.53906099645143],[-70.34343750000045,43.539427083333386],[-70.34280765443292,43.5394620747538]]},"properties":{"n":156.51614525289443,"e":0,"m":[-70.34342202499062,43.539427943056154],"length_m":100.00000000014177}},{"type":"Feature","id":1578,"geometry":{"type":"LineString","coordinates":[[-70.34280765443292,43.5394620747538],[-70.34157891331753,43.539530338149106]]},"properties":{"n":175.64184589280498,"e":0,"m":[-70.34219328387523,43.53949620645146],"length_m":100.00000000030684}},{"type":"Feature","id":1579,"geometry":{"type":"LineString","coordinates":[[-70.34157891331753,43.539530338149106],[-70.34035017220215,43.53959860154441]]},"properties":{"n":175.6418458923995,"e":0,"m":[-70.34096454275983,43.53956446984675],"length_m":99.9999999993782}},{"type":"Feature","id":1580,"geometry":{"type":"LineString","coordinates":[[-70.34035017220215,43.53959860154441],[-70.33968750000045,43.53963541666673],[-70.33917948819635,43.539820148231854]]},"properties":{"n":173.31507709113308,"e":0,"m":[-70.33973580164445,43.53963273324206],"length_m":100.0000000009446}},{"type":"Feature","id":1581,"geometry":{"type":"LineString","coordinates":[[-70.33917948819635,43.539820148231854],[-70.33807676911802,43.540221136987604]]},"properties":{"n":153.4882916550357,"e":0,"m":[-70.33862812865718,43.54002064260973],"length_m":99.99999999993263}},{"type":"Feature","id":1582,"geometry":{"type":"LineString","coordinates":[[-70.33807676911802,43.540221136987604],[-70.33796875000046,43.54026041666672],[-70.33685801143204,43.54029215205439]]},"properties":{"n":177.75547983747893,"e":0,"m":[-70.3374736908624,43.54027456121352],"length_m":99.99999999931347}},{"type":"Feature","id":1583,"geometry":{"type":"LineString","coordinates":[[-70.33685801143204,43.54029215205439],[-70.33562665257132,43.54032733373612]]},"properties":{"n":177.7554798430199,"e":0,"m":[-70.33624233200169,43.54030974289525],"length_m":100.00000000034842}},{"type":"Feature","id":1584,"geometry":{"type":"LineString","coordinates":[[-70.33562665257132,43.54032733373612],[-70.33439529371061,43.540362515417854]]},"properties":{"n":177.7554798376879,"e":0,"m":[-70.33501097314097,43.540344924576985],"length_m":100.00000000038489}},{"type":"Feature","id":1585,"geometry":{"type":"LineString","coordinates":[[-70.33439529371061,43.540362515417854],[-70.3331639348499,43.54039769709959]]},"properties":{"n":177.75547983747893,"e":0,"m":[-70.33377961428026,43.54038010625872],"length_m":99.99999999945429}},{"type":"Feature","id":1586,"geometry":{"type":"LineString","coordinates":[[-70.3331639348499,43.54039769709959],[-70.3319325759892,43.54043287878133]]},"properties":{"n":177.7554798376879,"e":0,"m":[-70.33254825541955,43.54041528794046],"length_m":100.00000000038489}},{"type":"Feature","id":1587,"geometry":{"type":"LineString","coordinates":[[-70.3319325759892,43.54043287878133],[-70.33070121712849,43.540468060463056]]},"properties":{"n":177.7554798428109,"e":0,"m":[-70.33131689655885,43.5404504696222],"length_m":99.99999999941781}},{"type":"Feature","id":1588,"geometry":{"type":"LineString","coordinates":[[-70.33070121712849,43.540468060463056],[-70.32946985826779,43.540503242144794]]},"properties":{"n":177.7554798376879,"e":0,"m":[-70.33008553769812,43.540485651303925],"length_m":100.00000000038489}},{"type":"Feature","id":1589,"geometry":{"type":"LineString","coordinates":[[-70.32946985826779,43.540503242144794],[-70.32823849940708,43.54053842382653]]},"properties":{"n":177.75547983747893,"e":0,"m":[-70.32885417883743,43.54052083298566],"length_m":99.99999999945429}},{"type":"Feature","id":1590,"geometry":{"type":"LineString","coordinates":[[-70.32823849940708,43.54053842382653],[-70.32703125000047,43.54057291666672],[-70.3270097518319,43.540580901700764]]},"properties":{"n":177.75547983747893,"e":0,"m":[-70.32762281997672,43.540556014667395],"length_m":100.00000000001371}},{"type":"Feature","id":1591,"geometry":{"type":"LineString","coordinates":[[-70.3270097518319,43.540580901700764],[-70.32591176096676,43.54098872687924]]},"properties":{"n":152.99996855773276,"e":0,"m":[-70.32646075639933,43.54078481429],"length_m":100.000000000301}},{"type":"Feature","id":1592,"geometry":{"type":"LineString","coordinates":[[-70.32591176096676,43.54098872687924],[-70.3252083333338,43.541250000000055],[-70.3248845188819,43.54102980617275]]},"properties":{"n":152.99996856248723,"e":0,"m":[-70.3253627655342,43.54119263946848],"length_m":100.0000000004455}},{"type":"Feature","id":1593,"geometry":{"type":"LineString","coordinates":[[-70.3248845188819,43.54102980617275],[-70.32398340777678,43.54041705062127]]},"properties":{"n":223.00948951711865,"e":0,"m":[-70.32443396332934,43.540723428397015],"length_m":99.99999999945469}},{"type":"Feature","id":1594,"geometry":{"type":"LineString","coordinates":[[-70.32398340777678,43.54041705062127],[-70.32390625000048,43.54036458333339],[-70.32336571622757,43.53964387163618]]},"properties":{"n":241.33340483437345,"e":0,"m":[-70.3236612918193,43.54003797242516],"length_m":100.00000000001612}},{"type":"Feature","id":1595,"geometry":{"type":"LineString","coordinates":[[-70.32336571622757,43.53964387163618],[-70.32281250000048,43.53890625000005],[-70.32273663142608,43.5388899924484]]},"properties":{"n":241.33340483437345,"e":0,"m":[-70.32307014063583,43.53924977084719],"length_m":99.99999999996157}},{"type":"Feature","id":1596,"geometry":{"type":"LineString","coordinates":[[-70.32273663142608,43.5388899924484],[-70.32155434991523,43.53863664641036]]},"properties":{"n":196.38108891339073,"e":0,"m":[-70.32214549067065,43.53876331942937],"length_m":100.00000000038288}},{"type":"Feature","id":1597,"geometry":{"type":"LineString","coordinates":[[-70.32155434991523,43.53863664641036],[-70.32135416666713,43.538593750000054],[-70.32075116682559,43.537990750158514]]},"properties":{"n":233.9091248001198,"e":0,"m":[-70.32111412213808,43.538353705471],"length_m":100.0000000000232}},{"type":"Feature","id":1598,"geometry":{"type":"LineString","coordinates":[[-70.32075116682559,43.537990750158514],[-70.32057291666715,43.53781250000006],[-70.32043332406724,43.537142455520524]]},"properties":{"n":261.36456382789623,"e":0,"m":[-70.32052583736484,43.53758651934896],"length_m":99.9999999996267}},{"type":"Feature","id":1599,"geometry":{"type":"LineString","coordinates":[[-70.32043332406724,43.537142455520524],[-70.32031250000048,43.53656250000006],[-70.31993226368417,43.536419911381444]]},"properties":{"n":261.36456382789623,"e":0,"m":[-70.32034081076965,43.53669839169208],"length_m":100.00000000000489}},{"type":"Feature","id":1600,"geometry":{"type":"LineString","coordinates":[[-70.31993226368417,43.536419911381444],[-70.31906250000048,43.53609375000006],[-70.31899134083721,43.53591585209189]]},"properties":{"n":207.2224419347733,"e":0,"m":[-70.3193843582301,43.536214446836176],"length_m":99.99999999988796}},{"type":"Feature","id":1601,"geometry":{"type":"LineString","coordinates":[[-70.31899134083721,43.53591585209189],[-70.31875000000048,43.53531250000006],[-70.31876284144663,43.53504282963098]]},"properties":{"n":253.7439782720018,"e":0,"m":[-70.31881886141944,43.535484653547456],"length_m":100.00000000069578}},{"type":"Feature","id":1602,"geometry":{"type":"LineString","coordinates":[[-70.31876284144663,43.53504282963098],[-70.31880208333381,43.53421875000006],[-70.31885898220456,43.53415778692425]]},"properties":{"n":271.9880981814312,"e":0,"m":[-70.31878421693332,43.53459394441045],"length_m":99.99999999932652}},{"type":"Feature","id":1603,"geometry":{"type":"LineString","coordinates":[[-70.31885898220456,43.53415778692425],[-70.31953125000048,43.53343750000006],[-70.31953529388997,43.53341054073683]]},"properties":{"n":304.2302241292946,"e":0,"m":[-70.31920557986177,43.53378643229152],"length_m":100.00000000034359}},{"type":"Feature","id":1604,"geometry":{"type":"LineString","coordinates":[[-70.31953529388997,43.53341054073683],[-70.31966924217639,43.53251755216068]]},"properties":{"n":276.24023243751446,"e":0,"m":[-70.31960226803318,43.532964046448754],"length_m":100.00000000007694}},{"type":"Feature","id":1605,"geometry":{"type":"LineString","coordinates":[[-70.31966924217639,43.53251755216068],[-70.31968750000047,43.532395833333396],[-70.32066136550698,43.532082805134884]]},"properties":{"n":336.2055866784174,"e":0,"m":[-70.3200975868982,43.532264019687695],"length_m":100.00000000024394}},{"type":"Feature","id":1606,"geometry":{"type":"LineString","coordinates":[[-70.32066136550698,43.532082805134884],[-70.32114583333382,43.53192708333339],[-70.32135009462488,43.53143685623483]]},"properties":{"n":286.8954730250305,"e":0,"m":[-70.3211710244238,43.531866624717416],"length_m":99.99999999971578}},{"type":"Feature","id":1607,"geometry":{"type":"LineString","coordinates":[[-70.32135009462488,43.53143685623483],[-70.32140625000048,43.5313020833334],[-70.32203125000048,43.53109375000006],[-70.32203125000048,43.530837269504524]]},"properties":{"n":335.42694325884275,"e":0,"m":[-70.32179087635178,43.53117387454962],"length_m":99.99999999989217}},{"type":"Feature","id":1608,"geometry":{"type":"LineString","coordinates":[[-70.32203125000048,43.530837269504524],[-70.32203125000048,43.53057291666672],[-70.32147145250379,43.53008775883626]]},"properties":{"n":229.93221655732037,"e":0,"m":[-70.32186806559136,43.53043149017883],"length_m":100.00000000033533}},{"type":"Feature","id":1609,"geometry":{"type":"LineString","coordinates":[[-70.32147145250379,43.53008775883626],[-70.32125000000048,43.5298958333334],[-70.32184564757115,43.529415472389296]]},"properties":{"n":312.1110936246182,"e":0,"m":[-70.32143247425844,43.52974867667374],"length_m":99.99999999998481}},{"type":"Feature","id":1610,"geometry":{"type":"LineString","coordinates":[[-70.32184564757115,43.529415472389296],[-70.3226719941966,43.5287490638204]]},"properties":{"n":312.11109362499855,"e":0,"m":[-70.32225882088387,43.529082268104844],"length_m":100.00000000014266}},{"type":"Feature","id":1611,"geometry":{"type":"LineString","coordinates":[[-70.3226719941966,43.5287490638204],[-70.32286458333381,43.52859375000006],[-70.32276041666714,43.52807291666672],[-70.32254704191713,43.528025500055605]]},"properties":{"n":261.70507714929926,"e":0,"m":[-70.32281712618712,43.52835646426659],"length_m":99.9999999993189}},{"type":"Feature","id":1612,"geometry":{"type":"LineString","coordinates":[[-70.32254704191713,43.528025500055605],[-70.32136829184324,43.52776355559475]]},"properties":{"n":196.9535647706396,"e":0,"m":[-70.32195766688018,43.52789452782518],"length_m":100.00000000036519}},{"type":"Feature","id":1613,"geometry":{"type":"LineString","coordinates":[[-70.32136829184324,43.52776355559475],[-70.32018954176937,43.52750161113389]]},"properties":{"n":196.9535647670914,"e":0,"m":[-70.3207789168063,43.52763258336432],"length_m":99.99999999974591}},{"type":"Feature","id":1614,"geometry":{"type":"LineString","coordinates":[[-70.32018954176937,43.52750161113389],[-70.31901079169548,43.52723966667303]]},"properties":{"n":196.9535647706396,"e":0,"m":[-70.31960016673243,43.527370638903456],"length_m":100.00000000036519}},{"type":"Feature","id":1615,"geometry":{"type":"LineString","coordinates":[[-70.31901079169548,43.52723966667303],[-70.31854166666714,43.52713541666674],[-70.3177999357969,43.52714571848438]]},"properties":{"n":178.90848739610212,"e":0,"m":[-70.31841597614356,43.52713716236845],"length_m":100.00000000016098}},{"type":"Feature","id":1616,"geometry":{"type":"LineString","coordinates":[[-70.3177999357969,43.52714571848438],[-70.31656785510359,43.52716283071623]]},"properties":{"n":178.908487390767,"e":0,"m":[-70.31718389545024,43.527154274600306],"length_m":100.000000000151}},{"type":"Feature","id":1617,"geometry":{"type":"LineString","coordinates":[[-70.31656785510359,43.52716283071623],[-70.3153357744103,43.527179942948074]]},"properties":{"n":178.90848739610212,"e":0,"m":[-70.31595181475696,43.52717138683215],"length_m":99.9999999992021}},{"type":"Feature","id":1618,"geometry":{"type":"LineString","coordinates":[[-70.3153357744103,43.527179942948074],[-70.31410369371699,43.52719705517993]]},"properties":{"n":178.908487390767,"e":0,"m":[-70.31471973406364,43.527188499064],"length_m":100.000000000151}},{"type":"Feature","id":1619,"geometry":{"type":"LineString","coordinates":[[-70.31410369371699,43.52719705517993],[-70.31287161302369,43.527214167411785]]},"properties":{"n":178.908487390767,"e":0,"m":[-70.31348765337033,43.527205611295855],"length_m":100.000000000151}},{"type":"Feature","id":1620,"geometry":{"type":"LineString","coordinates":[[-70.31287161302369,43.527214167411785],[-70.31163953233037,43.52723127964363]]},"properties":{"n":178.90848739610212,"e":0,"m":[-70.31225557267703,43.527222723527714],"length_m":100.00000000013327}},{"type":"Feature","id":1621,"geometry":{"type":"LineString","coordinates":[[-70.31163953233037,43.52723127964363],[-70.31104166666715,43.527239583333404],[-70.31047947569454,43.527453751322966]]},"properties":{"n":161.68482337518745,"e":0,"m":[-70.31102555597525,43.52724572073984],"length_m":100.00000000035581}},{"type":"Feature","id":1622,"geometry":{"type":"LineString","coordinates":[[-70.31047947569454,43.527453751322966],[-70.30938731513314,43.52786981248921]]},"properties":{"n":152.4088406204973,"e":0,"m":[-70.30993339541384,43.52766178190608],"length_m":99.99999999913142}},{"type":"Feature","id":1623,"geometry":{"type":"LineString","coordinates":[[-70.30938731513314,43.52786981248921],[-70.30885416666715,43.52807291666672],[-70.30855159150241,43.52847635021972]]},"properties":{"n":131.42987301346514,"e":0,"m":[-70.30884716709414,43.528082249430724],"length_m":100.00000000064765}},{"type":"Feature","id":1624,"geometry":{"type":"LineString","coordinates":[[-70.30855159150241,43.52847635021972],[-70.30796044031894,43.52926455179769]]},"properties":{"n":118.66659516774878,"e":0,"m":[-70.30825601591067,43.5288704510087],"length_m":100.0000000000106}},{"type":"Feature","id":1625,"geometry":{"type":"LineString","coordinates":[[-70.30796044031894,43.52926455179769],[-70.30776041666715,43.52953125000007],[-70.30713541666715,43.52973958333339],[-70.30714472974245,43.529832714086346]]},"properties":{"n":155.4269432610618,"e":0,"m":[-70.30757927055035,43.529591632039],"length_m":99.99999999991837}},{"type":"Feature","id":1626,"geometry":{"type":"LineString","coordinates":[[-70.30714472974245,43.529832714086346],[-70.30718750000048,43.53026041666673],[-70.30777678184278,43.530449828687466]]},"properties":{"n":39.59612970601017,"e":0,"m":[-70.30721300323401,43.53026861413465],"length_m":99.99999999942759}},{"type":"Feature","id":1627,"geometry":{"type":"LineString","coordinates":[[-70.30777678184278,43.530449828687466],[-70.30864583333383,43.53072916666673],[-70.30867509628348,43.53093400731439]]},"properties":{"n":23.794413319429722,"e":0,"m":[-70.30834056045155,43.530631043240284],"length_m":100.00000000020962}},{"type":"Feature","id":1628,"geometry":{"type":"LineString","coordinates":[[-70.30867509628348,43.53093400731439],[-70.30875000000049,43.5314583333334],[-70.30851485929503,43.53178753032104]]},"properties":{"n":84.05474052323932,"e":0,"m":[-70.3087389162432,43.531380747032415],"length_m":100.00000000028096}},{"type":"Feature","id":1629,"geometry":{"type":"LineString","coordinates":[[-70.30851485929503,43.53178753032104],[-70.30796875000048,43.53255208333339],[-70.3079647271924,43.5325882886061]]},"properties":{"n":117.50562682861624,"e":0,"m":[-70.30823029822204,43.53218591582323],"length_m":99.99999999973681}},{"type":"Feature","id":1630,"geometry":{"type":"LineString","coordinates":[[-70.3079647271924,43.5325882886061],[-70.3078652406437,43.533483667544616]]},"properties":{"n":94.63064971174691,"e":0,"m":[-70.30791498391805,43.533035978075354],"length_m":100.00000000013452}},{"type":"Feature","id":1631,"geometry":{"type":"LineString","coordinates":[[-70.3078652406437,43.533483667544616],[-70.30776575409497,43.53437904648313]]},"properties":{"n":94.63064970642823,"e":0,"m":[-70.30781549736933,43.53393135701388],"length_m":100.0000000002097}},{"type":"Feature","id":1632,"geometry":{"type":"LineString","coordinates":[[-70.30776575409497,43.53437904648313],[-70.30776041666715,43.5344270833334],[-70.30713327892231,43.53514381218466]]},"properties":{"n":122.53166723066872,"e":0,"m":[-70.30746462439427,43.534765131645266],"length_m":100.00000000000257}},{"type":"Feature","id":1633,"geometry":{"type":"LineString","coordinates":[[-70.30713327892231,43.53514381218466],[-70.30703125000049,43.53526041666672],[-70.30621308919065,43.53573147895118]]},"properties":{"n":141.69744209769232,"e":0,"m":[-70.30669661379012,43.53545308599997],"length_m":99.99999999970912}},{"type":"Feature","id":1634,"geometry":{"type":"LineString","coordinates":[[-70.30621308919065,43.53573147895118],[-70.3053125000005,43.53625000000007],[-70.30522877741905,43.53624069749101]]},"properties":{"n":141.69744209769232,"e":0,"m":[-70.30572956459119,43.53600987190239],"length_m":99.99999999971595}},{"type":"Feature","id":1635,"geometry":{"type":"LineString","coordinates":[[-70.30522877741905,43.53624069749101],[-70.30401054322316,43.536105338135904]]},"properties":{"n":188.6664534929954,"e":0,"m":[-70.30461966032111,43.53617301781346],"length_m":100.00000000023834}},{"type":"Feature","id":1636,"geometry":{"type":"LineString","coordinates":[[-70.30401054322316,43.536105338135904],[-70.3039062500005,43.536093750000056],[-70.30324248469923,43.53542998469878]]},"properties":{"n":233.90912479266444,"e":0,"m":[-70.30360544001171,43.53579294001127],"length_m":100.00000000070837}},{"type":"Feature","id":1637,"geometry":{"type":"LineString","coordinates":[[-70.30324248469923,43.53542998469878],[-70.30322916666717,43.535416666666734],[-70.30251657407426,43.536129259259646]]},"properties":{"n":126.09087520302353,"e":0,"m":[-70.30287952938674,43.53576630394716],"length_m":99.9999999989625}},{"type":"Feature","id":1638,"geometry":{"type":"LineString","coordinates":[[-70.30251657407426,43.536129259259646],[-70.30208333333383,43.53656250000006],[-70.30246694033545,43.53679266420103]]},"properties":{"n":126.09087520419222,"e":0,"m":[-70.30215361876176,43.53649221457212],"length_m":100.00000000030504}},{"type":"Feature","id":1639,"geometry":{"type":"LineString","coordinates":[[-70.30246694033545,43.53679266420103],[-70.30286458333383,43.53703125000006],[-70.30357889197039,43.53707887057583]]},"properties":{"n":5.225358936709287,"e":0,"m":[-70.30296530043269,43.53703796447332],"length_m":100.00000000022932}},{"type":"Feature","id":1640,"geometry":{"type":"LineString","coordinates":[[-70.30357889197039,43.53707887057583],[-70.30480607504579,43.53716068278085]]},"properties":{"n":5.225358937195262,"e":0,"m":[-70.30419248350809,43.537119776678345],"length_m":99.99999999950813}},{"type":"Feature","id":1641,"geometry":{"type":"LineString","coordinates":[[-70.30480607504579,43.53716068278085],[-70.30598958333383,43.53723958333339],[-70.30601739401239,43.537264303936546]]},"properties":{"n":5.225358931395377,"e":0,"m":[-70.30541966658349,43.53720158888336],"length_m":100.00000000064179}},{"type":"Feature","id":1642,"geometry":{"type":"LineString","coordinates":[[-70.30601739401239,43.537264303936546],[-70.3067988241255,43.53795890848154]]},"properties":{"n":50.64517422210148,"e":0,"m":[-70.30640810906894,43.53761160620905],"length_m":99.99999999946725}},{"type":"Feature","id":1643,"geometry":{"type":"LineString","coordinates":[[-70.3067988241255,43.53795890848154],[-70.30692708333382,43.53807291666673],[-70.30701024076268,43.53882133352651]]},"properties":{"n":85.3693502882531,"e":0,"m":[-70.30696049748832,43.538373644057245],"length_m":100.00000000038527}},{"type":"Feature","id":1644,"geometry":{"type":"LineString","coordinates":[[-70.30701024076268,43.53882133352651],[-70.3071097273114,43.53971671246503]]},"properties":{"n":85.3693502882531,"e":0,"m":[-70.30705998403704,43.53926902299577],"length_m":100.0000000002097}},{"type":"Feature","id":1645,"geometry":{"type":"LineString","coordinates":[[-70.3071097273114,43.53971671246503],[-70.30713541666715,43.53994791666672],[-70.3075575804408,43.54053894594983]]},"properties":{"n":62.49437317138375,"e":0,"m":[-70.30727301936781,43.54014056044764],"length_m":99.99999999990595}},{"type":"Feature","id":1646,"geometry":{"type":"LineString","coordinates":[[-70.3075575804408,43.54053894594983],[-70.30791666666715,43.54104166666672],[-70.30779525948525,43.54136115925071]]},"properties":{"n":62.49437316418642,"e":0,"m":[-70.30784214151379,43.540937331452014],"length_m":99.99999999998658}},{"type":"Feature","id":1647,"geometry":{"type":"LineString","coordinates":[[-70.30779525948525,43.54136115925071],[-70.30746628948795,43.54222686976989]]},"properties":{"n":105.48316141173412,"e":0,"m":[-70.30763077448661,43.5417940145103],"length_m":99.99999999980557}},{"type":"Feature","id":1648,"geometry":{"type":"LineString","coordinates":[[-70.30746628948795,43.54222686976989],[-70.30713731949066,43.54309258028906]]},"properties":{"n":105.48316141173412,"e":0,"m":[-70.3073018044893,43.54265972502948],"length_m":99.99999999980557}},{"type":"Feature","id":1649,"geometry":{"type":"LineString","coordinates":[[-70.30713731949066,43.54309258028906],[-70.30692708333382,43.543645833333386],[-70.30666508328204,43.54390783338517]]},"properties":{"n":105.48316141315861,"e":0,"m":[-70.30697283449202,43.54352543554865],"length_m":100.00000000066001}},{"type":"Feature","id":1650,"geometry":{"type":"LineString","coordinates":[[-70.30666508328204,43.54390783338517],[-70.30593917265708,43.54463374401014]]},"properties":{"n":126.0908751998802,"e":0,"m":[-70.30630212796956,43.54427078869766],"length_m":99.99999999971507}},{"type":"Feature","id":1651,"geometry":{"type":"LineString","coordinates":[[-70.30593917265708,43.54463374401014],[-70.3052132620321,43.545359654635114]]},"properties":{"n":126.09087520419222,"e":0,"m":[-70.30557621734458,43.544996699322624],"length_m":100.0000000002637}},{"type":"Feature","id":1652,"geometry":{"type":"LineString","coordinates":[[-70.3052132620321,43.545359654635114],[-70.30448735140713,43.546085565260086]]},"properties":{"n":126.0908751998802,"e":0,"m":[-70.30485030671962,43.5457226099476],"length_m":99.99999999971507}},{"type":"Feature","id":1653,"geometry":{"type":"LineString","coordinates":[[-70.30448735140713,43.546085565260086],[-70.30376144078215,43.54681147588506]]},"properties":{"n":126.09087520419222,"e":0,"m":[-70.30412439609464,43.54644852057257],"length_m":100.0000000002637}},{"type":"Feature","id":1654,"geometry":{"type":"LineString","coordinates":[[-70.30376144078215,43.54681147588506],[-70.30303553015719,43.54753738651003]]},"properties":{"n":126.0908751998802,"e":0,"m":[-70.30339848546967,43.54717443119755],"length_m":99.99999999971507}},{"type":"Feature","id":1655,"geometry":{"type":"LineString","coordinates":[[-70.30303553015719,43.54753738651003],[-70.3028125000005,43.54776041666672],[-70.30199346490255,43.5479359241877]]},"properties":{"n":163.61891109172873,"e":0,"m":[-70.30258460565798,43.54780925116868],"length_m":100.00000000004823}},{"type":"Feature","id":1656,"geometry":{"type":"LineString","coordinates":[[-70.30199346490255,43.5479359241877],[-70.30135416666715,43.54807291666671],[-70.30107735815754,43.54843276772922]]},"properties":{"n":159.8130005794558,"e":0,"m":[-70.30140232414713,43.548062597206716],"length_m":100.00000000005105}},{"type":"Feature","id":1657,"geometry":{"type":"LineString","coordinates":[[-70.30107735815754,43.54843276772922],[-70.30047464054586,43.549216300624416]]},"properties":{"n":119.28131523501118,"e":0,"m":[-70.3007759993517,43.548824534176816],"length_m":99.99999999952215}},{"type":"Feature","id":1658,"geometry":{"type":"LineString","coordinates":[[-70.30047464054586,43.549216300624416],[-70.3003125000005,43.549427083333384],[-70.29943436417393,43.54957343930448]]},"properties":{"n":167.12161728935226,"e":0,"m":[-70.30003501723623,43.54947333046076],"length_m":100.00000000069747}},{"type":"Feature","id":1659,"geometry":{"type":"LineString","coordinates":[[-70.29943436417393,43.54957343930448],[-70.2990625000005,43.54963541666672],[-70.29856129492644,43.550136621740755]]},"properties":{"n":126.09087520419222,"e":0,"m":[-70.29892425023894,43.54977366642828],"length_m":99.99999999954731}},{"type":"Feature","id":1660,"geometry":{"type":"LineString","coordinates":[[-70.29856129492644,43.550136621740755],[-70.29843750000049,43.5502604166667],[-70.29742621459859,43.550368768674055]]},"properties":{"n":171.63860779918681,"e":0,"m":[-70.29803581738697,43.55030345408958],"length_m":100.0000000005294}},{"type":"Feature","id":1661,"geometry":{"type":"LineString","coordinates":[[-70.29742621459859,43.550368768674055],[-70.2962070090218,43.55049939784299]]},"properties":{"n":171.63860779918681,"e":0,"m":[-70.29681661181019,43.55043408325852],"length_m":99.99999999990277}},{"type":"Feature","id":1662,"geometry":{"type":"LineString","coordinates":[[-70.2962070090218,43.55049939784299],[-70.29498780344501,43.550630027011934]]},"properties":{"n":171.6386078044662,"e":0,"m":[-70.29559740623341,43.550564712427466],"length_m":100.0000000000382}},{"type":"Feature","id":1663,"geometry":{"type":"LineString","coordinates":[[-70.29498780344501,43.550630027011934],[-70.2940625000005,43.550729166666706],[-70.29396077290946,43.55093262084879]]},"properties":{"n":171.63860779918681,"e":0,"m":[-70.29437820065664,43.55069534159641],"length_m":99.99999999977052}},{"type":"Feature","id":1664,"geometry":{"type":"LineString","coordinates":[[-70.29396077290946,43.55093262084879],[-70.29353877448517,43.55177661769735]]},"properties":{"n":110.026004751796,"e":0,"m":[-70.29374977369733,43.55135461927308],"length_m":99.9999999998705}},{"type":"Feature","id":1665,"geometry":{"type":"LineString","coordinates":[[-70.29353877448517,43.55177661769735],[-70.2934375000005,43.55197916666671],[-70.29252015325046,43.55211676867923]]},"properties":{"n":168.37253225305727,"e":0,"m":[-70.29312366118242,43.55202624248943],"length_m":100.00000000008141}},{"type":"Feature","id":1666,"geometry":{"type":"LineString","coordinates":[[-70.29252015325046,43.55211676867923],[-70.29239583333384,43.55213541666672],[-70.29171542767953,43.552770461944064]]},"properties":{"n":127.9911821941,"e":0,"m":[-70.29209469409348,43.552416479957714],"length_m":100.00000000007411}},{"type":"Feature","id":1667,"geometry":{"type":"LineString","coordinates":[[-70.29171542767953,43.552770461944064],[-70.29161458333384,43.55286458333338],[-70.2905583092086,43.55298194712507]]},"properties":{"n":171.33354651227975,"e":0,"m":[-70.29116742630654,43.55291426744752],"length_m":100.00000000011964}},{"type":"Feature","id":1668,"geometry":{"type":"LineString","coordinates":[[-70.2905583092086,43.55298194712507],[-70.28973958333384,43.55307291666671],[-70.28953454358509,43.55332677540326]]},"properties":{"n":171.3335465114757,"e":0,"m":[-70.28994919211067,43.55304962680262],"length_m":99.99999999939311}},{"type":"Feature","id":1669,"geometry":{"type":"LineString","coordinates":[[-70.28953454358509,43.55332677540326],[-70.2889093089648,43.554100875409326]]},"properties":{"n":120.48882588339455,"e":0,"m":[-70.28922192627495,43.5537138254063],"length_m":100.00000000012807}},{"type":"Feature","id":1670,"geometry":{"type":"LineString","coordinates":[[-70.2889093089648,43.554100875409326],[-70.28864583333385,43.55442708333337],[-70.28796176858346,43.554573668637026]]},"properties":{"n":163.61891109022383,"e":0,"m":[-70.28855290933889,43.554446995618],"length_m":99.99999999992471}},{"type":"Feature","id":1671,"geometry":{"type":"LineString","coordinates":[[-70.28796176858346,43.554573668637026],[-70.2871875000005,43.55473958333337],[-70.28695769851056,43.55500043907871]]},"properties":{"n":163.61891109022383,"e":0,"m":[-70.28737062782803,43.554700341656044],"length_m":99.99999999978054}},{"type":"Feature","id":1672,"geometry":{"type":"LineString","coordinates":[[-70.28695769851056,43.55500043907871],[-70.28629181261788,43.55575630955149]]},"properties":{"n":122.7080351692012,"e":0,"m":[-70.28662475556422,43.555378374315104],"length_m":100.00000000035665}},{"type":"Feature","id":1673,"geometry":{"type":"LineString","coordinates":[[-70.28629181261788,43.55575630955149],[-70.28562592672519,43.55651218002427]]},"properties":{"n":122.70803517208459,"e":0,"m":[-70.28595886967153,43.556134244787884],"length_m":99.999999999573}},{"type":"Feature","id":1674,"geometry":{"type":"LineString","coordinates":[[-70.28562592672519,43.55651218002427],[-70.28526041666717,43.55692708333337],[-70.28471491035067,43.55700501280716]]},"properties":{"n":123.16118649523565,"e":0,"m":[-70.28529298377886,43.55689011526066],"length_m":100.00000000064654}},{"type":"Feature","id":1675,"geometry":{"type":"LineString","coordinates":[[-70.28471491035067,43.55700501280716],[-70.28350560880709,43.55717777017053]]},"properties":{"n":168.9121718867424,"e":0,"m":[-70.28411025957888,43.55709139148884],"length_m":99.99999999967703}},{"type":"Feature","id":1676,"geometry":{"type":"LineString","coordinates":[[-70.28350560880709,43.55717777017053],[-70.28307291666718,43.55723958333337],[-70.28265745472389,43.55773058381181]]},"properties":{"n":121.66709930065547,"e":0,"m":[-70.28298092413266,43.55734830178325],"length_m":100.00000000007765}},{"type":"Feature","id":1677,"geometry":{"type":"LineString","coordinates":[[-70.28265745472389,43.55773058381181],[-70.28201051590632,43.558495147868925]]},"properties":{"n":121.66709930519707,"e":0,"m":[-70.2823339853151,43.55811286584037],"length_m":100.00000000033656}},{"type":"Feature","id":1678,"geometry":{"type":"LineString","coordinates":[[-70.28201051590632,43.558495147868925],[-70.28192708333384,43.558593750000036],[-70.28087373956546,43.55874422768124]]},"properties":{"n":168.9121718867424,"e":0,"m":[-70.28147839033726,43.558657848999545],"length_m":99.9999999994387}},{"type":"Feature","id":1679,"geometry":{"type":"LineString","coordinates":[[-70.28087373956546,43.55874422768124],[-70.27973958333385,43.558906250000035],[-70.27971336059113,43.55895869548549]]},"properties":{"n":168.9121718867424,"e":0,"m":[-70.28026908879366,43.55883060636292],"length_m":100.00000000015977}},{"type":"Feature","id":1680,"geometry":{"type":"LineString","coordinates":[[-70.27971336059113,43.55895869548549],[-70.27947916666719,43.55942708333337],[-70.27894454216744,43.559516187416655]]},"properties":{"n":110.02600475362331,"e":0,"m":[-70.27950236137899,43.55938069390976],"length_m":99.99999999971709}},{"type":"Feature","id":1681,"geometry":{"type":"LineString","coordinates":[[-70.27894454216744,43.559516187416655],[-70.27822916666719,43.55963541666671],[-70.27795221967376,43.55993754065953]]},"properties":{"n":167.12161728935226,"e":0,"m":[-70.27834388910516,43.55961629626038],"length_m":100.00000000066055}},{"type":"Feature","id":1682,"geometry":{"type":"LineString","coordinates":[[-70.27795221967376,43.55993754065953],[-70.27765625000052,43.5602604166667],[-70.27696144020108,43.56031997179237]]},"properties":{"n":173.29378592660072,"e":0,"m":[-70.27757337663252,43.56026752009824],"length_m":100.00000000000747}},{"type":"Feature","id":1683,"geometry":{"type":"LineString","coordinates":[[-70.27696144020108,43.56031997179237],[-70.2757375673382,43.560424875180615]]},"properties":{"n":173.29378592130115,"e":0,"m":[-70.27634950376962,43.5603724234865],"length_m":99.99999999954574}},{"type":"Feature","id":1684,"geometry":{"type":"LineString","coordinates":[[-70.2757375673382,43.560424875180615],[-70.27451369447532,43.56052977856886]]},"properties":{"n":173.29378592722387,"e":0,"m":[-70.27512563090676,43.56047732687474],"length_m":100.00000000057943}},{"type":"Feature","id":1685,"geometry":{"type":"LineString","coordinates":[[-70.27451369447532,43.56052977856886],[-70.27401041666718,43.56057291666671],[-70.27360296330363,43.56101055176089]]},"properties":{"n":124.16453935984136,"e":0,"m":[-70.27394897672076,43.560638907720254],"length_m":100.00000000014234}},{"type":"Feature","id":1686,"geometry":{"type":"LineString","coordinates":[[-70.27360296330363,43.56101055176089],[-70.27291093646934,43.561753839842154]]},"properties":{"n":124.16453935542614,"e":0,"m":[-70.27325694988649,43.561382195801514],"length_m":99.99999999939605}},{"type":"Feature","id":1687,"geometry":{"type":"LineString","coordinates":[[-70.27291093646934,43.561753839842154],[-70.27260416666718,43.56208333333337],[-70.27220004625002,43.561679212916204]]},"properties":{"n":233.90912479266444,"e":0,"m":[-70.2725630015625,43.56204216822869],"length_m":100.00000000033191}},{"type":"Feature","id":1688,"geometry":{"type":"LineString","coordinates":[[-70.27220004625002,43.561679212916204],[-70.27192708333385,43.56140625000004],[-70.27117251335709,43.56129845428907]]},"properties":{"n":191.0878281132576,"e":0,"m":[-70.27177716412888,43.56138483297075],"length_m":99.99999999964189}},{"type":"Feature","id":1689,"geometry":{"type":"LineString","coordinates":[[-70.27117251335709,43.56129845428907],[-70.26996321181348,43.56112569692569]]},"properties":{"n":191.08782811428378,"e":0,"m":[-70.27056786258528,43.56121207560738],"length_m":100.00000000059096}},{"type":"Feature","id":1690,"geometry":{"type":"LineString","coordinates":[[-70.26996321181348,43.56112569692569],[-70.26973958333386,43.56109375000003],[-70.2692528267169,43.560453280767184]]},"properties":{"n":241.01283886413327,"e":0,"m":[-70.26955142244289,43.56084616988032],"length_m":99.9999999995527}},{"type":"Feature","id":1691,"geometry":{"type":"LineString","coordinates":[[-70.2692528267169,43.560453280767184],[-70.26875000000052,43.559791666666705],[-70.2688112462348,43.5596569249513]]},"properties":{"n":241.01283885687968,"e":0,"m":[-70.26895423099091,43.56006039165404],"length_m":99.99999999984865}},{"type":"Feature","id":1692,"geometry":{"type":"LineString","coordinates":[[-70.2688112462348,43.5596569249513],[-70.26919884576908,43.558804205975875]]},"properties":{"n":288.3325828651441,"e":0,"m":[-70.26900504600195,43.55923056546359],"length_m":100.00000000004488}},{"type":"Feature","id":1693,"geometry":{"type":"LineString","coordinates":[[-70.26919884576908,43.558804205975875],[-70.26953125000053,43.5580729166667],[-70.26941630407663,43.55797625759433]]},"properties":{"n":288.3325828651441,"e":0,"m":[-70.26939264553623,43.55837784648816],"length_m":100.00000000027941}},{"type":"Feature","id":1694,"geometry":{"type":"LineString","coordinates":[[-70.26941630407663,43.55797625759433],[-70.26860911606826,43.557297485860026]]},"properties":{"n":229.07858462361477,"e":0,"m":[-70.26901271007245,43.557636871727176],"length_m":99.99999999995484}},{"type":"Feature","id":1695,"geometry":{"type":"LineString","coordinates":[[-70.26860911606826,43.557297485860026],[-70.26780192805988,43.55661871412571]]},"properties":{"n":229.07858462764673,"e":0,"m":[-70.26820552206406,43.55695809999287],"length_m":100.00000000056487}},{"type":"Feature","id":1696,"geometry":{"type":"LineString","coordinates":[[-70.26780192805988,43.55661871412571],[-70.26723958333386,43.556145833333375],[-70.26715430891781,43.55588053515011]]},"properties":{"n":229.0785846201195,"e":0,"m":[-70.2673983340557,43.556279328258555],"length_m":99.99999999954126}},{"type":"Feature","id":1697,"geometry":{"type":"LineString","coordinates":[[-70.26715430891781,43.55588053515011],[-70.26687318016722,43.55500591237051]]},"properties":{"n":256.8128466101995,"e":0,"m":[-70.26701374454252,43.555443223760314],"length_m":100.00000000018738}},{"type":"Feature","id":1698,"geometry":{"type":"LineString","coordinates":[[-70.26687318016722,43.55500591237051],[-70.26677083333385,43.55468750000004],[-70.26607395983851,43.554426172439285]]},"properties":{"n":207.22244193721426,"e":0,"m":[-70.26662186529256,43.55463163698456],"length_m":99.99999999944055}},{"type":"Feature","id":1699,"geometry":{"type":"LineString","coordinates":[[-70.26607395983851,43.554426172439285],[-70.2649781489304,43.554015243348736]]},"properties":{"n":207.22244193246922,"e":0,"m":[-70.26552605438444,43.55422070789401],"length_m":99.99999999989981}},{"type":"Feature","id":1700,"geometry":{"type":"LineString","coordinates":[[-70.2649781489304,43.554015243348736],[-70.26388233802226,43.55360431425819]]},"properties":{"n":207.22244193002822,"e":0,"m":[-70.26443024347633,43.55380977880346],"length_m":100.00000000072798}},{"type":"Feature","id":1701,"geometry":{"type":"LineString","coordinates":[[-70.26388233802226,43.55360431425819],[-70.26385416666719,43.55359375000004],[-70.2635416666672,43.55307291666671],[-70.2631253472826,43.55302831101835]]},"properties":{"n":246.37633684702342,"e":0,"m":[-70.26361995277263,43.553203393509094],"length_m":99.99999999969909}},{"type":"Feature","id":1702,"geometry":{"type":"LineString","coordinates":[[-70.2631253472826,43.55302831101835],[-70.26190614170582,43.55289768184942]]},"properties":{"n":188.36139220081319,"e":0,"m":[-70.26251574449421,43.552962996433884],"length_m":99.99999999990277}},{"type":"Feature","id":1703,"geometry":{"type":"LineString","coordinates":[[-70.26190614170582,43.55289768184942],[-70.26068693612903,43.55276705268047]]},"properties":{"n":188.3613921955338,"e":0,"m":[-70.26129653891742,43.55283236726494],"length_m":100.0000000000382}},{"type":"Feature","id":1704,"geometry":{"type":"LineString","coordinates":[[-70.26068693612903,43.55276705268047],[-70.26062500000053,43.55276041666671],[-70.2598799964871,43.55210306062545]]},"properties":{"n":230.43769323239232,"e":0,"m":[-70.26027243423772,43.55244932922894],"length_m":99.99999999948764}},{"type":"Feature","id":1705,"geometry":{"type":"LineString","coordinates":[[-70.2598799964871,43.55210306062545],[-70.25973958333387,43.55197916666671],[-70.25967822939057,43.55124291934725]]},"properties":{"n":266.5237031165027,"e":0,"m":[-70.25971559015117,43.55169124847438],"length_m":100.0000000003994}},{"type":"Feature","id":1706,"geometry":{"type":"LineString","coordinates":[[-70.25967822939057,43.55124291934725],[-70.2596354166672,43.550729166666706],[-70.25990863175937,43.550401308556104]]},"properties":{"n":266.5237031165027,"e":0,"m":[-70.25964086862997,43.55079459022013],"length_m":100.0000000000621}},{"type":"Feature","id":1707,"geometry":{"type":"LineString","coordinates":[[-70.25990863175937,43.550401308556104],[-70.2604166666672,43.549791666666714],[-70.26040347042016,43.54960691920815]]},"properties":{"n":301.2775865457248,"e":0,"m":[-70.2602285286013,43.550017432345776],"length_m":99.99999999952291}},{"type":"Feature","id":1708,"geometry":{"type":"LineString","coordinates":[[-70.26040347042016,43.54960691920815],[-70.26036458333387,43.549062500000055],[-70.26000708383042,43.54882416699775]]},"properties":{"n":267.01934707702844,"e":0,"m":[-70.26037143128106,43.54915837126074],"length_m":100.00000000057969}},{"type":"Feature","id":1709,"geometry":{"type":"LineString","coordinates":[[-70.26000708383042,43.54882416699775],[-70.25989583333387,43.54875000000005],[-70.25942708333386,43.549427083333384],[-70.25938740767428,43.549435018465296]]},"properties":{"n":116.77873496642538,"e":0,"m":[-70.25968615206538,43.54905287294341],"length_m":99.99999999989824}},{"type":"Feature","id":1710,"geometry":{"type":"LineString","coordinates":[[-70.25938740767428,43.549435018465296],[-70.25819901905048,43.54967269619005]]},"properties":{"n":164.6578332492746,"e":0,"m":[-70.25879321336238,43.54955385732767],"length_m":100.00000000036148}},{"type":"Feature","id":1711,"geometry":{"type":"LineString","coordinates":[[-70.25819901905048,43.54967269619005],[-70.25708333333387,43.54989583333337],[-70.25712587058425,43.54994120640045]]},"properties":{"n":164.6578332492746,"e":0,"m":[-70.25760482473859,43.549791535052435],"length_m":99.99999999980686}},{"type":"Feature","id":1712,"geometry":{"type":"LineString","coordinates":[[-70.25712587058425,43.54994120640045],[-70.25782117681617,43.550682866381145]]},"properties":{"n":55.650982934448976,"e":0,"m":[-70.2574735237002,43.5503120363908],"length_m":99.9999999995774}},{"type":"Feature","id":1713,"geometry":{"type":"LineString","coordinates":[[-70.25782117681617,43.550682866381145],[-70.25786458333387,43.550729166666706],[-70.25786458333387,43.551571398148845]]},"properties":{"n":90.0,"e":0,"m":[-70.25786458333387,43.55112224256135],"length_m":100.00000000064975}},{"type":"Feature","id":1714,"geometry":{"type":"LineString","coordinates":[[-70.25786458333387,43.551571398148845],[-70.25786458333387,43.55177083333338],[-70.25717481901377,43.55225622304012]]},"properties":{"n":136.01029623871506,"e":0,"m":[-70.25761811868732,43.55194427141798],"length_m":99.99999999947498}},{"type":"Feature","id":1715,"geometry":{"type":"LineString","coordinates":[[-70.25717481901377,43.55225622304012],[-70.25645833333387,43.55276041666671],[-70.25622188853555,43.55276041666671]]},"properties":{"n":136.010296238582,"e":0,"m":[-70.25673151934019,43.552568174662255],"length_m":100.00000000022642}},{"type":"Feature","id":1716,"geometry":{"type":"LineString","coordinates":[[-70.25622188853555,43.55276041666671],[-70.25498958423438,43.55276041666671]]},"properties":{"n":180.0,"e":0,"m":[-70.25560573638496,43.55276041666671],"length_m":100.0}},{"type":"Feature","id":1717,"geometry":{"type":"LineString","coordinates":[[-70.25498958423438,43.55276041666671],[-70.2537572799332,43.55276041666671]]},"properties":{"n":180.0,"e":0,"m":[-70.25437343208378,43.55276041666671],"length_m":100.0}},{"type":"Feature","id":1718,"geometry":{"type":"LineString","coordinates":[[-70.2537572799332,43.55276041666671],[-70.25252497563203,43.55276041666671]]},"properties":{"n":180.0,"e":0,"m":[-70.25314112778261,43.55276041666671],"length_m":100.0}},{"type":"Feature","id":1719,"geometry":{"type":"LineString","coordinates":[[-70.25252497563203,43.55276041666671],[-70.25129267133086,43.55276041666671]]},"properties":{"n":180.0,"e":0,"m":[-70.25190882348144,43.55276041666671],"length_m":100.0}},{"type":"Feature","id":1720,"geometry":{"type":"LineString","coordinates":[[-70.25129267133086,43.55276041666671],[-70.25006036702969,43.55276041666671]]},"properties":{"n":180.0,"e":0,"m":[-70.25067651918027,43.55276041666671],"length_m":100.0}},{"type":"Feature","id":1721,"geometry":{"type":"LineString","coordinates":[[-70.25006036702969,43.55276041666671],[-70.2488280627285,43.55276041666671]]},"properties":{"n":180.0,"e":0,"m":[-70.2494442148791,43.55276041666671],"length_m":100.0}},{"type":"Feature","id":1722,"geometry":{"type":"LineString","coordinates":[[-70.2488280627285,43.55276041666671],[-70.24770833333388,43.55276041666671],[-70.24761549762735,43.552713998813445]]},"properties":{"n":180.0,"e":0,"m":[-70.24821191057792,43.55276041666671],"length_m":100.00000000003462}},{"type":"Feature","id":1723,"geometry":{"type":"LineString","coordinates":[[-70.24761549762735,43.552713998813445],[-70.2465992690204,43.55220588450998]]},"properties":{"n":214.44624857468202,"e":0,"m":[-70.24710738332386,43.552459941661716],"length_m":100.00000000028597}},{"type":"Feature","id":1724,"geometry":{"type":"LineString","coordinates":[[-70.2465992690204,43.55220588450998],[-70.24645833333388,43.55213541666672],[-70.24540379931086,43.55204753883147]]},"properties":{"n":186.52155773405343,"e":0,"m":[-70.24601596445933,43.55209855259384],"length_m":99.99999999921909}},{"type":"Feature","id":1725,"geometry":{"type":"LineString","coordinates":[[-70.24540379931086,43.55204753883147],[-70.2441794690139,43.551945511306705]]},"properties":{"n":186.52155773344737,"e":0,"m":[-70.2447916341624,43.551996525069086],"length_m":100.00000000039098}},{"type":"Feature","id":1726,"geometry":{"type":"LineString","coordinates":[[-70.2441794690139,43.551945511306705],[-70.24395833333388,43.55192708333337],[-70.24333483101522,43.551348116894616]]},"properties":{"n":231.86655712230117,"e":0,"m":[-70.24371530194583,43.55170141133018],"length_m":100.00000000003311}},{"type":"Feature","id":1727,"geometry":{"type":"LineString","coordinates":[[-70.24333483101522,43.551348116894616],[-70.24322916666722,43.551250000000046],[-70.24289954602366,43.5519853075895]]},"properties":{"n":108.09630687003612,"e":0,"m":[-70.24309093222335,43.551558369144026],"length_m":99.99999999970264}},{"type":"Feature","id":1728,"geometry":{"type":"LineString","coordinates":[[-70.24289954602366,43.5519853075895],[-70.24251677362429,43.55283918448043]]},"properties":{"n":108.09630687003612,"e":0,"m":[-70.24270815982396,43.55241224603496],"length_m":99.99999999988592}},{"type":"Feature","id":1729,"geometry":{"type":"LineString","coordinates":[[-70.24251677362429,43.55283918448043],[-70.2421340012249,43.553693061371376]]},"properties":{"n":108.0963068716936,"e":0,"m":[-70.2423253874246,43.553266122925905],"length_m":100.00000000077117}},{"type":"Feature","id":1730,"geometry":{"type":"LineString","coordinates":[[-70.2421340012249,43.553693061371376],[-70.24187500000055,43.554270833333376],[-70.24148587363116,43.55433337149989]]},"properties":{"n":108.09630687003612,"e":0,"m":[-70.24194261502521,43.55411999981684],"length_m":99.99999999965941}},{"type":"Feature","id":1731,"geometry":{"type":"LineString","coordinates":[[-70.24148587363116,43.55433337149989],[-70.24028246876709,43.55452677585304]]},"properties":{"n":167.5670051867059,"e":0,"m":[-70.24088417119913,43.554430073676464],"length_m":99.99999999987863}},{"type":"Feature","id":1732,"geometry":{"type":"LineString","coordinates":[[-70.24028246876709,43.55452677585304],[-70.239079063903,43.55472018020619]]},"properties":{"n":167.5670051867059,"e":0,"m":[-70.23968076633506,43.55462347802962],"length_m":99.99999999987863}},{"type":"Feature","id":1733,"geometry":{"type":"LineString","coordinates":[[-70.239079063903,43.55472018020619],[-70.23895833333388,43.55473958333337],[-70.23834792328975,43.555414247066366]]},"properties":{"n":123.40656992150231,"e":0,"m":[-70.23868716216317,43.555039298837855],"length_m":100.00000000000814}},{"type":"Feature","id":1734,"geometry":{"type":"LineString","coordinates":[[-70.23834792328975,43.555414247066366],[-70.2376694455429,43.55616414352339]]},"properties":{"n":123.40656992150231,"e":0,"m":[-70.23800868441633,43.55578919529488],"length_m":100.00000000038088}},{"type":"Feature","id":1735,"geometry":{"type":"LineString","coordinates":[[-70.2376694455429,43.55616414352339],[-70.23699096779609,43.55691403998042]]},"properties":{"n":123.40656991704783,"e":0,"m":[-70.2373302066695,43.55653909175191],"length_m":99.99999999986811}},{"type":"Feature","id":1736,"geometry":{"type":"LineString","coordinates":[[-70.23699096779609,43.55691403998042],[-70.23697916666723,43.55692708333337],[-70.23581744921543,43.557176022787324]]},"properties":{"n":163.61891109022383,"e":0,"m":[-70.23640858997086,43.557049349768306],"length_m":99.99999999999973}},{"type":"Feature","id":1737,"geometry":{"type":"LineString","coordinates":[[-70.23581744921543,43.557176022787324],[-70.23552083333388,43.55723958333337],[-70.23505246027015,43.557819473793224]]},"properties":{"n":120.48882588610195,"e":0,"m":[-70.23536507758028,43.557432423790196],"length_m":99.99999999971527}},{"type":"Feature","id":1738,"geometry":{"type":"LineString","coordinates":[[-70.23505246027015,43.557819473793224],[-70.23442722564987,43.55859357379929]]},"properties":{"n":120.48882588339455,"e":0,"m":[-70.23473984296001,43.558206523796265],"length_m":100.00000000012807}},{"type":"Feature","id":1739,"geometry":{"type":"LineString","coordinates":[[-70.23442722564987,43.55859357379929],[-70.23442708333388,43.558593750000036],[-70.23321805705167,43.55876646804035]]},"properties":{"n":168.9121718867424,"e":0,"m":[-70.23382270782346,43.55868008935867],"length_m":99.99999999980987}},{"type":"Feature","id":1740,"geometry":{"type":"LineString","coordinates":[[-70.23321805705167,43.55876646804035],[-70.2322395833339,43.558906250000035],[-70.23208902424564,43.55903798920225]]},"properties":{"n":168.9121718867424,"e":0,"m":[-70.23261340627987,43.55885284672203],"length_m":100.00000000032679}},{"type":"Feature","id":1741,"geometry":{"type":"LineString","coordinates":[[-70.23208902424564,43.55903798920225],[-70.23140625000056,43.55963541666671],[-70.23138627663137,43.55975525688183]]},"properties":{"n":129.79791711681116,"e":0,"m":[-70.23169463648676,43.55938307849127],"length_m":100.00000000036829}},{"type":"Feature","id":1742,"geometry":{"type":"LineString","coordinates":[[-70.23138627663137,43.55975525688183],[-70.23130208333389,43.5602604166667],[-70.23176261872158,43.560457788975704]]},"properties":{"n":96.92718674242855,"e":0,"m":[-70.23131196382253,43.56020113373481],"length_m":99.99999999976023}},{"type":"Feature","id":1743,"geometry":{"type":"LineString","coordinates":[[-70.23176261872158,43.560457788975704],[-70.23203125000056,43.56057291666671],[-70.23203125000056,43.56109375000003],[-70.23184371863836,43.5611562604541]]},"properties":{"n":90.0,"e":0,"m":[-70.23203125000056,43.56079491297972],"length_m":100.00000000002697}},{"type":"Feature","id":1744,"geometry":{"type":"LineString","coordinates":[[-70.23184371863836,43.5611562604541],[-70.23140625000056,43.56130208333337],[-70.23103286146547,43.56177730510529]]},"properties":{"n":119.80240156623388,"e":0,"m":[-70.23133909545115,43.56138755275989],"length_m":99.99999999964506}},{"type":"Feature","id":1745,"geometry":{"type":"LineString","coordinates":[[-70.23103286146547,43.56177730510529],[-70.23042039349411,43.5625568097961]]},"properties":{"n":119.80240156888597,"e":0,"m":[-70.23072662747978,43.5621670574507],"length_m":100.00000000011325}},{"type":"Feature","id":1746,"geometry":{"type":"LineString","coordinates":[[-70.23042039349411,43.5625568097961],[-70.23026041666722,43.5627604166667],[-70.22936038562675,43.56286042011564]]},"properties":{"n":171.33354651227975,"e":0,"m":[-70.2299695027247,43.562792740438084],"length_m":100.00000000033448}},{"type":"Feature","id":1747,"geometry":{"type":"LineString","coordinates":[[-70.22936038562675,43.56286042011564],[-70.22838541666722,43.56296875000004],[-70.22819328486311,43.56308082688578]]},"properties":{"n":171.3335465070046,"e":0,"m":[-70.22875126852882,43.56292809979319],"length_m":99.99999999992058}},{"type":"Feature","id":1748,"geometry":{"type":"LineString","coordinates":[[-70.22819328486311,43.56308082688578],[-70.2272311188857,43.563642090372596]]},"properties":{"n":141.33259958887592,"e":0,"m":[-70.2277122018744,43.563361458629196],"length_m":99.99999999941691}},{"type":"Feature","id":1749,"geometry":{"type":"LineString","coordinates":[[-70.2272311188857,43.563642090372596],[-70.22713541666722,43.563697916666705],[-70.22603029584047,43.56377159138849]]},"properties":{"n":174.77464106860464,"e":0,"m":[-70.22664388737817,43.56373068528597],"length_m":100.00000000040006}},{"type":"Feature","id":1750,"geometry":{"type":"LineString","coordinates":[[-70.22603029584047,43.56377159138849],[-70.22480311276507,43.563853403593505]]},"properties":{"n":174.77464106811865,"e":0,"m":[-70.22541670430277,43.563812497491],"length_m":99.99999999959294}},{"type":"Feature","id":1751,"geometry":{"type":"LineString","coordinates":[[-70.22480311276507,43.563853403593505],[-70.22401041666723,43.563906250000024],[-70.22362507639203,43.56405541397753]]},"properties":{"n":174.77464106860464,"e":0,"m":[-70.22418952122737,43.56389430969602],"length_m":99.9999999998938}},{"type":"Feature","id":1752,"geometry":{"type":"LineString","coordinates":[[-70.22362507639203,43.56405541397753],[-70.22253670530515,43.5644767189144]]},"properties":{"n":152.03081302322266,"e":0,"m":[-70.22308089084858,43.56426606644596],"length_m":100.00000000034845}},{"type":"Feature","id":1753,"geometry":{"type":"LineString","coordinates":[[-70.22253670530515,43.5644767189144],[-70.2223958333339,43.56453125000004],[-70.22197916666724,43.563906250000024],[-70.22187286482657,43.56386638680977]]},"properties":{"n":244.08121748469108,"e":0,"m":[-70.22219623298861,43.564231849482084],"length_m":99.9999999998572}},{"type":"Feature","id":1754,"geometry":{"type":"LineString","coordinates":[[-70.22187286482657,43.56386638680977],[-70.22077705391843,43.56345545771923]]},"properties":{"n":207.2224419347733,"e":0,"m":[-70.2213249593725,43.5636609222645],"length_m":100.00000000030195}},{"type":"Feature","id":1755,"geometry":{"type":"LineString","coordinates":[[-70.22077705391843,43.56345545771923],[-70.21968124301031,43.56304452862868]]},"properties":{"n":207.22244193246922,"e":0,"m":[-70.22022914846437,43.563249993173955],"length_m":99.99999999989981}},{"type":"Feature","id":1756,"geometry":{"type":"LineString","coordinates":[[-70.21968124301031,43.56304452862868],[-70.21906250000058,43.562812500000035],[-70.21893582435177,43.562432473053626]]},"properties":{"n":207.2224419347733,"e":0,"m":[-70.21913333755624,43.56283906408341],"length_m":99.99999999992686}},{"type":"Feature","id":1757,"geometry":{"type":"LineString","coordinates":[[-70.21893582435177,43.562432473053626],[-70.21864583333391,43.561562500000036]]},"properties":{"n":256.34241763839947,"e":0,"m":[-70.21879082884284,43.561997486526835],"length_m":99.66346538506801}},{"type":"Feature","id":1758,"geometry":{"type":"LineString","coordinates":[[-70.23942708333388,43.545260416666714],[-70.24011025919383,43.54451279025393]]},"properties":{"n":303.6686359361687,"e":0,"m":[-70.23976867126386,43.54488660346033],"length_m":100.00000000033225}},{"type":"Feature","id":1759,"geometry":{"type":"LineString","coordinates":[[-70.24011025919383,43.54451279025393],[-70.24079343505379,43.54376516384116]]},"properties":{"n":303.66863593321045,"e":0,"m":[-70.24045184712381,43.544138977047545],"length_m":99.99999999955716}},{"type":"Feature","id":1760,"geometry":{"type":"LineString","coordinates":[[-70.24079343505379,43.54376516384116],[-70.24147661091374,43.543017537428376]]},"properties":{"n":303.6686359361687,"e":0,"m":[-70.24113502298376,43.54339135063477],"length_m":100.00000000033225}},{"type":"Feature","id":1761,"geometry":{"type":"LineString","coordinates":[[-70.24147661091374,43.543017537428376],[-70.24215978677368,43.5422699110156]]},"properties":{"n":303.66863593321045,"e":0,"m":[-70.2418181988437,43.542643724221996],"length_m":99.99999999955716}},{"type":"Feature","id":1762,"geometry":{"type":"LineString","coordinates":[[-70.24215978677368,43.5422699110156],[-70.24218750000054,43.542239583333384],[-70.24334007479382,43.54204748753451]]},"properties":{"n":347.12161728935223,"e":0,"m":[-70.24273942173154,43.54214759637822],"length_m":100.00000000033698}},{"type":"Feature","id":1763,"geometry":{"type":"LineString","coordinates":[[-70.24334007479382,43.54204748753451],[-70.24343750000054,43.54203125000006],[-70.24415273950564,43.54139129886392]]},"properties":{"n":309.17072500700465,"e":0,"m":[-70.24376355731029,43.541739514512386],"length_m":100.00000000003261}},{"type":"Feature","id":1764,"geometry":{"type":"LineString","coordinates":[[-70.24415273950564,43.54139129886392],[-70.24442708333387,43.54114583333339],[-70.24442708333387,43.54056414266372]]},"properties":{"n":270.0,"e":0,"m":[-70.24442708333387,43.54101329825121],"length_m":99.99999999984497}},{"type":"Feature","id":1765,"geometry":{"type":"LineString","coordinates":[[-70.24442708333387,43.54056414266372],[-70.24442708333387,43.53968750000006],[-70.24440493019496,43.53967305230076]]},"properties":{"n":270.0,"e":0,"m":[-70.24442708333387,43.54011498707622],"length_m":99.99999999993625}},{"type":"Feature","id":1766,"geometry":{"type":"LineString","coordinates":[[-70.24440493019496,43.53967305230076],[-70.24348652782113,43.53907409423087]]},"properties":{"n":221.81749934993235,"e":0,"m":[-70.24394572900805,43.53937357326582],"length_m":99.99999999989765}},{"type":"Feature","id":1767,"geometry":{"type":"LineString","coordinates":[[-70.24348652782113,43.53907409423087],[-70.24322916666722,43.53890625000005],[-70.24234371625157,43.538868302125096]]},"properties":{"n":183.3646305671398,"e":0,"m":[-70.24295880630883,43.53889466312755],"length_m":99.99999999997945}},{"type":"Feature","id":1768,"geometry":{"type":"LineString","coordinates":[[-70.24234371625157,43.538868302125096],[-70.24111353613701,43.53881558012019]]},"properties":{"n":183.36463056682663,"e":0,"m":[-70.24172862619429,43.53884194112265],"length_m":99.99999999971054}},{"type":"Feature","id":1769,"geometry":{"type":"LineString","coordinates":[[-70.24111353613701,43.53881558012019],[-70.23988335602245,43.53876285811528]]},"properties":{"n":183.3646305724667,"e":0,"m":[-70.24049844607973,43.53878921911773],"length_m":100.00000000069491}},{"type":"Feature","id":1770,"geometry":{"type":"LineString","coordinates":[[-70.23988335602245,43.53876285811528],[-70.23865317590788,43.53871013611037]]},"properties":{"n":183.36463056682663,"e":0,"m":[-70.23926826596517,43.53873649711282],"length_m":99.99999999971054}},{"type":"Feature","id":1771,"geometry":{"type":"LineString","coordinates":[[-70.23865317590788,43.53871013611037],[-70.23742299579334,43.53865741410546]]},"properties":{"n":183.36463057215352,"e":0,"m":[-70.2380380858506,43.53868377510791],"length_m":99.99999999976521}},{"type":"Feature","id":1772,"geometry":{"type":"LineString","coordinates":[[-70.23742299579334,43.53865741410546],[-70.23619281567876,43.53860469210055]]},"properties":{"n":183.3646305671398,"e":0,"m":[-70.23680790573604,43.53863105310301],"length_m":100.00000000064026}},{"type":"Feature","id":1773,"geometry":{"type":"LineString","coordinates":[[-70.23619281567876,43.53860469210055],[-70.23593750000055,43.538593750000054],[-70.23517888630833,43.53814547827283]]},"properties":{"n":219.0285623367715,"e":0,"m":[-70.23565753310476,43.538428315016176],"length_m":99.99999999968927}},{"type":"Feature","id":1774,"geometry":{"type":"LineString","coordinates":[[-70.23517888630833,43.53814547827283],[-70.23479166666722,43.53791666666672],[-70.23407628182103,43.538035897474415]]},"properties":{"n":167.12161728935226,"e":0,"m":[-70.23467693488331,43.537935788630705],"length_m":100.0000000002735}},{"type":"Feature","id":1775,"geometry":{"type":"LineString","coordinates":[[-70.23407628182103,43.538035897474415],[-70.23385416666721,43.53807291666672],[-70.2333268434181,43.538696116870206]]},"properties":{"n":121.66709929785411,"e":0,"m":[-70.23365031282688,43.53831383484165],"length_m":99.99999999948469}},{"type":"Feature","id":1776,"geometry":{"type":"LineString","coordinates":[[-70.2333268434181,43.538696116870206],[-70.23270833333389,43.539427083333386],[-70.23265453201824,43.53943156677636]]},"properties":{"n":121.66709930065547,"e":0,"m":[-70.23300337400933,43.53907839889877],"length_m":100.00000000001934}},{"type":"Feature","id":1777,"geometry":{"type":"LineString","coordinates":[[-70.23265453201824,43.53943156677636],[-70.23143020172128,43.539533594301105]]},"properties":{"n":173.4784422718542,"e":0,"m":[-70.23204236686976,43.53948258053873],"length_m":100.00000000017943}},{"type":"Feature","id":1778,"geometry":{"type":"LineString","coordinates":[[-70.23143020172128,43.539533594301105],[-70.23083333333389,43.53958333333339],[-70.2302493081099,43.539408125766194]]},"properties":{"n":191.6067865168634,"e":0,"m":[-70.23081909550656,43.53957906198519],"length_m":100.000000000495}},{"type":"Feature","id":1779,"geometry":{"type":"LineString","coordinates":[[-70.2302493081099,43.539408125766194],[-70.22979166666723,43.53927083333339],[-70.22963830675413,43.53874502791706]]},"properties":{"n":257.99674992381006,"e":0,"m":[-70.22976644617648,43.53918436307942],"length_m":99.99999999945281}},{"type":"Feature","id":1780,"geometry":{"type":"LineString","coordinates":[[-70.22963830675413,43.53874502791706],[-70.22942708333389,43.5380208333334],[-70.22921043652704,43.5380208333334]]},"properties":{"n":257.99674992381006,"e":0,"m":[-70.22951016733177,43.5383056927547],"length_m":99.99999999966556}},{"type":"Feature","id":1781,"geometry":{"type":"LineString","coordinates":[[-70.22921043652704,43.5380208333334],[-70.22890625000056,43.5380208333334],[-70.22876300806128,43.53868929571669]]},"properties":{"n":98.87828562275705,"e":0,"m":[-70.22885810248933,43.53824552171916],"length_m":100.00000000006078}},{"type":"Feature","id":1782,"geometry":{"type":"LineString","coordinates":[[-70.22876300806128,43.53868929571669],[-70.22859375000056,43.53947916666672],[-70.22850775151397,43.53955560976591]]},"properties":{"n":98.87828562275705,"e":0,"m":[-70.22866791363323,43.539133069714225],"length_m":99.99999999994647}},{"type":"Feature","id":1783,"geometry":{"type":"LineString","coordinates":[[-70.22850775151397,43.53955560976591],[-70.22772632140085,43.54025021431091]]},"properties":{"n":129.35482578202456,"e":0,"m":[-70.2281170364574,43.53990291203841],"length_m":100.00000000005781}},{"type":"Feature","id":1784,"geometry":{"type":"LineString","coordinates":[[-70.22772632140085,43.54025021431091],[-70.22694489128773,43.540944818855905]]},"properties":{"n":129.35482578202456,"e":0,"m":[-70.22733560634428,43.54059751658341],"length_m":100.00000000005781}},{"type":"Feature","id":1785,"geometry":{"type":"LineString","coordinates":[[-70.22694489128773,43.540944818855905],[-70.22625000000056,43.541562500000055],[-70.2263180711886,43.541648723504906]]},"properties":{"n":129.35482578202456,"e":0,"m":[-70.22655417623116,43.541292121128414],"length_m":100.00000000062643}},{"type":"Feature","id":1786,"geometry":{"type":"LineString","coordinates":[[-70.2263180711886,43.541648723504906],[-70.22693274183595,43.54242730632488]]},"properties":{"n":60.0795065345317,"e":0,"m":[-70.22662540651228,43.542038014914894],"length_m":99.99999999959977}},{"type":"Feature","id":1787,"geometry":{"type":"LineString","coordinates":[[-70.22693274183595,43.54242730632488],[-70.22703125000056,43.542552083333376],[-70.22698937619771,43.54330581178471]]},"properties":{"n":92.31911190046462,"e":0,"m":[-70.22701430884814,43.54285702407678],"length_m":100.0000000000438}},{"type":"Feature","id":1788,"geometry":{"type":"LineString","coordinates":[[-70.22698937619771,43.54330581178471],[-70.22693951089683,43.54420338720058]]},"properties":{"n":92.31911189513292,"e":0,"m":[-70.22696444354726,43.54375459949265],"length_m":100.00000000002434}},{"type":"Feature","id":1789,"geometry":{"type":"LineString","coordinates":[[-70.22693951089683,43.54420338720058],[-70.22692708333389,43.544427083333396],[-70.22638208608589,43.54497208058139]]},"properties":{"n":126.09087520419222,"e":0,"m":[-70.22674504139839,43.544609125268906],"length_m":99.99999999990504}},{"type":"Feature","id":1790,"geometry":{"type":"LineString","coordinates":[[-70.22638208608589,43.54497208058139],[-70.22609375000056,43.545260416666714],[-70.2253594057864,43.54534201046829]]},"properties":{"n":171.33354651227975,"e":0,"m":[-70.22596852288434,43.54527433079074],"length_m":100.00000000037159}},{"type":"Feature","id":1791,"geometry":{"type":"LineString","coordinates":[[-70.2253594057864,43.54534201046829],[-70.22421875000056,43.545468750000055],[-70.22417252326329,43.54551497673733]]},"properties":{"n":171.3335465070046,"e":0,"m":[-70.22475028868847,43.54540969014584],"length_m":99.99999999990463}},{"type":"Feature","id":1792,"geometry":{"type":"LineString","coordinates":[[-70.22417252326329,43.54551497673733],[-70.22375000000056,43.54593750000005],[-70.22420338164028,43.54611561421565]]},"properties":{"n":126.09087520419222,"e":0,"m":[-70.22380956795081,43.54587793204981],"length_m":99.99999999974403}},{"type":"Feature","id":1793,"geometry":{"type":"LineString","coordinates":[[-70.22420338164028,43.54611561421565],[-70.22528818143876,43.546541785565054]]},"properties":{"n":28.321198974115973,"e":0,"m":[-70.22474578153951,43.54632869989035],"length_m":99.99999999972991}},{"type":"Feature","id":1794,"geometry":{"type":"LineString","coordinates":[[-70.22528818143876,43.546541785565054],[-70.22637298123725,43.54696795691446]]},"properties":{"n":28.321198976647487,"e":0,"m":[-70.225830581338,43.546754871239756],"length_m":100.00000000054975}},{"type":"Feature","id":1795,"geometry":{"type":"LineString","coordinates":[[-70.22637298123725,43.54696795691446],[-70.22666666666723,43.54708333333338],[-70.22755953675355,43.547008927492854]]},"properties":{"n":353.47844226594657,"e":0,"m":[-70.22694737160506,43.54705994125522],"length_m":99.99999999941876}},{"type":"Feature","id":1796,"geometry":{"type":"LineString","coordinates":[[-70.22755953675355,43.547008927492854],[-70.22854166666723,43.54692708333338],[-70.22870446375109,43.54679481070276]]},"properties":{"n":353.47844226655263,"e":0,"m":[-70.22817170190201,43.54695791373048],"length_m":100.000000000113}},{"type":"Feature","id":1797,"geometry":{"type":"LineString","coordinates":[[-70.22870446375109,43.54679481070276],[-70.22937500000056,43.54625000000005],[-70.22957507869776,43.54633003147893]]},"properties":{"n":311.89820567097,"e":0,"m":[-70.2291159358539,43.546460489619214],"length_m":100.00000000011757}},{"type":"Feature","id":1798,"geometry":{"type":"LineString","coordinates":[[-70.22957507869776,43.54633003147893],[-70.23065542652667,43.5467621706105]]},"properties":{"n":28.75447751204413,"e":0,"m":[-70.23011525261221,43.54654610104472],"length_m":100.00000000001349}},{"type":"Feature","id":1799,"geometry":{"type":"LineString","coordinates":[[-70.23065542652667,43.5467621706105],[-70.23145833333389,43.54708333333338],[-70.23168236799633,43.546920399033425]]},"properties":{"n":28.754477509933,"e":0,"m":[-70.23119560044111,43.54697824017627],"length_m":100.000000000366}},{"type":"Feature","id":1800,"geometry":{"type":"LineString","coordinates":[[-70.23168236799633,43.546920399033425],[-70.23255475290789,43.546285937279556]]},"properties":{"n":315.0667251219123,"e":0,"m":[-70.23211856045211,43.54660316815649],"length_m":99.99999999999234}},{"type":"Feature","id":1801,"geometry":{"type":"LineString","coordinates":[[-70.23255475290789,43.546285937279556],[-70.23260416666722,43.54625000000005],[-70.23282804954721,43.54708156498285]]},"properties":{"n":78.89621610097575,"e":0,"m":[-70.2327093867934,43.54664081761156],"length_m":100.00000000002302}},{"type":"Feature","id":1802,"geometry":{"type":"LineString","coordinates":[[-70.23282804954721,43.54708156498285],[-70.23296875000055,43.547604166666716],[-70.2333389896214,43.54785099308061]]},"properties":{"n":78.89621610621194,"e":0,"m":[-70.23294671230101,43.547522312354126],"length_m":100.00000000010819}},{"type":"Feature","id":1803,"geometry":{"type":"LineString","coordinates":[[-70.2333389896214,43.54785099308061],[-70.23343750000055,43.547916666666715],[-70.23395833333389,43.54723958333338],[-70.23399146249477,43.54723425900395]]},"properties":{"n":299.28131522774703,"e":0,"m":[-70.23367356705589,43.54760977949477],"length_m":99.99999999936801}},{"type":"Feature","id":1804,"geometry":{"type":"LineString","coordinates":[[-70.23399146249477,43.54723425900395],[-70.23519486735884,43.5470408546508]]},"properties":{"n":347.5670051867059,"e":0,"m":[-70.2345931649268,43.54713755682737],"length_m":99.99999999987863}},{"type":"Feature","id":1805,"geometry":{"type":"LineString","coordinates":[[-70.23519486735884,43.5470408546508],[-70.23639827222293,43.54684745029764]]},"properties":{"n":347.56700519191685,"e":0,"m":[-70.23579656979088,43.546944152474225],"length_m":100.00000000007913}},{"type":"Feature","id":1806,"geometry":{"type":"LineString","coordinates":[[-70.23639827222293,43.54684745029764],[-70.23687500000055,43.54677083333338],[-70.2371482914674,43.54626629524072]]},"properties":{"n":291.54698199005213,"e":0,"m":[-70.23692200094122,43.546684062366],"length_m":100.00000000050463}},{"type":"Feature","id":1807,"geometry":{"type":"LineString","coordinates":[[-70.2371482914674,43.54626629524072],[-70.23755208333388,43.545520833333384],[-70.23768258084577,43.54550270867895]]},"properties":{"n":291.54698199201187,"e":0,"m":[-70.23737458199359,43.54584852811544],"length_m":100.00000000019922}},{"type":"Feature","id":1808,"geometry":{"type":"LineString","coordinates":[[-70.23768258084577,43.54550270867895],[-70.238893109371,43.545334579717114]]},"properties":{"n":349.212841094931,"e":0,"m":[-70.23828784510839,43.54541864419804],"length_m":99.99999999994775}},{"type":"Feature","id":1809,"geometry":{"type":"LineString","coordinates":[[-70.238893109371,43.545334579717114],[-70.23942708333388,43.545260416666714]]},"properties":{"n":349.2128410788802,"e":0,"m":[-70.23916009635244,43.545297498191914],"length_m":44.11081207502733}},{"type":"Feature","id":1810,"geometry":{"type":"LineString","coordinates":[[-70.31375000000048,43.50406250000009],[-70.31457634662591,43.5033960914312]]},"properties":{"n":312.11109362104,"e":0,"m":[-70.3141631733132,43.50372929571565],"length_m":99.99999999951815}},{"type":"Feature","id":1811,"geometry":{"type":"LineString","coordinates":[[-70.31457634662591,43.5033960914312],[-70.31536458333382,43.50276041666675],[-70.31535638425089,43.502719421252145]]},"properties":{"n":312.11109362104,"e":0,"m":[-70.31498951993862,43.50306288714675],"length_m":100.00000000021555}},{"type":"Feature","id":1812,"geometry":{"type":"LineString","coordinates":[[-70.31535638425089,43.502719421252145],[-70.31526041666714,43.50223958333342],[-70.31469331352444,43.50223958333342]]},"properties":{"n":255.3964433262962,"e":0,"m":[-70.3152674928947,43.50227496447123],"length_m":100.00000000051983}},{"type":"Feature","id":1813,"geometry":{"type":"LineString","coordinates":[[-70.31469331352444,43.50223958333342],[-70.31346100922327,43.50223958333342]]},"properties":{"n":180.0,"e":0,"m":[-70.31407716137386,43.50223958333342],"length_m":100.0}},{"type":"Feature","id":1814,"geometry":{"type":"LineString","coordinates":[[-70.31346100922327,43.50223958333342],[-70.31307291666715,43.50223958333342],[-70.31266793814707,43.50277955469354]]},"properties":{"n":118.66659516562655,"e":0,"m":[-70.31296351373881,43.50238545390456],"length_m":99.9999999994014}},{"type":"Feature","id":1815,"geometry":{"type":"LineString","coordinates":[[-70.31266793814707,43.50277955469354],[-70.31260416666714,43.50286458333343],[-70.3115324535664,43.50304320218354]]},"properties":{"n":167.12161729054156,"e":0,"m":[-70.31213310662868,43.50294309333983],"length_m":100.00000000063127}},{"type":"Feature","id":1816,"geometry":{"type":"LineString","coordinates":[[-70.3115324535664,43.50304320218354],[-70.31135416666714,43.50307291666675],[-70.31078710548586,43.5037166077374]]},"properties":{"n":122.7080351692012,"e":0,"m":[-70.3111200484322,43.50333867250101],"length_m":100.00000000022582}},{"type":"Feature","id":1817,"geometry":{"type":"LineString","coordinates":[[-70.31078710548586,43.5037166077374],[-70.31012121959317,43.504472478210175]]},"properties":{"n":122.70803517208459,"e":0,"m":[-70.31045416253951,43.50409454297379],"length_m":99.999999999573}},{"type":"Feature","id":1818,"geometry":{"type":"LineString","coordinates":[[-70.31012121959317,43.504472478210175],[-70.3094553337005,43.505228348682955]]},"properties":{"n":122.70803516471122,"e":0,"m":[-70.30978827664684,43.50485041344657],"length_m":99.9999999998534}},{"type":"Feature","id":1819,"geometry":{"type":"LineString","coordinates":[[-70.3094553337005,43.505228348682955],[-70.30942708333382,43.50526041666675],[-70.30826908669457,43.50542584475808]]},"properties":{"n":168.9121718867424,"e":0,"m":[-70.30887373746637,43.50533946607639],"length_m":99.99999999971766}},{"type":"Feature","id":1820,"geometry":{"type":"LineString","coordinates":[[-70.30826908669457,43.50542584475808],[-70.30723958333382,43.50557291666675],[-70.3071316554047,43.50568084459587]]},"properties":{"n":168.91217188047972,"e":0,"m":[-70.30766443592277,43.50551222343976],"length_m":100.0000000003264}},{"type":"Feature","id":1821,"geometry":{"type":"LineString","coordinates":[[-70.3071316554047,43.50568084459587],[-70.30640574477974,43.506406755220844]]},"properties":{"n":126.0908751998802,"e":0,"m":[-70.30676870009222,43.50604379990836],"length_m":99.99999999971507}},{"type":"Feature","id":1822,"geometry":{"type":"LineString","coordinates":[[-70.30640574477974,43.506406755220844],[-70.30625000000049,43.506562500000086],[-70.30714507799419,43.506831023398206]]},"properties":{"n":22.369142810004004,"e":0,"m":[-70.30657529059752,43.5066600871792],"length_m":100.00000000041302}},{"type":"Feature","id":1823,"geometry":{"type":"LineString","coordinates":[[-70.30714507799419,43.506831023398206],[-70.3078125000005,43.50703125000009],[-70.30832288076091,43.507021042384885]]},"properties":{"n":22.369142810004004,"e":0,"m":[-70.30771486539085,43.5070019596172],"length_m":100.00000000000851}},{"type":"Feature","id":1824,"geometry":{"type":"LineString","coordinates":[[-70.30832288076091,43.507021042384885],[-70.30955472152425,43.506996405569616]]},"properties":{"n":358.42842592507907,"e":0,"m":[-70.30893880114257,43.50700872397725],"length_m":100.00000000023346}},{"type":"Feature","id":1825,"geometry":{"type":"LineString","coordinates":[[-70.30955472152425,43.506996405569616],[-70.31078656228759,43.506971768754354]]},"properties":{"n":358.4284259249327,"e":0,"m":[-70.31017064190593,43.50698408716199],"length_m":99.99999999930247}},{"type":"Feature","id":1826,"geometry":{"type":"LineString","coordinates":[[-70.31078656228759,43.506971768754354],[-70.31201840305093,43.506947131939086]]},"properties":{"n":358.42842592507907,"e":0,"m":[-70.31140248266927,43.50695945034672],"length_m":100.00000000023346}},{"type":"Feature","id":1827,"geometry":{"type":"LineString","coordinates":[[-70.31201840305093,43.506947131939086],[-70.31302083333381,43.50692708333342],[-70.31321008952658,43.50683245523704]]},"properties":{"n":358.42842592507907,"e":0,"m":[-70.31263432343259,43.50693481353145],"length_m":99.99999999997694}},{"type":"Feature","id":1828,"geometry":{"type":"LineString","coordinates":[[-70.31321008952658,43.50683245523704],[-70.31422631813354,43.50632434093356]]},"properties":{"n":325.55375141789926,"e":0,"m":[-70.31371820383006,43.5065783980853],"length_m":100.00000000004474}},{"type":"Feature","id":1829,"geometry":{"type":"LineString","coordinates":[[-70.31422631813354,43.50632434093356],[-70.31458333333381,43.50614583333342],[-70.31451879778909,43.505565013431]]},"properties":{"n":265.3693502878223,"e":0,"m":[-70.31456854106345,43.50601270290026],"length_m":99.99999999982539}},{"type":"Feature","id":1830,"geometry":{"type":"LineString","coordinates":[[-70.31451879778909,43.505565013431],[-70.31442708333381,43.504739583333425],[-70.31437037370546,43.504682873705065]]},"properties":{"n":265.3693502882531,"e":0,"m":[-70.31446905451473,43.50511732396174],"length_m":100.00000000022769}},{"type":"Feature","id":1831,"geometry":{"type":"LineString","coordinates":[[-70.31437037370546,43.504682873705065],[-70.31375000000048,43.50406250000009]]},"properties":{"n":233.90912479872264,"e":0,"m":[-70.31406018685297,43.50437268685258],"length_m":85.46144437502215}},{"type":"Feature","id":1832,"geometry":{"type":"LineString","coordinates":[[-70.31953125000048,43.50859375000008],[-70.31953125000048,43.50807291666675],[-70.31917033611339,43.50780223125143]]},"properties":{"n":270.0,"e":0,"m":[-70.31953125000048,43.508144594412585],"length_m":100.00000000002478}},{"type":"Feature","id":1833,"geometry":{"type":"LineString","coordinates":[[-70.31917033611339,43.50780223125143],[-70.31831144337265,43.50715806169589]]},"properties":{"n":225.8147080699757,"e":0,"m":[-70.31874088974301,43.50748014647366],"length_m":99.99999999990416}},{"type":"Feature","id":1834,"geometry":{"type":"LineString","coordinates":[[-70.31831144337265,43.50715806169589],[-70.31828125000048,43.507135416666756],[-70.3170922659192,43.507135416666756]]},"properties":{"n":180.0,"e":0,"m":[-70.31770841806978,43.507135416666756],"length_m":100.00000000047002}},{"type":"Feature","id":1835,"geometry":{"type":"LineString","coordinates":[[-70.3170922659192,43.507135416666756],[-70.31671875000048,43.507135416666756],[-70.31613615440916,43.50759536055464]]},"properties":{"n":132.71815409009793,"e":0,"m":[-70.31655414740237,43.50726536608632],"length_m":99.99999999962625}},{"type":"Feature","id":1836,"geometry":{"type":"LineString","coordinates":[[-70.31613615440916,43.50759536055464],[-70.31572916666715,43.50791666666675],[-70.31535665517919,43.50754415517879]]},"properties":{"n":201.08328038162912,"e":0,"m":[-70.31571961049167,43.50790711049128],"length_m":99.99999999977439}},{"type":"Feature","id":1837,"geometry":{"type":"LineString","coordinates":[[-70.31535665517919,43.50754415517879],[-70.31489583333382,43.50708333333342],[-70.31487063859116,43.50741086498801]]},"properties":{"n":233.9091248001198,"e":0,"m":[-70.31499369986672,43.5071811998663],"length_m":99.99999999993365}},{"type":"Feature","id":1838,"geometry":{"type":"LineString","coordinates":[[-70.31487063859116,43.50741086498801],[-70.31480164611467,43.50830776718222]]},"properties":{"n":93.20947166303864,"e":0,"m":[-70.31483614235292,43.50785931608512],"length_m":100.00000000054526}},{"type":"Feature","id":1839,"geometry":{"type":"LineString","coordinates":[[-70.31480164611467,43.50830776718222],[-70.3147326536382,43.50920466937642]]},"properties":{"n":93.2094716686651,"e":0,"m":[-70.31476714987645,43.50875621827932],"length_m":99.99999999956326}},{"type":"Feature","id":1840,"geometry":{"type":"LineString","coordinates":[[-70.3147326536382,43.50920466937642],[-70.31468750000047,43.50979166666676],[-70.31499462363976,43.510006653214255]]},"properties":{"n":93.20947166303864,"e":0,"m":[-70.31469815739996,43.50965312047353],"length_m":100.00000000056129}},{"type":"Feature","id":1841,"geometry":{"type":"LineString","coordinates":[[-70.31499462363976,43.510006653214255],[-70.31588347651856,43.510628850229416]]},"properties":{"n":43.83863596380201,"e":0,"m":[-70.31543905007916,43.51031775172183],"length_m":99.99999999987541}},{"type":"Feature","id":1842,"geometry":{"type":"LineString","coordinates":[[-70.31588347651856,43.510628850229416],[-70.3167708333338,43.51125000000008],[-70.31677128728059,43.51124852467306]]},"properties":{"n":43.838635963954964,"e":0,"m":[-70.31632790295797,43.510939948737],"length_m":100.0000000000879}},{"type":"Feature","id":1843,"geometry":{"type":"LineString","coordinates":[[-70.31677128728059,43.51124852467306],[-70.31704098965609,43.51037199195263]]},"properties":{"n":282.64209634584944,"e":0,"m":[-70.31690613846834,43.510810258312844],"length_m":99.99999999980723}},{"type":"Feature","id":1844,"geometry":{"type":"LineString","coordinates":[[-70.31704098965609,43.51037199195263],[-70.31718750000047,43.50989583333342],[-70.31770253463296,43.509730286487255]]},"properties":{"n":285.8477556854071,"e":0,"m":[-70.31717584084386,43.509933725592425],"length_m":99.99999999988314}},{"type":"Feature","id":1845,"geometry":{"type":"LineString","coordinates":[[-70.31770253463296,43.509730286487255],[-70.31864583333382,43.509427083333414],[-70.31870435845187,43.50928662305009]]},"properties":{"n":336.20558668329994,"e":0,"m":[-70.31826631324174,43.509549071934444],"length_m":100.00000000027231}},{"type":"Feature","id":1846,"geometry":{"type":"LineString","coordinates":[[-70.31870435845187,43.50928662305009],[-70.31890625000048,43.50880208333342],[-70.31939518553939,43.508639104820446]]},"properties":{"n":286.8954730250305,"e":0,"m":[-70.31888342865295,43.508856854567505],"length_m":99.9999999995404}},{"type":"Feature","id":1847,"geometry":{"type":"LineString","coordinates":[[-70.31939518553939,43.508639104820446],[-70.31953125000048,43.50859375000008]]},"properties":{"n":335.4269432772441,"e":0,"m":[-70.31946321776994,43.50861642741027],"length_m":12.141060485557793}},{"type":"Feature","id":1848,"geometry":{"type":"LineString","coordinates":[[-70.47572916666701,43.11963541666711],[-70.47531250000034,43.1202604166671],[-70.47505717455078,43.1203424855616]]},"properties":{"n":115.91878251764129,"e":0,"m":[-70.47545984862302,43.12003939373308],"length_m":99.99999999973068}},{"type":"Feature","id":1849,"geometry":{"type":"LineString","coordinates":[[-70.47505717455078,43.1203424855616],[-70.47392961733324,43.12070491466724]]},"properties":{"n":156.2055866805703,"e":0,"m":[-70.474493395942,43.12052370011442],"length_m":99.99999999992873}},{"type":"Feature","id":1850,"geometry":{"type":"LineString","coordinates":[[-70.47392961733324,43.12070491466724],[-70.473854166667,43.120729166667104],[-70.47375000000034,43.12145833333377],[-70.4738290812429,43.121546201381065]]},"properties":{"n":95.94525947620798,"e":0,"m":[-70.47379888775231,43.12111611906996],"length_m":100.00000000082889}},{"type":"Feature","id":1851,"geometry":{"type":"LineString","coordinates":[[-70.4738290812429,43.121546201381065],[-70.47421875000033,43.1219791666671],[-70.47473585297904,43.12203087696497]]},"properties":{"n":56.73225063538365,"e":0,"m":[-70.474167072905,43.12192174767229],"length_m":99.99999999978994}},{"type":"Feature","id":1852,"geometry":{"type":"LineString","coordinates":[[-70.47473585297904,43.12203087696497],[-70.47578125000034,43.122135416667106],[-70.4758796551509,43.12224276774046]]},"properties":{"n":7.811087746791383,"e":0,"m":[-70.47534628819797,43.122091920486874],"length_m":99.99999999969724}},{"type":"Feature","id":1853,"geometry":{"type":"LineString","coordinates":[[-70.4758796551509,43.12224276774046],[-70.476354166667,43.1227604166671],[-70.47672838992487,43.12272032131804]]},"properties":{"n":56.248312451987076,"e":0,"m":[-70.47622198603389,43.122616219612794],"length_m":99.99999999961588}},{"type":"Feature","id":1854,"geometry":{"type":"LineString","coordinates":[[-70.47672838992487,43.12272032131804],[-70.47781250000034,43.1226041666671],[-70.47782664329104,43.12250516363215]]},"properties":{"n":351.63860779918684,"e":0,"m":[-70.47733799271327,43.122655006733574],"length_m":100.00000000074846}},{"type":"Feature","id":1855,"geometry":{"type":"LineString","coordinates":[[-70.47782664329104,43.12250516363215],[-70.477916666667,43.121875000000436],[-70.47778711658037,43.12162767710779]]},"properties":{"n":275.945259476208,"e":0,"m":[-70.47789046325076,43.12205842391413],"length_m":99.99999999918907}},{"type":"Feature","id":1856,"geometry":{"type":"LineString","coordinates":[[-70.47778711658037,43.12162767710779],[-70.477347529072,43.12078846459181]]},"properties":{"n":249.10110799466773,"e":0,"m":[-70.47756732282619,43.1212080708498],"length_m":100.00000000044484}},{"type":"Feature","id":1857,"geometry":{"type":"LineString","coordinates":[[-70.477347529072,43.12078846459181],[-70.47690794156362,43.11994925207583]]},"properties":{"n":249.10110799466773,"e":0,"m":[-70.47712773531781,43.12036885833382],"length_m":100.00000000044484}},{"type":"Feature","id":1858,"geometry":{"type":"LineString","coordinates":[[-70.47690794156362,43.11994925207583],[-70.47677083333366,43.11968750000044],[-70.47592487483954,43.11964520207574]]},"properties":{"n":183.9237752494415,"e":0,"m":[-70.47653958271073,43.119675937469296],"length_m":99.99999999994387}},{"type":"Feature","id":1859,"geometry":{"type":"LineString","coordinates":[[-70.47592487483954,43.11964520207574],[-70.47572916666701,43.11963541666711]]},"properties":{"n":183.9237752160728,"e":0,"m":[-70.47582702075327,43.11964030937142],"length_m":15.918795064902957}},{"type":"Feature","id":1860,"geometry":{"type":"LineString","coordinates":[[-70.6154687500002,42.98807291666722],[-70.6160937500002,42.987864583333895],[-70.61638172997907,42.98752723535866]]},"properties":{"n":335.42694325620903,"e":0,"m":[-70.61602909833738,42.987886133888175],"length_m":99.99999999996513}},{"type":"Feature","id":1861,"geometry":{"type":"LineString","coordinates":[[-70.61638172997907,42.98752723535866],[-70.61703281000702,42.98676454161163]]},"properties":{"n":301.8936032816858,"e":0,"m":[-70.61670726999304,42.98714588848515],"length_m":100.00000000003976}},{"type":"Feature","id":1862,"geometry":{"type":"LineString","coordinates":[[-70.61703281000702,42.98676454161163],[-70.61768389003497,42.9860018478646]]},"properties":{"n":301.8936032816858,"e":0,"m":[-70.617358350021,42.98638319473811],"length_m":100.00000000003976}},{"type":"Feature","id":1863,"geometry":{"type":"LineString","coordinates":[[-70.61768389003497,42.9860018478646],[-70.61791666666687,42.98572916666723],[-70.61743469100897,42.985271289792216]]},"properties":{"n":232.49969673854434,"e":0,"m":[-70.61780978325993,42.98562762743064],"length_m":99.99999999952131}},{"type":"Feature","id":1864,"geometry":{"type":"LineString","coordinates":[[-70.61743469100897,42.985271289792216],[-70.6168750000002,42.98473958333389],[-70.61656658381962,42.98470103131132]]},"properties":{"n":232.4996967395293,"e":0,"m":[-70.61705959875799,42.9849149521538],"length_m":100.00000000038537}},{"type":"Feature","id":1865,"geometry":{"type":"LineString","coordinates":[[-70.61656658381962,42.98470103131132],[-70.61535200669701,42.984549209171]]},"properties":{"n":189.73017073734698,"e":0,"m":[-70.6159592952583,42.984625120241155],"length_m":100.00000000040136}},{"type":"Feature","id":1866,"geometry":{"type":"LineString","coordinates":[[-70.61535200669701,42.984549209171],[-70.61437500000021,42.9844270833339],[-70.61425357262569,42.98427529911574]]},"properties":{"n":189.73017073644516,"e":0,"m":[-70.61474471813571,42.98447329810084],"length_m":99.99999999955601}},{"type":"Feature","id":1867,"geometry":{"type":"LineString","coordinates":[[-70.61425357262569,42.98427529911574],[-70.61375000000021,42.983645833333895],[-70.61373121412386,42.98347676044674]]},"properties":{"n":239.7503361180773,"e":0,"m":[-70.61394317432871,42.98388730124451],"length_m":100.000000000028}},{"type":"Feature","id":1868,"geometry":{"type":"LineString","coordinates":[[-70.61373121412386,42.98347676044674],[-70.61363172757514,42.982581381508226]]},"properties":{"n":265.36935029357176,"e":0,"m":[-70.6136814708495,42.98302907097748],"length_m":100.0000000002097}},{"type":"Feature","id":1869,"geometry":{"type":"LineString","coordinates":[[-70.61363172757514,42.982581381508226],[-70.6135937500002,42.9822395833339],[-70.6131449454313,42.981790778764996]]},"properties":{"n":233.90912479580777,"e":0,"m":[-70.6135079007438,42.982153734077485],"length_m":100.00000000020371}},{"type":"Feature","id":1870,"geometry":{"type":"LineString","coordinates":[[-70.6131449454313,42.981790778764996],[-70.6129687500002,42.98161458333389],[-70.6129687500002,42.9809343132225]]},"properties":{"n":270.0,"e":0,"m":[-70.6129687500002,42.981383468809994],"length_m":99.99999999985909}},{"type":"Feature","id":1871,"geometry":{"type":"LineString","coordinates":[[-70.6129687500002,42.9809343132225],[-70.6129687500002,42.980052083333895],[-70.61298193999352,42.98003919311316]]},"properties":{"n":270.0,"e":0,"m":[-70.6129687500002,42.980485157635],"length_m":100.00000000008367}},{"type":"Feature","id":1872,"geometry":{"type":"LineString","coordinates":[[-70.61298193999352,42.98003919311316],[-70.61371874164657,42.97931913695223]]},"properties":{"n":306.72004470621494,"e":0,"m":[-70.61335034082005,42.97967916503269],"length_m":99.9999999994027}},{"type":"Feature","id":1873,"geometry":{"type":"LineString","coordinates":[[-70.61371874164657,42.97931913695223],[-70.6144555432996,42.9785990807913]]},"properties":{"n":306.7200447030244,"e":0,"m":[-70.61408714247308,42.97895910887177],"length_m":100.00000000014921}},{"type":"Feature","id":1874,"geometry":{"type":"LineString","coordinates":[[-70.6144555432996,42.9785990807913],[-70.61519234495265,42.977879024630376]]},"properties":{"n":306.7200447104921,"e":0,"m":[-70.61482394412612,42.97823905271083],"length_m":99.99999999995954}},{"type":"Feature","id":1875,"geometry":{"type":"LineString","coordinates":[[-70.61519234495265,42.977879024630376],[-70.61526041666687,42.97781250000057],[-70.61539531104421,42.977003133736574]]},"properties":{"n":276.92718674242855,"e":0,"m":[-70.61532099823538,42.97744901058955],"length_m":99.99999999997645}},{"type":"Feature","id":1876,"geometry":{"type":"LineString","coordinates":[[-70.61539531104421,42.977003133736574],[-70.61541666666687,42.97687500000057],[-70.61510416666687,42.976354166667235],[-70.61484365493942,42.97628903873537]]},"properties":{"n":246.3763368448851,"e":0,"m":[-70.61524071301194,42.97658174390904],"length_m":100.0000000002106}},{"type":"Feature","id":1877,"geometry":{"type":"LineString","coordinates":[[-70.61484365493942,42.97628903873537],[-70.61406250000022,42.97609375000057],[-70.61399976423634,42.97580098310247]]},"properties":{"n":198.92941969248278,"e":0,"m":[-70.61426082496746,42.97614333124238],"length_m":100.0000000000883}},{"type":"Feature","id":1878,"geometry":{"type":"LineString","coordinates":[[-70.61399976423634,42.97580098310247],[-70.61380957538026,42.97491343510741]]},"properties":{"n":261.12171437724294,"e":0,"m":[-70.61390466980829,42.97535720910494],"length_m":99.99999999952453}},{"type":"Feature","id":1879,"geometry":{"type":"LineString","coordinates":[[-70.61380957538026,42.97491343510741],[-70.61361938652416,42.97402588711235]]},"properties":{"n":261.1217143780665,"e":0,"m":[-70.61371448095221,42.97446966110988],"length_m":100.0000000004447}},{"type":"Feature","id":1880,"geometry":{"type":"LineString","coordinates":[[-70.61361938652416,42.97402588711235],[-70.6135937500002,42.973906250000574],[-70.61288829463277,42.97332348252313]]},"properties":{"n":228.57366819433307,"e":0,"m":[-70.61329597572612,42.973660262556756],"length_m":100.00000000042779}},{"type":"Feature","id":1881,"geometry":{"type":"LineString","coordinates":[[-70.61288829463277,42.97332348252313],[-70.61239583333355,42.97291666666724],[-70.61231487461282,42.973267487790395]]},"properties":{"n":228.57366819433307,"e":0,"m":[-70.61248061353945,42.9729867024895],"length_m":99.99999999958698}},{"type":"Feature","id":1882,"geometry":{"type":"LineString","coordinates":[[-70.61231487461282,42.973267487790395],[-70.61211044445443,42.97415335181005]]},"properties":{"n":99.5490910463697,"e":0,"m":[-70.61221265953363,42.97371041980022],"length_m":99.99999999970377}},{"type":"Feature","id":1883,"geometry":{"type":"LineString","coordinates":[[-70.61211044445443,42.97415335181005],[-70.61192708333354,42.97494791666723],[-70.61181303169529,42.974988649395186]]},"properties":{"n":99.54909104022232,"e":0,"m":[-70.61200822937523,42.97459628381989],"length_m":100.00000000026313}},{"type":"Feature","id":1884,"geometry":{"type":"LineString","coordinates":[[-70.61181303169529,42.974988649395186],[-70.61070640333239,42.97538387381051]]},"properties":{"n":153.89842732056954,"e":0,"m":[-70.61125971751383,42.97518626160284],"length_m":100.00000000006382}},{"type":"Feature","id":1885,"geometry":{"type":"LineString","coordinates":[[-70.61070640333239,42.97538387381051],[-70.60973958333355,42.975729166667236],[-70.60969105697293,42.97583700302417]]},"properties":{"n":153.89842732301372,"e":0,"m":[-70.61015308915093,42.97558148601817],"length_m":100.00000000031756}},{"type":"Feature","id":1886,"geometry":{"type":"LineString","coordinates":[[-70.60969105697293,42.97583700302417],[-70.60930695515351,42.97669056262285]]},"properties":{"n":108.1613466516187,"e":0,"m":[-70.60949900606322,42.97626378282351],"length_m":100.00000000009136}},{"type":"Feature","id":1887,"geometry":{"type":"LineString","coordinates":[[-70.60930695515351,42.97669056262285],[-70.60927083333354,42.9767708333339],[-70.60817263667566,42.97691725955495]]},"properties":{"n":169.6347867409212,"e":0,"m":[-70.60877873377181,42.97683644660879],"length_m":99.99999999945294}},{"type":"Feature","id":1888,"geometry":{"type":"LineString","coordinates":[[-70.60817263667566,42.97691725955495],[-70.60696044248333,42.97707888544726]]},"properties":{"n":169.63478673996107,"e":0,"m":[-70.6075665395795,42.976998072501104],"length_m":100.00000000031626}},{"type":"Feature","id":1889,"geometry":{"type":"LineString","coordinates":[[-70.60696044248333,42.97707888544726],[-70.60574824829101,42.97724051133957]]},"properties":{"n":169.6347867409212,"e":0,"m":[-70.60635434538716,42.977159698393415],"length_m":99.99999999940015}},{"type":"Feature","id":1890,"geometry":{"type":"LineString","coordinates":[[-70.60574824829101,42.97724051133957],[-70.60458333333355,42.9773958333339],[-70.60460181505137,42.97742817634009]]},"properties":{"n":169.6347867409212,"e":0,"m":[-70.60514215119483,42.97732132428573],"length_m":100.00000000040083}},{"type":"Feature","id":1891,"geometry":{"type":"LineString","coordinates":[[-70.60460181505137,42.97742817634009],[-70.60507566855311,42.97825741996815]]},"properties":{"n":67.38566000758527,"e":0,"m":[-70.60483874180224,42.97784279815412],"length_m":100.00000000040994}},{"type":"Feature","id":1892,"geometry":{"type":"LineString","coordinates":[[-70.60507566855311,42.97825741996815],[-70.60541666666688,42.97885416666723],[-70.6053887733961,42.97910520610417]]},"properties":{"n":67.38566001045922,"e":0,"m":[-70.605312595304,42.97867204178218],"length_m":99.99999999932623}},{"type":"Feature","id":1893,"geometry":{"type":"LineString","coordinates":[[-70.6053887733961,42.97910520610417],[-70.60528928684738,42.98000058504269]]},"properties":{"n":94.63064970642823,"e":0,"m":[-70.60533903012174,42.979552895573434],"length_m":100.0000000002097}},{"type":"Feature","id":1894,"geometry":{"type":"LineString","coordinates":[[-70.60528928684738,42.98000058504269],[-70.60526041666688,42.980260416667235],[-70.60474515935175,42.980775673982365]]},"properties":{"n":126.09087520419222,"e":0,"m":[-70.60510811466423,42.98041271866988],"length_m":99.99999999995663}},{"type":"Feature","id":1895,"geometry":{"type":"LineString","coordinates":[[-70.60474515935175,42.980775673982365],[-70.60458333333355,42.980937500000564],[-70.60364539545864,42.98107819068181]]},"properties":{"n":168.37253225305727,"e":0,"m":[-70.6042489033906,42.980987664492005],"length_m":99.99999999978402}},{"type":"Feature","id":1896,"geometry":{"type":"LineString","coordinates":[[-70.60364539545864,42.98107819068181],[-70.60243837959473,42.98125924306138]]},"properties":{"n":168.37253225828385,"e":0,"m":[-70.60304188752669,42.98116871687159],"length_m":100.00000000031999}},{"type":"Feature","id":1897,"geometry":{"type":"LineString","coordinates":[[-70.60243837959473,42.98125924306138],[-70.60145833333355,42.98140625000056],[-70.60136547480808,42.98156101420971]]},"properties":{"n":168.3725322519818,"e":0,"m":[-70.60183487166279,42.981349769251175],"length_m":99.99999999951608}},{"type":"Feature","id":1898,"geometry":{"type":"LineString","coordinates":[[-70.60136547480808,42.98156101420971],[-70.60114583333356,42.98192708333389],[-70.60047884665236,42.982038247780764]]},"properties":{"n":167.12161728935226,"e":0,"m":[-70.60107949971466,42.981938138937046],"length_m":100.00000000075296}},{"type":"Feature","id":1899,"geometry":{"type":"LineString","coordinates":[[-70.60047884665236,42.982038247780764],[-70.59989583333356,42.982135416667234],[-70.59961860606292,42.98255125757318]]},"properties":{"n":133.5104182639265,"e":0,"m":[-70.59988792410691,42.982147280507206],"length_m":99.9999999999666}},{"type":"Feature","id":1900,"geometry":{"type":"LineString","coordinates":[[-70.59961860606292,42.98255125757318],[-70.59958333333356,42.98260416666723],[-70.600380498125,42.983210011908724]]},"properties":{"n":46.19391993993965,"e":0,"m":[-70.59995398543056,42.98288586226095],"length_m":99.99999999984098}},{"type":"Feature","id":1901,"geometry":{"type":"LineString","coordinates":[[-70.600380498125,42.983210011908724],[-70.60088541666688,42.98359375000056],[-70.60138621164515,42.98362713633245]]},"properties":{"n":46.193919940096876,"e":0,"m":[-70.60080701081945,42.98353416155651],"length_m":100.00000000015159}},{"type":"Feature","id":1902,"geometry":{"type":"LineString","coordinates":[[-70.60138621164515,42.98362713633245],[-70.60261339472055,42.98370894853747]]},"properties":{"n":5.2253589318813525,"e":0,"m":[-70.60199980318285,42.983668042434964],"length_m":99.99999999959294}},{"type":"Feature","id":1903,"geometry":{"type":"LineString","coordinates":[[-70.60261339472055,42.98370894853747],[-70.60384057779595,42.9837907607425]]},"properties":{"n":5.225358937195262,"e":0,"m":[-70.60322698625824,42.98374985463999],"length_m":99.99999999967777}},{"type":"Feature","id":1904,"geometry":{"type":"LineString","coordinates":[[-70.60384057779595,42.9837907607425],[-70.60506776087135,42.983872572947526]]},"properties":{"n":5.225358931395377,"e":0,"m":[-70.60445416933365,42.98383166684501],"length_m":100.0000000005204}},{"type":"Feature","id":1905,"geometry":{"type":"LineString","coordinates":[[-70.60506776087135,42.983872572947526],[-70.60629494394675,42.98395438515256]]},"properties":{"n":5.225358937195262,"e":0,"m":[-70.60568135240906,42.983913479050045],"length_m":99.99999999967777}},{"type":"Feature","id":1906,"geometry":{"type":"LineString","coordinates":[[-70.60629494394675,42.98395438515256],[-70.60752212702216,42.98403619735758]]},"properties":{"n":5.225358931395377,"e":0,"m":[-70.60690853548445,42.98399529125507],"length_m":100.0000000005204}},{"type":"Feature","id":1907,"geometry":{"type":"LineString","coordinates":[[-70.60752212702216,42.98403619735758],[-70.60791666666688,42.98406250000056],[-70.60840919685677,42.98455503019044]]},"properties":{"n":53.90912479580779,"e":0,"m":[-70.60804624154427,42.98419207487796],"length_m":100.00000000000253}},{"type":"Feature","id":1908,"geometry":{"type":"LineString","coordinates":[[-70.60840919685677,42.98455503019044],[-70.60859375000021,42.9847395833339],[-70.60866794341413,42.9854073240591]]},"properties":{"n":85.3693502878223,"e":0,"m":[-70.60861820013977,42.98495963458985],"length_m":99.99999999934559}},{"type":"Feature","id":1909,"geometry":{"type":"LineString","coordinates":[[-70.60866794341413,42.9854073240591],[-70.60876742996285,42.98630270299762]]},"properties":{"n":85.36935029357177,"e":0,"m":[-70.6087176866885,42.985855013528365],"length_m":100.0000000002097}},{"type":"Feature","id":1910,"geometry":{"type":"LineString","coordinates":[[-70.60876742996285,42.98630270299762],[-70.60880208333354,42.98661458333389],[-70.6092504122436,42.98710027298645]]},"properties":{"n":56.063621951978234,"e":0,"m":[-70.6089064317593,42.98672762746178],"length_m":100.00000000060709}},{"type":"Feature","id":1911,"geometry":{"type":"LineString","coordinates":[[-70.6092504122436,42.98710027298645],[-70.60942708333354,42.98729166666723],[-70.60949839700638,42.987957260946985]]},"properties":{"n":85.53404929601952,"e":0,"m":[-70.60945041930773,42.98750946909298],"length_m":99.99999999990212}},{"type":"Feature","id":1912,"geometry":{"type":"LineString","coordinates":[[-70.60949839700638,42.987957260946985],[-70.60959435240368,42.988852844655]]},"properties":{"n":85.53404929069964,"e":0,"m":[-70.60954637470502,42.98840505280099],"length_m":100.00000000005225}},{"type":"Feature","id":1913,"geometry":{"type":"LineString","coordinates":[[-70.60959435240368,42.988852844655],[-70.60969030780096,42.989748428363015]]},"properties":{"n":85.53404929069964,"e":0,"m":[-70.60964233010232,42.98930063650901],"length_m":100.00000000005225}},{"type":"Feature","id":1914,"geometry":{"type":"LineString","coordinates":[[-70.60969030780096,42.989748428363015],[-70.60973958333355,42.99020833333389],[-70.61007829750079,42.990568900028045]]},"properties":{"n":74.70216444817765,"e":0,"m":[-70.6097382854996,42.99019622021702],"length_m":99.99999999957842}},{"type":"Feature","id":1915,"geometry":{"type":"LineString","coordinates":[[-70.61007829750079,42.990568900028045],[-70.6107745602834,42.991310082990196]]},"properties":{"n":55.597097133270886,"e":0,"m":[-70.6104264288921,42.99093949150912],"length_m":99.99999999973834}},{"type":"Feature","id":1916,"geometry":{"type":"LineString","coordinates":[[-70.6107745602834,42.991310082990196],[-70.61135416666687,42.99192708333389],[-70.61153725244797,42.991996655930706]]},"properties":{"n":55.597097137673614,"e":0,"m":[-70.61112269167471,42.991680674471276],"length_m":100.00000000022379}},{"type":"Feature","id":1917,"geometry":{"type":"LineString","coordinates":[[-70.61153725244797,42.991996655930706],[-70.61262999846389,42.99241189941675]]},"properties":{"n":27.53232998537363,"e":0,"m":[-70.61208362545592,42.99220427767373],"length_m":100.00000000012777}},{"type":"Feature","id":1918,"geometry":{"type":"LineString","coordinates":[[-70.61262999846389,42.99241189941675],[-70.61372274447979,42.99282714290279]]},"properties":{"n":27.532329990105403,"e":0,"m":[-70.61317637147184,42.992619521159774],"length_m":99.99999999969727}},{"type":"Feature","id":1919,"geometry":{"type":"LineString","coordinates":[[-70.61372274447979,42.99282714290279],[-70.61395833333354,42.99291666666722],[-70.6145454252099,42.99235688138976]]},"properties":{"n":307.3989275697156,"e":0,"m":[-70.61417119844194,42.99271370226154],"length_m":100.00000000011512}},{"type":"Feature","id":1920,"geometry":{"type":"LineString","coordinates":[[-70.6145454252099,42.99235688138976],[-70.61529387874583,42.9916432396462]]},"properties":{"n":307.39892757295655,"e":0,"m":[-70.61491965197787,42.992000060517974],"length_m":100.000000000222}},{"type":"Feature","id":1921,"geometry":{"type":"LineString","coordinates":[[-70.61529387874583,42.9916432396462],[-70.61604233228176,42.990929597902635]]},"properties":{"n":307.39892757295655,"e":0,"m":[-70.61566810551379,42.99128641877442],"length_m":100.000000000222}},{"type":"Feature","id":1922,"geometry":{"type":"LineString","coordinates":[[-70.61604233228176,42.990929597902635],[-70.61619791666688,42.99078125000055],[-70.61619791666688,42.99006967478858]]},"properties":{"n":270.0,"e":0,"m":[-70.61619791666688,42.990518830376075],"length_m":99.99999999967167}},{"type":"Feature","id":1923,"geometry":{"type":"LineString","coordinates":[[-70.61619791666688,42.99006967478858],[-70.61619791666688,42.98921875000055],[-70.61615580315538,42.98918265270497]]},"properties":{"n":270.0,"e":0,"m":[-70.61619791666688,42.98962051920108],"length_m":99.99999999991547}},{"type":"Feature","id":1924,"geometry":{"type":"LineString","coordinates":[[-70.61615580315538,42.98918265270497],[-70.6154687500002,42.988593750000554],[-70.6154687500002,42.98846851533969]]},"properties":{"n":229.62005285200897,"e":0,"m":[-70.61575662693166,42.98884050165608],"length_m":99.99999999991623}},{"type":"Feature","id":1925,"geometry":{"type":"LineString","coordinates":[[-70.6154687500002,42.98846851533969],[-70.6154687500002,42.98807291666722]]},"properties":{"n":270.0,"e":0,"m":[-70.6154687500002,42.98827071600345],"length_m":44.03804421890527}},{"type":"Feature","id":1926,"geometry":{"type":"LineString","coordinates":[[-70.60510416666688,43.00385416666721],[-70.60406250000023,43.00380208333388],[-70.6039722228999,43.003922452800985]]},"properties":{"n":183.9237752494415,"e":0,"m":[-70.60448945879568,43.00382343127365],"length_m":100.00000000018113}},{"type":"Feature","id":1927,"geometry":{"type":"LineString","coordinates":[[-70.6039722228999,43.003922452800985],[-70.60359375000021,43.00442708333387],[-70.60316620378181,43.00451259257755]]},"properties":{"n":118.66659516562655,"e":0,"m":[-70.60367664730815,43.004316553589966],"length_m":100.00000000014704}},{"type":"Feature","id":1928,"geometry":{"type":"LineString","coordinates":[[-70.60316620378181,43.00451259257755],[-70.60197781515802,43.00475027030232]]},"properties":{"n":164.6578332455405,"e":0,"m":[-70.60257200946991,43.00463143143993],"length_m":99.99999999970976}},{"type":"Feature","id":1929,"geometry":{"type":"LineString","coordinates":[[-70.60197781515802,43.00475027030232],[-70.60125000000022,43.004895833333876],[-70.60144644580282,43.005213168861175]]},"properties":{"n":164.65783324412865,"e":0,"m":[-70.60138362084612,43.0048691091647],"length_m":100.00000000005461}},{"type":"Feature","id":1930,"geometry":{"type":"LineString","coordinates":[[-70.60144644580282,43.005213168861175],[-70.60195332249948,43.00603196967886]]},"properties":{"n":65.71194793889894,"e":0,"m":[-70.60169988415116,43.00562256927002],"length_m":99.99999999987828}},{"type":"Feature","id":1931,"geometry":{"type":"LineString","coordinates":[[-70.60195332249948,43.00603196967886],[-70.60246019919613,43.00685077049654]]},"properties":{"n":65.71194793889894,"e":0,"m":[-70.6022067608478,43.0064413700877],"length_m":99.99999999987828}},{"type":"Feature","id":1932,"geometry":{"type":"LineString","coordinates":[[-70.60246019919613,43.00685077049654],[-70.60260416666688,43.007083333333874],[-70.6029652891349,43.00649650932333]]},"properties":{"n":294.16081723141025,"e":0,"m":[-70.60271309857235,43.006906318987475],"length_m":100.00000000013415}},{"type":"Feature","id":1933,"geometry":{"type":"LineString","coordinates":[[-70.6029652891349,43.00649650932333],[-70.60302083333355,43.00640625000053],[-70.60408984746165,43.00622808097919]]},"properties":{"n":347.12161728935223,"e":0,"m":[-70.60348919439937,43.0063281898229],"length_m":99.99999999989998}},{"type":"Feature","id":1934,"geometry":{"type":"LineString","coordinates":[[-70.60408984746165,43.00622808097919],[-70.60427083333354,43.00619791666721],[-70.60493193122984,43.00560640802315]]},"properties":{"n":309.17072500700465,"e":0,"m":[-70.60454274903452,43.005954623671606],"length_m":100.00000000006318}},{"type":"Feature","id":1935,"geometry":{"type":"LineString","coordinates":[[-70.60493193122984,43.00560640802315],[-70.60526041666688,43.00531250000054],[-70.60520495637829,43.004794870640445]]},"properties":{"n":265.5340492906996,"e":0,"m":[-70.60525293407694,43.00524266249445],"length_m":100.00000000020125}},{"type":"Feature","id":1936,"geometry":{"type":"LineString","coordinates":[[-70.60520495637829,43.004794870640445],[-70.60510900098102,43.00389928693243]]},"properties":{"n":265.53404929601953,"e":0,"m":[-70.60515697867964,43.00434707878644],"length_m":99.99999999997975}},{"type":"Feature","id":1937,"geometry":{"type":"LineString","coordinates":[[-70.60510900098102,43.00389928693243],[-70.60510416666688,43.00385416666721]]},"properties":{"n":265.5340493455929,"e":0,"m":[-70.60510658382395,43.003876726799824],"length_m":5.038084638340665}},{"type":"Feature","id":1938,"geometry":{"type":"LineString","coordinates":[[-70.20012323043012,43.588522602903815],[-70.20057291666726,43.588072916666675],[-70.20103648061497,43.58802140956138]]},"properties":{"n":306.09087520419223,"e":0,"m":[-70.20048618574262,43.588159647591326],"length_m":100.00000000025616}},{"type":"Feature","id":1939,"geometry":{"type":"LineString","coordinates":[[-70.20103648061497,43.58802140956138],[-70.20225471481085,43.587886050206286]]},"properties":{"n":351.3335465122798,"e":0,"m":[-70.20164559771291,43.587953729883836],"length_m":100.00000000009801}},{"type":"Feature","id":1940,"geometry":{"type":"LineString","coordinates":[[-70.20225471481085,43.587886050206286],[-70.20244791666725,43.58786458333335],[-70.20302083333391,43.58723958333334],[-70.20302638385054,43.58723865824724]]},"properties":{"n":303.7516875480129,"e":0,"m":[-70.2026816658632,43.5876095842105],"length_m":99.99999999972324}},{"type":"Feature","id":1941,"geometry":{"type":"LineString","coordinates":[[-70.20302638385054,43.58723865824724],[-70.20395833333392,43.58708333333335],[-70.2040772170456,43.58726515548063]]},"properties":{"n":347.12161728935223,"e":0,"m":[-70.20362703691283,43.58713854940353],"length_m":100.0000000001789}},{"type":"Feature","id":1942,"geometry":{"type":"LineString","coordinates":[[-70.2040772170456,43.58726515548063],[-70.20460742758848,43.58807606572271]]},"properties":{"n":64.51597482389802,"e":0,"m":[-70.20434232231705,43.58767061060167],"length_m":99.99999999986454}},{"type":"Feature","id":1943,"geometry":{"type":"LineString","coordinates":[[-70.20460742758848,43.58807606572271],[-70.20484375000058,43.58843750000001],[-70.20551641616997,43.58852398565036]]},"properties":{"n":10.002636831467841,"e":0,"m":[-70.20490962967969,43.58844597024447],"length_m":99.99999999945486}},{"type":"Feature","id":1944,"geometry":{"type":"LineString","coordinates":[[-70.20551641616997,43.58852398565036],[-70.20672998915057,43.588680016462156]]},"properties":{"n":10.002636827139709,"e":0,"m":[-70.20612320266027,43.58860200105626],"length_m":100.00000000074907}},{"type":"Feature","id":1945,"geometry":{"type":"LineString","coordinates":[[-70.20672998915057,43.588680016462156],[-70.20794356213115,43.588836047273944]]},"properties":{"n":10.002636826212866,"e":0,"m":[-70.20733677564087,43.588758031868046],"length_m":99.9999999998319}},{"type":"Feature","id":1946,"geometry":{"type":"LineString","coordinates":[[-70.20794356213115,43.588836047273944],[-70.20848958333391,43.58890625000001],[-70.2088569444641,43.589321527799356]]},"properties":{"n":57.183775978699636,"e":0,"m":[-70.20852302314404,43.58894405152451],"length_m":100.00000000008271}},{"type":"Feature","id":1947,"geometry":{"type":"LineString","coordinates":[[-70.2088569444641,43.589321527799356],[-70.2095247871042,43.59007648034905]]},"properties":{"n":57.18377598318415,"e":0,"m":[-70.20919086578415,43.5896990040742],"length_m":100.0000000001117}},{"type":"Feature","id":1948,"geometry":{"type":"LineString","coordinates":[[-70.2095247871042,43.59007648034905],[-70.20968750000057,43.59026041666667],[-70.21058173094772,43.590452037583916]]},"properties":{"n":16.381088909776178,"e":0,"m":[-70.20999059019229,43.5903253645649],"length_m":99.99999999991724}},{"type":"Feature","id":1949,"geometry":{"type":"LineString","coordinates":[[-70.21058173094772,43.590452037583916],[-70.21114583333392,43.59057291666667],[-70.21133309408211,43.59102234246236]]},"properties":{"n":58.61266390256255,"e":0,"m":[-70.21115402388104,43.59059257397978],"length_m":99.99999999982091}},{"type":"Feature","id":1950,"geometry":{"type":"LineString","coordinates":[[-70.21133309408211,43.59102234246236],[-70.21140625000058,43.59119791666668],[-70.2119270833339,43.59119791666668],[-70.21212217465312,43.59089444128125]]},"properties":{"n":0.0,"e":0,"m":[-70.21177068424265,43.59119791666668],"length_m":99.99999999951743}},{"type":"Feature","id":1951,"geometry":{"type":"LineString","coordinates":[[-70.21212217465312,43.59089444128125],[-70.21239583333391,43.59046875000001],[-70.21298185550525,43.590498051108575]]},"properties":{"n":311.7916469063252,"e":0,"m":[-70.2123836322627,43.59048772944413],"length_m":100.0000000001881}},{"type":"Feature","id":1952,"geometry":{"type":"LineString","coordinates":[[-70.21298185550525,43.590498051108575],[-70.21343750000057,43.59052083333334],[-70.21370309790676,43.59105202914573]]},"properties":{"n":69.9739952463767,"e":0,"m":[-70.21349209869462,43.59063003072144],"length_m":100.00000000041899}},{"type":"Feature","id":1953,"geometry":{"type":"LineString","coordinates":[[-70.21370309790676,43.59105202914573],[-70.21412509633105,43.59189602599429]]},"properties":{"n":69.97399524820402,"e":0,"m":[-70.21391409711889,43.59147402757],"length_m":99.9999999998705}},{"type":"Feature","id":1954,"geometry":{"type":"LineString","coordinates":[[-70.21412509633105,43.59189602599429],[-70.21453125000058,43.59270833333334],[-70.21453125000058,43.59274206218028]]},"properties":{"n":69.97399524820402,"e":0,"m":[-70.21433609554319,43.59231802441857],"length_m":100.00000000023282}},{"type":"Feature","id":1955,"geometry":{"type":"LineString","coordinates":[[-70.21453125000058,43.59274206218028],[-70.21453125000058,43.593640373355264]]},"properties":{"n":90.0,"e":0,"m":[-70.21453125000058,43.593191217767775],"length_m":100.0}},{"type":"Feature","id":1956,"geometry":{"type":"LineString","coordinates":[[-70.21453125000058,43.593640373355264],[-70.21453125000058,43.59453868453026]]},"properties":{"n":90.0,"e":0,"m":[-70.21453125000058,43.59408952894276],"length_m":100.0}},{"type":"Feature","id":1957,"geometry":{"type":"LineString","coordinates":[[-70.21453125000058,43.59453868453026],[-70.21453125000058,43.59479166666667],[-70.2142450021448,43.59540232875896]]},"properties":{"n":108.86550524030942,"e":0,"m":[-70.21444423356962,43.594977301719375],"length_m":100.00000000012318}},{"type":"Feature","id":1958,"geometry":{"type":"LineString","coordinates":[[-70.2142450021448,43.59540232875896],[-70.2138465392952,43.59625238283812]]},"properties":{"n":108.86550523525997,"e":0,"m":[-70.21404577072,43.59582735579854],"length_m":99.99999999967802}},{"type":"Feature","id":1959,"geometry":{"type":"LineString","coordinates":[[-70.2138465392952,43.59625238283812],[-70.21375000000057,43.59645833333334],[-70.21423478492764,43.597040075245815]]},"properties":{"n":58.72241344971468,"e":0,"m":[-70.2139148880857,43.596656199035486],"length_m":99.99999999991884}},{"type":"Feature","id":1960,"geometry":{"type":"LineString","coordinates":[[-70.21423478492764,43.597040075245815],[-70.21453125000058,43.59739583333334],[-70.21456563593904,43.597877236471895]]},"properties":{"n":83.33242061398504,"e":0,"m":[-70.21453359679995,43.59742868852448],"length_m":99.99999999986048}},{"type":"Feature","id":1961,"geometry":{"type":"LineString","coordinates":[[-70.21456563593904,43.597877236471895],[-70.2145833333339,43.598125],[-70.21411669487853,43.59867913316576]]},"properties":{"n":121.54444547961502,"e":0,"m":[-70.21443904092513,43.59829634723542],"length_m":100.00000000017367}},{"type":"Feature","id":1962,"geometry":{"type":"LineString","coordinates":[[-70.21411669487853,43.59867913316576],[-70.21347200278534,43.599444705026436]]},"properties":{"n":121.54444547506743,"e":0,"m":[-70.21379434883194,43.599061919096094],"length_m":99.99999999949398}},{"type":"Feature","id":1963,"geometry":{"type":"LineString","coordinates":[[-70.21347200278534,43.599444705026436],[-70.21308003322233,43.5999101688825]]},"properties":{"n":121.5444454817637,"e":0,"m":[-70.21327601800382,43.59967743695447],"length_m":60.79949903753734}},{"type":"Feature","id":1964,"geometry":{"type":"LineString","coordinates":[[-70.20022266888309,43.5999101688825],[-70.20012323043012,43.59981073042954]]},"properties":{"n":233.90912484194712,"e":0,"m":[-70.2001729496566,43.59986044965601],"length_m":13.69844296875516}}]}